# Blender v2.92.0 OBJ File: 'model.blend'
# www.blender.org
o wire
v 12.195661 19.154575 -2.438792
v 12.455919 19.154575 -2.707675
v 12.195661 19.154575 -2.960268
v 11.935403 19.154575 -2.707675
v 12.195661 20.403534 -2.100545
v 12.455932 20.538210 -2.333145
v 12.195661 20.664831 -2.551834
v 11.935390 20.538210 -2.333145
v 12.195661 21.289394 -1.214686
v 12.455932 21.521994 -1.349360
v 12.195661 21.740683 -1.475982
v 11.935390 21.521994 -1.349360
v 12.195661 21.627642 0.034274
v 12.455918 21.896524 0.034274
v 12.195661 22.149117 0.034274
v 11.935402 21.896524 0.034274
v 12.195661 21.289394 1.283233
v 12.455931 21.521996 1.417908
v 12.195661 21.740685 1.544529
v 11.935390 21.521996 1.417908
v 12.195661 20.403536 2.169093
v 12.455931 20.538210 2.401693
v 12.195661 20.664831 2.620382
v 11.935390 20.538210 2.401693
v 12.195661 19.154575 2.507340
v 12.455918 19.154575 2.776223
v 12.195661 19.154575 3.028816
v 11.935402 19.154575 2.776223
v 12.195661 17.905617 2.169094
v 12.455932 17.770941 2.401693
v 12.195661 17.644320 2.620382
v 11.935390 17.770941 2.401693
v 12.195661 17.019756 1.283234
v 12.455932 16.787157 1.417909
v 12.195661 16.568468 1.544530
v 11.935390 16.787157 1.417909
v 12.195661 16.679100 0.016148
v 12.455884 16.412630 0.036472
v 12.195661 16.162441 0.052391
v 11.935437 16.412630 0.036472
v 12.195661 17.008774 -1.200393
v 12.455899 16.788235 -1.351213
v 12.195661 16.579451 -1.490277
v 11.935423 16.788235 -1.351213
v 12.195661 17.905617 -2.100545
v 12.455932 17.770941 -2.333145
v 12.195661 17.644320 -2.551834
v 11.935390 17.770941 -2.333145
v 11.518437 19.154575 -2.438792
v 11.778695 19.154575 -2.707675
v 11.518437 19.154575 -2.960268
v 11.258179 19.154575 -2.707675
v 11.518437 20.403534 -2.100545
v 11.778708 20.538210 -2.333145
v 11.518437 20.664831 -2.551834
v 11.258166 20.538210 -2.333145
v 11.518436 21.289394 -1.214686
v 11.778708 21.521994 -1.349360
v 11.518436 21.740683 -1.475982
v 11.258166 21.521994 -1.349360
v 11.518436 21.627642 0.034274
v 11.778695 21.896524 0.034274
v 11.518436 22.149117 0.034274
v 11.258179 21.896524 0.034274
v 11.518436 21.289394 1.283233
v 11.778708 21.521996 1.417908
v 11.518436 21.740685 1.544529
v 11.258165 21.521996 1.417908
v 11.518436 20.403536 2.169093
v 11.778708 20.538210 2.401693
v 11.518436 20.664831 2.620382
v 11.258165 20.538210 2.401693
v 11.518436 19.154575 2.507340
v 11.778695 19.154575 2.776223
v 11.518436 19.154575 3.028816
v 11.258179 19.154575 2.776223
v 11.518436 17.905617 2.169094
v 11.778708 17.770941 2.401693
v 11.518436 17.644320 2.620382
v 11.258166 17.770941 2.401693
v 11.518437 17.019756 1.283234
v 11.778708 16.787157 1.417909
v 11.518436 16.568468 1.544530
v 11.258166 16.787157 1.417909
v 11.518437 16.679100 0.016148
v 11.778661 16.412630 0.036472
v 11.518437 16.162441 0.052391
v 11.258214 16.412630 0.036472
v 11.518437 17.008774 -1.200393
v 11.778675 16.788235 -1.351213
v 11.518437 16.579451 -1.490277
v 11.258199 16.788235 -1.351213
v 11.518437 17.905617 -2.100545
v 11.778708 17.770941 -2.333145
v 11.518437 17.644320 -2.551834
v 11.258166 17.770941 -2.333145
v 9.365577 19.154575 -2.438792
v 9.625835 19.154575 -2.707675
v 9.365577 19.154575 -2.960268
v 9.105319 19.154575 -2.707675
v 9.365577 20.403534 -2.100546
v 9.625848 20.538210 -2.333145
v 9.365577 20.664831 -2.551834
v 9.105307 20.538210 -2.333145
v 9.365577 21.289394 -1.214686
v 9.625848 21.521994 -1.349361
v 9.365577 21.740683 -1.475982
v 9.105306 21.521994 -1.349361
v 9.365577 21.627642 0.034274
v 9.625834 21.896524 0.034274
v 9.365577 22.149117 0.034274
v 9.105318 21.896524 0.034274
v 9.365577 21.289394 1.283233
v 9.625847 21.521994 1.417908
v 9.365577 21.740683 1.544529
v 9.105306 21.521994 1.417908
v 9.365577 20.403534 2.169093
v 9.625848 20.538210 2.401693
v 9.365577 20.664831 2.620382
v 9.105306 20.538210 2.401693
v 9.365577 19.154575 2.507340
v 9.625834 19.154575 2.776223
v 9.365576 19.154575 3.028816
v 9.105318 19.154575 2.776223
v 9.365577 17.905617 2.169093
v 9.625848 17.770941 2.401693
v 9.365577 17.644320 2.620382
v 9.105306 17.770941 2.401693
v 9.365577 17.019756 1.283234
v 9.625848 16.787155 1.417909
v 9.365577 16.568466 1.544530
v 9.105307 16.787155 1.417909
v 9.365577 16.679100 0.016148
v 9.625801 16.412630 0.036472
v 9.365577 16.162441 0.052391
v 9.105353 16.412630 0.036472
v 9.365577 17.008774 -1.200393
v 9.625815 16.788235 -1.351213
v 9.365577 16.579451 -1.490277
v 9.105339 16.788235 -1.351213
v 9.365577 17.905615 -2.100545
v 9.625848 17.770941 -2.333145
v 9.365577 17.644320 -2.551834
v 9.105307 17.770941 -2.333145
v 8.688354 19.154575 -2.438792
v 8.948611 19.154575 -2.707675
v 8.688354 19.154575 -2.960268
v 8.428095 19.154575 -2.707675
v 8.688354 20.403534 -2.100546
v 8.948624 20.538210 -2.333145
v 8.688353 20.664831 -2.551834
v 8.428082 20.538210 -2.333145
v 8.688353 21.289394 -1.214686
v 8.948624 21.521994 -1.349361
v 8.688353 21.740683 -1.475982
v 8.428082 21.521994 -1.349361
v 8.688353 21.627642 0.034274
v 8.948611 21.896524 0.034274
v 8.688353 22.149117 0.034274
v 8.428095 21.896524 0.034274
v 8.688353 21.289394 1.283233
v 8.948624 21.521994 1.417908
v 8.688353 21.740683 1.544529
v 8.428082 21.521994 1.417908
v 8.688353 20.403534 2.169093
v 8.948624 20.538210 2.401693
v 8.688353 20.664831 2.620382
v 8.428082 20.538210 2.401693
v 8.688353 19.154575 2.507340
v 8.948611 19.154575 2.776223
v 8.688353 19.154575 3.028816
v 8.428095 19.154575 2.776223
v 8.688353 17.905617 2.169093
v 8.948624 17.770941 2.401693
v 8.688353 17.644320 2.620382
v 8.428082 17.770941 2.401693
v 8.688354 17.019756 1.283234
v 8.948625 16.787155 1.417909
v 8.688354 16.568466 1.544530
v 8.428082 16.787155 1.417909
v 8.688354 16.679100 0.016148
v 8.948577 16.412630 0.036472
v 8.688354 16.162441 0.052391
v 8.428130 16.412630 0.036472
v 8.688354 17.008774 -1.200393
v 8.948591 16.788235 -1.351213
v 8.688354 16.579451 -1.490277
v 8.428115 16.788235 -1.351213
v 8.688354 17.905615 -2.100545
v 8.948624 17.770941 -2.333145
v 8.688353 17.644320 -2.551834
v 8.428082 17.770941 -2.333145
v 6.535493 19.154575 -2.438792
v 6.795751 19.154575 -2.707675
v 6.535493 19.154575 -2.960268
v 6.275235 19.154575 -2.707675
v 6.535493 20.403534 -2.100546
v 6.795764 20.538210 -2.333145
v 6.535493 20.664829 -2.551834
v 6.275222 20.538210 -2.333145
v 6.535493 21.289394 -1.214686
v 6.795764 21.521994 -1.349361
v 6.535493 21.740683 -1.475982
v 6.275222 21.521994 -1.349361
v 6.535493 21.627640 0.034274
v 6.795751 21.896524 0.034274
v 6.535493 22.149117 0.034274
v 6.275235 21.896524 0.034274
v 6.535493 21.289394 1.283233
v 6.795764 21.521994 1.417908
v 6.535493 21.740683 1.544529
v 6.275222 21.521994 1.417908
v 6.535493 20.403534 2.169093
v 6.795764 20.538210 2.401693
v 6.535493 20.664831 2.620382
v 6.275222 20.538210 2.401693
v 6.535493 19.154575 2.507340
v 6.795751 19.154575 2.776223
v 6.535493 19.154575 3.028816
v 6.275235 19.154575 2.776223
v 6.535493 17.905615 2.169093
v 6.795764 17.770941 2.401693
v 6.535493 17.644320 2.620382
v 6.275222 17.770941 2.401693
v 6.535493 17.019756 1.283234
v 6.795764 16.787155 1.417908
v 6.535493 16.568466 1.544530
v 6.275222 16.787155 1.417908
v 6.535493 16.679100 0.016148
v 6.795717 16.412630 0.036472
v 6.535493 16.162441 0.052391
v 6.275270 16.412630 0.036472
v 6.535493 17.008774 -1.200393
v 6.795731 16.788235 -1.351213
v 6.535493 16.579451 -1.490278
v 6.275255 16.788235 -1.351213
v 6.535493 17.905615 -2.100545
v 6.795764 17.770941 -2.333145
v 6.535493 17.644320 -2.551834
v 6.275222 17.770941 -2.333145
v 5.858269 19.154575 -2.438792
v 6.118528 19.154575 -2.707675
v 5.858269 19.154575 -2.960268
v 5.598011 19.154575 -2.707675
v 5.858269 20.403534 -2.100546
v 6.118541 20.538210 -2.333145
v 5.858269 20.664829 -2.551834
v 5.597999 20.538210 -2.333145
v 5.858269 21.289394 -1.214686
v 6.118541 21.521994 -1.349361
v 5.858269 21.740683 -1.475982
v 5.597999 21.521994 -1.349361
v 5.858269 21.627640 0.034274
v 6.118527 21.896524 0.034274
v 5.858269 22.149117 0.034274
v 5.598011 21.896524 0.034274
v 5.858269 21.289394 1.283233
v 6.118540 21.521994 1.417908
v 5.858269 21.740683 1.544529
v 5.597999 21.521994 1.417908
v 5.858269 20.403534 2.169093
v 6.118540 20.538210 2.401693
v 5.858269 20.664831 2.620382
v 5.597999 20.538210 2.401693
v 5.858269 19.154575 2.507340
v 6.118527 19.154575 2.776223
v 5.858269 19.154575 3.028816
v 5.598011 19.154575 2.776223
v 5.858269 17.905615 2.169093
v 6.118540 17.770941 2.401693
v 5.858269 17.644320 2.620382
v 5.597999 17.770941 2.401693
v 5.858269 17.019756 1.283234
v 6.118540 16.787155 1.417908
v 5.858269 16.568466 1.544530
v 5.597999 16.787155 1.417908
v 5.858269 16.679100 0.016148
v 6.118493 16.412630 0.036472
v 5.858269 16.162441 0.052391
v 5.598046 16.412630 0.036472
v 5.858269 17.008774 -1.200393
v 6.118507 16.788235 -1.351213
v 5.858269 16.579451 -1.490278
v 5.598031 16.788235 -1.351213
v 5.858269 17.905615 -2.100545
v 6.118541 17.770941 -2.333145
v 5.858269 17.644320 -2.551834
v 5.597999 17.770941 -2.333145
v 3.705409 19.154575 -2.438792
v 3.965668 19.154575 -2.707675
v 3.705409 19.154575 -2.960268
v 3.445151 19.154575 -2.707675
v 3.705409 20.403534 -2.100546
v 3.965680 20.538208 -2.333146
v 3.705409 20.664829 -2.551835
v 3.445139 20.538208 -2.333146
v 3.705409 21.289394 -1.214686
v 3.965680 21.521994 -1.349361
v 3.705409 21.740683 -1.475982
v 3.445139 21.521994 -1.349361
v 3.705409 21.627640 0.034274
v 3.965668 21.896523 0.034274
v 3.705409 22.149117 0.034274
v 3.445151 21.896523 0.034274
v 3.705409 21.289394 1.283233
v 3.965680 21.521994 1.417908
v 3.705409 21.740683 1.544529
v 3.445139 21.521994 1.417908
v 3.705409 20.403534 2.169093
v 3.965680 20.538210 2.401693
v 3.705409 20.664831 2.620382
v 3.445139 20.538210 2.401693
v 3.705409 19.154575 2.507339
v 3.965668 19.154575 2.776222
v 3.705409 19.154575 3.028815
v 3.445151 19.154575 2.776222
v 3.705409 17.905615 2.169093
v 3.965680 17.770941 2.401693
v 3.705409 17.644320 2.620382
v 3.445139 17.770941 2.401693
v 3.705409 17.019756 1.283233
v 3.965680 16.787155 1.417908
v 3.705409 16.568466 1.544530
v 3.445139 16.787155 1.417908
v 3.705409 16.679098 0.016148
v 3.965632 16.412630 0.036472
v 3.705409 16.162441 0.052391
v 3.445187 16.412630 0.036472
v 3.705409 17.008774 -1.200393
v 3.965648 16.788235 -1.351213
v 3.705409 16.579449 -1.490278
v 3.445171 16.788235 -1.351213
v 3.705409 17.905615 -2.100546
v 3.965680 17.770941 -2.333145
v 3.705409 17.644320 -2.551834
v 3.445139 17.770941 -2.333145
v 3.028186 19.154575 -2.438792
v 3.288445 19.154575 -2.707675
v 3.028186 19.154575 -2.960268
v 2.767927 19.154575 -2.707675
v 3.028186 20.403534 -2.100546
v 3.288457 20.538210 -2.333146
v 3.028186 20.664829 -2.551835
v 2.767915 20.538208 -2.333146
v 3.028186 21.289394 -1.214686
v 3.288457 21.521994 -1.349361
v 3.028186 21.740683 -1.475982
v 2.767915 21.521994 -1.349361
v 3.028186 21.627640 0.034274
v 3.288444 21.896523 0.034274
v 3.028186 22.149117 0.034274
v 2.767927 21.896523 0.034274
v 3.028186 21.289394 1.283233
v 3.288456 21.521994 1.417908
v 3.028186 21.740683 1.544529
v 2.767915 21.521994 1.417908
v 3.028186 20.403534 2.169093
v 3.288456 20.538210 2.401693
v 3.028186 20.664831 2.620382
v 2.767915 20.538210 2.401693
v 3.028186 19.154575 2.507339
v 3.288444 19.154575 2.776222
v 3.028186 19.154575 3.028815
v 2.767927 19.154575 2.776222
v 3.028186 17.905615 2.169093
v 3.288456 17.770941 2.401693
v 3.028186 17.644320 2.620382
v 2.767915 17.770941 2.401693
v 3.028186 17.019756 1.283233
v 3.288456 16.787155 1.417908
v 3.028186 16.568466 1.544530
v 2.767915 16.787155 1.417908
v 3.028186 16.679098 0.016148
v 3.288408 16.412630 0.036472
v 3.028186 16.162441 0.052391
v 2.767962 16.412630 0.036472
v 3.028186 17.008774 -1.200393
v 3.288424 16.788235 -1.351213
v 3.028186 16.579449 -1.490278
v 2.767947 16.788235 -1.351213
v 3.028186 17.905615 -2.100546
v 3.288457 17.770941 -2.333145
v 3.028186 17.644320 -2.551834
v 2.767915 17.770941 -2.333145
v 0.875325 19.154575 -2.438792
v 1.135584 19.154575 -2.707675
v 0.875325 19.154575 -2.960268
v 0.615067 19.154575 -2.707675
v 0.875325 20.403534 -2.100546
v 1.135597 20.538208 -2.333146
v 0.875325 20.664829 -2.551835
v 0.615054 20.538208 -2.333146
v 0.875325 21.289394 -1.214686
v 1.135597 21.521994 -1.349361
v 0.875325 21.740683 -1.475982
v 0.615054 21.521994 -1.349361
v 0.875325 21.627640 0.034274
v 1.135584 21.896523 0.034274
v 0.875325 22.149117 0.034274
v 0.615067 21.896523 0.034274
v 0.875325 21.289394 1.283233
v 1.135597 21.521994 1.417908
v 0.875325 21.740683 1.544529
v 0.615054 21.521994 1.417908
v 0.875325 20.403534 2.169093
v 1.135597 20.538210 2.401693
v 0.875325 20.664831 2.620382
v 0.615054 20.538210 2.401693
v 0.875325 19.154575 2.507339
v 1.135584 19.154575 2.776222
v 0.875325 19.154575 3.028815
v 0.615067 19.154575 2.776222
v 0.875325 17.905615 2.169093
v 1.135597 17.770941 2.401693
v 0.875325 17.644320 2.620382
v 0.615054 17.770941 2.401693
v 0.875325 17.019754 1.283233
v 1.135597 16.787155 1.417908
v 0.875325 16.568466 1.544529
v 0.615054 16.787155 1.417908
v 0.875325 16.679098 0.016148
v 1.135550 16.412630 0.036472
v 0.875325 16.162439 0.052391
v 0.615101 16.412630 0.036472
v 0.875325 17.008774 -1.200394
v 1.135565 16.788235 -1.351213
v 0.875325 16.579449 -1.490278
v 0.615087 16.788235 -1.351213
v 0.875325 17.905615 -2.100546
v 1.135597 17.770941 -2.333145
v 0.875325 17.644320 -2.551834
v 0.615054 17.770941 -2.333145
v 0.198102 19.154575 -2.438792
v 0.458360 19.154575 -2.707675
v 0.198102 19.154575 -2.960268
v -0.062157 19.154575 -2.707675
v 0.198102 20.403534 -2.100546
v 0.458373 20.538208 -2.333146
v 0.198102 20.664829 -2.551835
v -0.062169 20.538208 -2.333146
v 0.198102 21.289394 -1.214686
v 0.458373 21.521994 -1.349361
v 0.198102 21.740683 -1.475982
v -0.062169 21.521994 -1.349361
v 0.198102 21.627640 0.034274
v 0.458360 21.896523 0.034274
v 0.198102 22.149117 0.034274
v -0.062157 21.896523 0.034274
v 0.198102 21.289394 1.283233
v 0.458373 21.521994 1.417908
v 0.198102 21.740683 1.544529
v -0.062169 21.521994 1.417908
v 0.198102 20.403534 2.169093
v 0.458373 20.538210 2.401693
v 0.198102 20.664829 2.620382
v -0.062169 20.538210 2.401693
v 0.198102 19.154573 2.507339
v 0.458360 19.154575 2.776222
v 0.198102 19.154575 3.028815
v -0.062157 19.154575 2.776222
v 0.198102 17.905615 2.169093
v 0.458373 17.770941 2.401693
v 0.198102 17.644320 2.620382
v -0.062169 17.770941 2.401693
v 0.198102 17.019754 1.283233
v 0.458373 16.787155 1.417908
v 0.198102 16.568466 1.544529
v -0.062169 16.787155 1.417908
v 0.198102 16.679098 0.016148
v 0.458326 16.412630 0.036472
v 0.198102 16.162439 0.052391
v -0.062122 16.412630 0.036472
v 0.198102 17.008774 -1.200394
v 0.458341 16.788235 -1.351213
v 0.198102 16.579449 -1.490278
v -0.062137 16.788235 -1.351213
v 0.198102 17.905615 -2.100546
v 0.458373 17.770941 -2.333145
v 0.198102 17.644318 -2.551834
v -0.062169 17.770939 -2.333145
v -1.954758 19.154573 -2.438792
v -1.694500 19.154573 -2.707675
v -1.954758 19.154573 -2.960268
v -2.215016 19.154573 -2.707675
v -1.954758 20.403534 -2.100546
v -1.694487 20.538208 -2.333146
v -1.954758 20.664829 -2.551835
v -2.215030 20.538208 -2.333146
v -1.954758 21.289394 -1.214686
v -1.694487 21.521994 -1.349361
v -1.954758 21.740683 -1.475982
v -2.215030 21.521994 -1.349361
v -1.954758 21.627640 0.034274
v -1.694500 21.896523 0.034274
v -1.954758 22.149117 0.034273
v -2.215016 21.896523 0.034273
v -1.954758 21.289394 1.283233
v -1.694487 21.521994 1.417908
v -1.954758 21.740683 1.544529
v -2.215030 21.521994 1.417908
v -1.954758 20.403534 2.169093
v -1.694487 20.538208 2.401692
v -1.954758 20.664829 2.620381
v -2.215030 20.538208 2.401692
v -1.954758 19.154573 2.507339
v -1.694500 19.154573 2.776222
v -1.954758 19.154573 3.028815
v -2.215016 19.154573 2.776222
v -1.954758 17.905615 2.169093
v -1.694487 17.770939 2.401693
v -1.954758 17.644320 2.620382
v -2.215030 17.770939 2.401693
v -1.954758 17.019754 1.283233
v -1.694487 16.787155 1.417908
v -1.954758 16.568466 1.544529
v -2.215030 16.787155 1.417908
v -1.954758 16.679098 0.016148
v -1.694533 16.412630 0.036472
v -1.954758 16.162439 0.052390
v -2.214983 16.412630 0.036472
v -1.954758 17.008774 -1.200394
v -1.694519 16.788235 -1.351214
v -1.954758 16.579449 -1.490278
v -2.214997 16.788233 -1.351214
v -1.954758 17.905615 -2.100546
v -1.694487 17.770939 -2.333146
v -1.954758 17.644318 -2.551835
v -2.215030 17.770939 -2.333146
v -2.631982 19.154573 -2.438792
v -2.371723 19.154573 -2.707675
v -2.631982 19.154573 -2.960268
v -2.892241 19.154573 -2.707675
v -2.631982 20.403534 -2.100546
v -2.371711 20.538208 -2.333146
v -2.631982 20.664829 -2.551835
v -2.892253 20.538208 -2.333146
v -2.631982 21.289394 -1.214686
v -2.371711 21.521994 -1.349361
v -2.631982 21.740683 -1.475982
v -2.892253 21.521994 -1.349361
v -2.631982 21.627640 0.034273
v -2.371723 21.896523 0.034273
v -2.631982 22.149117 0.034273
v -2.892241 21.896523 0.034273
v -2.631982 21.289394 1.283233
v -2.371711 21.521994 1.417908
v -2.631982 21.740683 1.544529
v -2.892253 21.521994 1.417908
v -2.631982 20.403534 2.169093
v -2.371711 20.538208 2.401692
v -2.631982 20.664829 2.620381
v -2.892253 20.538208 2.401692
v -2.631982 19.154573 2.507339
v -2.371723 19.154573 2.776222
v -2.631982 19.154573 3.028815
v -2.892241 19.154573 2.776222
v -2.631982 17.905615 2.169093
v -2.371711 17.770939 2.401693
v -2.631982 17.644320 2.620382
v -2.892253 17.770939 2.401693
v -2.631982 17.019754 1.283233
v -2.371711 16.787155 1.417908
v -2.631982 16.568466 1.544529
v -2.892253 16.787155 1.417908
v -2.631982 16.679098 0.016148
v -2.371758 16.412630 0.036472
v -2.631982 16.162439 0.052390
v -2.892206 16.412630 0.036472
v -2.631982 17.008774 -1.200394
v -2.371743 16.788233 -1.351214
v -2.631982 16.579449 -1.490278
v -2.892220 16.788233 -1.351214
v -2.631982 17.905615 -2.100546
v -2.371711 17.770939 -2.333146
v -2.631982 17.644318 -2.551835
v -2.892253 17.770939 -2.333146
v -4.784842 19.154573 -2.438792
v -4.524583 19.154573 -2.707675
v -4.784842 19.154573 -2.960268
v -5.045100 19.154573 -2.707675
v -4.784842 20.403534 -2.100546
v -4.524571 20.538208 -2.333146
v -4.784842 20.664829 -2.551835
v -5.045114 20.538208 -2.333146
v -4.784842 21.289394 -1.214686
v -4.524571 21.521994 -1.349361
v -4.784842 21.740683 -1.475982
v -5.045114 21.521994 -1.349361
v -4.784842 21.627640 0.034273
v -4.524583 21.896523 0.034273
v -4.784842 22.149117 0.034273
v -5.045100 21.896523 0.034273
v -4.784842 21.289394 1.283233
v -4.524571 21.521994 1.417908
v -4.784842 21.740683 1.544529
v -5.045114 21.521994 1.417908
v -4.784842 20.403534 2.169093
v -4.524571 20.538208 2.401692
v -4.784842 20.664829 2.620381
v -5.045114 20.538208 2.401692
v -4.784842 19.154573 2.507339
v -4.524583 19.154573 2.776222
v -4.784842 19.154573 3.028815
v -5.045100 19.154573 2.776222
v -4.784842 17.905615 2.169093
v -4.524571 17.770939 2.401693
v -4.784842 17.644320 2.620382
v -5.045114 17.770939 2.401693
v -4.784842 17.019754 1.283233
v -4.524571 16.787155 1.417908
v -4.784842 16.568466 1.544529
v -5.045114 16.787155 1.417908
v -4.784842 16.679098 0.016148
v -4.524617 16.412630 0.036472
v -4.784842 16.162439 0.052390
v -5.045066 16.412630 0.036472
v -4.784842 17.008774 -1.200394
v -4.524604 16.788233 -1.351214
v -4.784842 16.579449 -1.490278
v -5.045081 16.788233 -1.351214
v -4.784842 17.905615 -2.100546
v -4.524571 17.770939 -2.333146
v -4.784842 17.644318 -2.551835
v -5.045114 17.770939 -2.333146
v -5.462066 19.154573 -2.438792
v -5.201808 19.154573 -2.707675
v -5.462066 19.154573 -2.960268
v -5.722323 19.154573 -2.707675
v -5.462066 20.403534 -2.100546
v -5.201795 20.538208 -2.333146
v -5.462066 20.664829 -2.551835
v -5.722337 20.538208 -2.333146
v -5.462066 21.289392 -1.214686
v -5.201795 21.521994 -1.349361
v -5.462066 21.740683 -1.475982
v -5.722337 21.521994 -1.349361
v -5.462066 21.627640 0.034273
v -5.201808 21.896523 0.034273
v -5.462066 22.149117 0.034273
v -5.722323 21.896523 0.034273
v -5.462066 21.289394 1.283233
v -5.201795 21.521994 1.417908
v -5.462066 21.740683 1.544529
v -5.722337 21.521994 1.417908
v -5.462066 20.403534 2.169093
v -5.201795 20.538208 2.401692
v -5.462066 20.664829 2.620381
v -5.722337 20.538208 2.401692
v -5.462066 19.154573 2.507339
v -5.201808 19.154573 2.776222
v -5.462066 19.154573 3.028815
v -5.722323 19.154573 2.776222
v -5.462066 17.905615 2.169093
v -5.201795 17.770939 2.401693
v -5.462066 17.644320 2.620382
v -5.722337 17.770939 2.401693
v -5.462066 17.019754 1.283233
v -5.201795 16.787155 1.417908
v -5.462066 16.568466 1.544529
v -5.722337 16.787155 1.417908
v -5.462066 16.679098 0.016148
v -5.201840 16.412628 0.036472
v -5.462066 16.162439 0.052390
v -5.722291 16.412628 0.036472
v -5.462066 17.008774 -1.200394
v -5.201827 16.788233 -1.351214
v -5.462066 16.579449 -1.490278
v -5.722304 16.788233 -1.351214
v -5.462066 17.905615 -2.100546
v -5.201795 17.770939 -2.333146
v -5.462066 17.644318 -2.551835
v -5.722337 17.770939 -2.333146
v -7.614926 19.154573 -2.438793
v -7.354667 19.154573 -2.707676
v -7.614926 19.154573 -2.960268
v -7.875184 19.154573 -2.707676
v -7.614926 20.403534 -2.100546
v -7.354653 20.538208 -2.333146
v -7.614926 20.664829 -2.551835
v -7.875197 20.538208 -2.333146
v -7.614926 21.289392 -1.214686
v -7.354653 21.521994 -1.349361
v -7.614926 21.740683 -1.475983
v -7.875197 21.521994 -1.349361
v -7.614926 21.627640 0.034273
v -7.354667 21.896523 0.034273
v -7.614926 22.149117 0.034273
v -7.875184 21.896523 0.034273
v -7.614926 21.289394 1.283233
v -7.354653 21.521994 1.417908
v -7.614926 21.740683 1.544529
v -7.875197 21.521994 1.417908
v -7.614926 20.403534 2.169092
v -7.354653 20.538208 2.401692
v -7.614926 20.664829 2.620381
v -7.875197 20.538208 2.401692
v -7.614926 19.154573 2.507339
v -7.354667 19.154573 2.776222
v -7.614926 19.154573 3.028815
v -7.875184 19.154573 2.776222
v -7.614926 17.905615 2.169093
v -7.354653 17.770939 2.401692
v -7.614926 17.644318 2.620381
v -7.875197 17.770939 2.401692
v -7.614926 17.019754 1.283233
v -7.354653 16.787155 1.417908
v -7.614926 16.568466 1.544529
v -7.875197 16.787155 1.417908
v -7.614926 16.679098 0.016148
v -7.354701 16.412628 0.036472
v -7.614926 16.162439 0.052390
v -7.875150 16.412628 0.036471
v -7.614926 17.008774 -1.200394
v -7.354688 16.788233 -1.351214
v -7.614926 16.579449 -1.490278
v -7.875165 16.788233 -1.351214
v -7.614926 17.905615 -2.100546
v -7.354653 17.770939 -2.333146
v -7.614926 17.644318 -2.551835
v -7.875197 17.770939 -2.333146
v -8.292150 19.154573 -2.438793
v -8.031892 19.154573 -2.707676
v -8.292150 19.154573 -2.960268
v -8.552407 19.154573 -2.707676
v -8.292150 20.403534 -2.100546
v -8.031878 20.538208 -2.333146
v -8.292150 20.664829 -2.551835
v -8.552421 20.538208 -2.333146
v -8.292150 21.289392 -1.214687
v -8.031878 21.521994 -1.349361
v -8.292150 21.740683 -1.475983
v -8.552421 21.521992 -1.349362
v -8.292150 21.627640 0.034273
v -8.031892 21.896523 0.034273
v -8.292150 22.149117 0.034273
v -8.552407 21.896523 0.034273
v -8.292150 21.289394 1.283232
v -8.031878 21.521994 1.417908
v -8.292150 21.740683 1.544528
v -8.552421 21.521994 1.417908
v -8.292150 20.403534 2.169092
v -8.031878 20.538208 2.401692
v -8.292150 20.664829 2.620381
v -8.552421 20.538208 2.401692
v -8.292150 19.154573 2.507339
v -8.031892 19.154573 2.776222
v -8.292150 19.154573 3.028815
v -8.552407 19.154573 2.776222
v -8.292150 17.905615 2.169093
v -8.031878 17.770939 2.401692
v -8.292150 17.644318 2.620381
v -8.552421 17.770939 2.401692
v -8.292150 17.019754 1.283233
v -8.031878 16.787155 1.417908
v -8.292150 16.568466 1.544529
v -8.552421 16.787155 1.417908
v -8.292150 16.679098 0.016148
v -8.031924 16.412628 0.036471
v -8.292150 16.162439 0.052390
v -8.552373 16.412628 0.036471
v -8.292150 17.008774 -1.200394
v -8.031911 16.788233 -1.351214
v -8.292150 16.579449 -1.490278
v -8.552388 16.788233 -1.351214
v -8.292150 17.905615 -2.100546
v -8.031878 17.770939 -2.333146
v -8.292150 17.644318 -2.551835
v -8.552421 17.770939 -2.333146
v -10.445010 19.154573 -2.438793
v -10.184752 19.154573 -2.707676
v -10.445010 19.154573 -2.960268
v -10.705266 19.154573 -2.707676
v -10.445010 20.403534 -2.100546
v -10.184739 20.538208 -2.333146
v -10.445010 20.664829 -2.551835
v -10.705279 20.538208 -2.333146
v -10.445010 21.289392 -1.214687
v -10.184739 21.521992 -1.349361
v -10.445010 21.740681 -1.475983
v -10.705279 21.521992 -1.349361
v -10.445010 21.627640 0.034273
v -10.184752 21.896523 0.034273
v -10.445010 22.149115 0.034273
v -10.705266 21.896523 0.034273
v -10.445010 21.289392 1.283232
v -10.184739 21.521994 1.417907
v -10.445010 21.740683 1.544528
v -10.705279 21.521994 1.417907
v -10.445010 20.403534 2.169092
v -10.184739 20.538208 2.401692
v -10.445010 20.664829 2.620381
v -10.705279 20.538208 2.401692
v -10.445010 19.154573 2.507339
v -10.184752 19.154573 2.776222
v -10.445010 19.154573 3.028815
v -10.705266 19.154573 2.776222
v -10.445010 17.905615 2.169093
v -10.184739 17.770939 2.401692
v -10.445010 17.644318 2.620381
v -10.705279 17.770939 2.401692
v -10.445010 17.019754 1.283233
v -10.184739 16.787155 1.417908
v -10.445010 16.568466 1.544529
v -10.705279 16.787155 1.417908
v -10.445010 16.679098 0.016147
v -10.184787 16.412628 0.036471
v -10.445010 16.162439 0.052390
v -10.705232 16.412628 0.036471
v -10.445010 17.008774 -1.200394
v -10.184773 16.788233 -1.351214
v -10.445010 16.579449 -1.490278
v -10.705245 16.788233 -1.351214
v -10.445010 17.905615 -2.100546
v -10.184739 17.770939 -2.333146
v -10.445010 17.644318 -2.551835
v -10.705279 17.770939 -2.333146
v -11.122231 19.154573 -2.438793
v -10.861976 19.154573 -2.707676
v -11.122231 19.154573 -2.960268
v -11.382491 19.154573 -2.707676
v -11.122231 20.403532 -2.100546
v -10.861962 20.538208 -2.333146
v -11.122231 20.664829 -2.551835
v -11.382504 20.538208 -2.333146
v -11.122231 21.289392 -1.214687
v -10.861962 21.521992 -1.349361
v -11.122231 21.740681 -1.475983
v -11.382504 21.521992 -1.349362
v -11.122231 21.627640 0.034273
v -10.861976 21.896523 0.034273
v -11.122231 22.149115 0.034273
v -11.382491 21.896523 0.034273
v -11.122231 21.289392 1.283232
v -10.861962 21.521994 1.417908
v -11.122231 21.740683 1.544528
v -11.382504 21.521994 1.417907
v -11.122231 20.403534 2.169092
v -10.861962 20.538208 2.401692
v -11.122235 20.664829 2.620381
v -11.382504 20.538208 2.401692
v -11.122231 19.154573 2.507339
v -10.861976 19.154573 2.776222
v -11.122235 19.154573 3.028815
v -11.382491 19.154573 2.776222
v -11.122231 17.905615 2.169093
v -10.861962 17.770939 2.401693
v -11.122235 17.644318 2.620381
v -11.382504 17.770939 2.401692
v -11.122231 17.019754 1.283233
v -10.861962 16.787155 1.417908
v -11.122235 16.568466 1.544529
v -11.382504 16.787155 1.417908
v -11.122231 16.679098 0.016147
v -10.862008 16.412628 0.036471
v -11.122231 16.162439 0.052390
v -11.382457 16.412628 0.036471
v -11.122231 17.008774 -1.200394
v -10.861997 16.788233 -1.351214
v -11.122231 16.579449 -1.490278
v -11.382470 16.788233 -1.351214
v -11.122231 17.905615 -2.100546
v -10.861962 17.770939 -2.333146
v -11.122231 17.644318 -2.551835
v -11.382504 17.770939 -2.333146
vt 0.000000 1.000000
vt 0.083333 1.000000
vt 0.083333 0.750000
vt 0.000000 0.750000
vt 0.000000 0.250000
vt 0.083333 0.250000
vt 0.083333 0.000000
vt 0.000000 0.000000
vt 0.000000 0.500000
vt 0.083333 0.500000
vt 0.166667 1.000000
vt 0.166667 0.750000
vt 0.166667 0.250000
vt 0.166667 0.000000
vt 0.166667 0.500000
vt 0.250000 1.000000
vt 0.333333 1.000000
vt 0.333333 0.750000
vt 0.250000 0.750000
vt 0.250000 0.250000
vt 0.333333 0.250000
vt 0.333333 0.000000
vt 0.250000 0.000000
vt 0.250000 0.500000
vt 0.333333 0.500000
vt 0.416667 1.000000
vt 0.416667 0.750000
vt 0.416667 0.250000
vt 0.416667 0.000000
vt 0.416667 0.500000
vt 0.500000 1.000000
vt 0.500000 0.750000
vt 0.500000 0.250000
vt 0.500000 0.000000
vt 0.500000 0.500000
vt 0.583333 1.000000
vt 0.583333 0.750000
vt 0.583333 0.250000
vt 0.583333 0.000000
vt 0.583333 0.500000
vt 0.666667 1.000000
vt 0.666667 0.750000
vt 0.666667 0.250000
vt 0.666667 0.000000
vt 0.666667 0.500000
vt 0.750000 1.000000
vt 0.750000 0.750000
vt 0.750000 0.250000
vt 0.750000 0.000000
vt 0.750000 0.500000
vt 0.833333 1.000000
vt 0.916667 1.000000
vt 0.916667 0.750000
vt 0.833333 0.750000
vt 0.833333 0.250000
vt 0.916667 0.250000
vt 0.916667 0.000000
vt 0.833333 0.000000
vt 0.833333 0.500000
vt 0.916667 0.500000
vt 1.000000 1.000000
vt 1.000000 0.750000
vt 1.000000 0.250000
vt 1.000000 0.000000
vt 1.000000 0.500000
vt 0.000000 1.000000
vt 0.083333 1.000000
vt 0.083333 0.750000
vt 0.000000 0.750000
vt 0.000000 0.250000
vt 0.083333 0.250000
vt 0.083333 0.000000
vt 0.000000 0.000000
vt 0.000000 0.500000
vt 0.083333 0.500000
vt 0.166667 1.000000
vt 0.166667 0.750000
vt 0.166667 0.250000
vt 0.166667 0.000000
vt 0.166667 0.500000
vt 0.250000 1.000000
vt 0.333333 1.000000
vt 0.333333 0.750000
vt 0.250000 0.750000
vt 0.250000 0.250000
vt 0.333333 0.250000
vt 0.333333 0.000000
vt 0.250000 0.000000
vt 0.250000 0.500000
vt 0.333333 0.500000
vt 0.416667 1.000000
vt 0.416667 0.750000
vt 0.416667 0.250000
vt 0.416667 0.000000
vt 0.416667 0.500000
vt 0.500000 1.000000
vt 0.500000 0.750000
vt 0.500000 0.250000
vt 0.500000 0.000000
vt 0.500000 0.500000
vt 0.583333 1.000000
vt 0.583333 0.750000
vt 0.583333 0.250000
vt 0.583333 0.000000
vt 0.583333 0.500000
vt 0.666667 1.000000
vt 0.666667 0.750000
vt 0.666667 0.250000
vt 0.666667 0.000000
vt 0.666667 0.500000
vt 0.750000 1.000000
vt 0.750000 0.750000
vt 0.750000 0.250000
vt 0.750000 0.000000
vt 0.750000 0.500000
vt 0.833333 1.000000
vt 0.916667 1.000000
vt 0.916667 0.750000
vt 0.833333 0.750000
vt 0.833333 0.250000
vt 0.916667 0.250000
vt 0.916667 0.000000
vt 0.833333 0.000000
vt 0.833333 0.500000
vt 0.916667 0.500000
vt 1.000000 1.000000
vt 1.000000 0.750000
vt 1.000000 0.250000
vt 1.000000 0.000000
vt 1.000000 0.500000
vt 0.000000 1.000000
vt 0.083333 1.000000
vt 0.083333 0.750000
vt 0.000000 0.750000
vt 0.000000 0.250000
vt 0.083333 0.250000
vt 0.083333 0.000000
vt 0.000000 0.000000
vt 0.000000 0.500000
vt 0.083333 0.500000
vt 0.166667 1.000000
vt 0.166667 0.750000
vt 0.166667 0.250000
vt 0.166667 0.000000
vt 0.166667 0.500000
vt 0.250000 1.000000
vt 0.333333 1.000000
vt 0.333333 0.750000
vt 0.250000 0.750000
vt 0.250000 0.250000
vt 0.333333 0.250000
vt 0.333333 0.000000
vt 0.250000 0.000000
vt 0.250000 0.500000
vt 0.333333 0.500000
vt 0.416667 1.000000
vt 0.416667 0.750000
vt 0.416667 0.250000
vt 0.416667 0.000000
vt 0.416667 0.500000
vt 0.500000 1.000000
vt 0.500000 0.750000
vt 0.500000 0.250000
vt 0.500000 0.000000
vt 0.500000 0.500000
vt 0.583333 1.000000
vt 0.583333 0.750000
vt 0.583333 0.250000
vt 0.583333 0.000000
vt 0.583333 0.500000
vt 0.666667 1.000000
vt 0.666667 0.750000
vt 0.666667 0.250000
vt 0.666667 0.000000
vt 0.666667 0.500000
vt 0.750000 1.000000
vt 0.750000 0.750000
vt 0.750000 0.250000
vt 0.750000 0.000000
vt 0.750000 0.500000
vt 0.833333 1.000000
vt 0.916667 1.000000
vt 0.916667 0.750000
vt 0.833333 0.750000
vt 0.833333 0.250000
vt 0.916667 0.250000
vt 0.916667 0.000000
vt 0.833333 0.000000
vt 0.833333 0.500000
vt 0.916667 0.500000
vt 1.000000 1.000000
vt 1.000000 0.750000
vt 1.000000 0.250000
vt 1.000000 0.000000
vt 1.000000 0.500000
vt 0.000000 1.000000
vt 0.083333 1.000000
vt 0.083333 0.750000
vt 0.000000 0.750000
vt 0.000000 0.250000
vt 0.083333 0.250000
vt 0.083333 0.000000
vt 0.000000 0.000000
vt 0.000000 0.500000
vt 0.083333 0.500000
vt 0.166667 1.000000
vt 0.166667 0.750000
vt 0.166667 0.250000
vt 0.166667 0.000000
vt 0.166667 0.500000
vt 0.250000 1.000000
vt 0.333333 1.000000
vt 0.333333 0.750000
vt 0.250000 0.750000
vt 0.250000 0.250000
vt 0.333333 0.250000
vt 0.333333 0.000000
vt 0.250000 0.000000
vt 0.250000 0.500000
vt 0.333333 0.500000
vt 0.416667 1.000000
vt 0.416667 0.750000
vt 0.416667 0.250000
vt 0.416667 0.000000
vt 0.416667 0.500000
vt 0.500000 1.000000
vt 0.500000 0.750000
vt 0.500000 0.250000
vt 0.500000 0.000000
vt 0.500000 0.500000
vt 0.583333 1.000000
vt 0.583333 0.750000
vt 0.583333 0.250000
vt 0.583333 0.000000
vt 0.583333 0.500000
vt 0.666667 1.000000
vt 0.666667 0.750000
vt 0.666667 0.250000
vt 0.666667 0.000000
vt 0.666667 0.500000
vt 0.750000 1.000000
vt 0.750000 0.750000
vt 0.750000 0.250000
vt 0.750000 0.000000
vt 0.750000 0.500000
vt 0.833333 1.000000
vt 0.916667 1.000000
vt 0.916667 0.750000
vt 0.833333 0.750000
vt 0.833333 0.250000
vt 0.916667 0.250000
vt 0.916667 0.000000
vt 0.833333 0.000000
vt 0.833333 0.500000
vt 0.916667 0.500000
vt 1.000000 1.000000
vt 1.000000 0.750000
vt 1.000000 0.250000
vt 1.000000 0.000000
vt 1.000000 0.500000
vt 0.000000 1.000000
vt 0.083333 1.000000
vt 0.083333 0.750000
vt 0.000000 0.750000
vt 0.000000 0.250000
vt 0.083333 0.250000
vt 0.083333 0.000000
vt 0.000000 0.000000
vt 0.000000 0.500000
vt 0.083333 0.500000
vt 0.166667 1.000000
vt 0.166667 0.750000
vt 0.166667 0.250000
vt 0.166667 0.000000
vt 0.166667 0.500000
vt 0.250000 1.000000
vt 0.333333 1.000000
vt 0.333333 0.750000
vt 0.250000 0.750000
vt 0.250000 0.250000
vt 0.333333 0.250000
vt 0.333333 0.000000
vt 0.250000 0.000000
vt 0.250000 0.500000
vt 0.333333 0.500000
vt 0.416667 1.000000
vt 0.416667 0.750000
vt 0.416667 0.250000
vt 0.416667 0.000000
vt 0.416667 0.500000
vt 0.500000 1.000000
vt 0.500000 0.750000
vt 0.500000 0.250000
vt 0.500000 0.000000
vt 0.500000 0.500000
vt 0.583333 1.000000
vt 0.583333 0.750000
vt 0.583333 0.250000
vt 0.583333 0.000000
vt 0.583333 0.500000
vt 0.666667 1.000000
vt 0.666667 0.750000
vt 0.666667 0.250000
vt 0.666667 0.000000
vt 0.666667 0.500000
vt 0.750000 1.000000
vt 0.750000 0.750000
vt 0.750000 0.250000
vt 0.750000 0.000000
vt 0.750000 0.500000
vt 0.833333 1.000000
vt 0.916667 1.000000
vt 0.916667 0.750000
vt 0.833333 0.750000
vt 0.833333 0.250000
vt 0.916667 0.250000
vt 0.916667 0.000000
vt 0.833333 0.000000
vt 0.833333 0.500000
vt 0.916667 0.500000
vt 1.000000 1.000000
vt 1.000000 0.750000
vt 1.000000 0.250000
vt 1.000000 0.000000
vt 1.000000 0.500000
vt 0.000000 1.000000
vt 0.083333 1.000000
vt 0.083333 0.750000
vt 0.000000 0.750000
vt 0.000000 0.250000
vt 0.083333 0.250000
vt 0.083333 0.000000
vt 0.000000 0.000000
vt 0.000000 0.500000
vt 0.083333 0.500000
vt 0.166667 1.000000
vt 0.166667 0.750000
vt 0.166667 0.250000
vt 0.166667 0.000000
vt 0.166667 0.500000
vt 0.250000 1.000000
vt 0.333333 1.000000
vt 0.333333 0.750000
vt 0.250000 0.750000
vt 0.250000 0.250000
vt 0.333333 0.250000
vt 0.333333 0.000000
vt 0.250000 0.000000
vt 0.250000 0.500000
vt 0.333333 0.500000
vt 0.416667 1.000000
vt 0.416667 0.750000
vt 0.416667 0.250000
vt 0.416667 0.000000
vt 0.416667 0.500000
vt 0.500000 1.000000
vt 0.500000 0.750000
vt 0.500000 0.250000
vt 0.500000 0.000000
vt 0.500000 0.500000
vt 0.583333 1.000000
vt 0.583333 0.750000
vt 0.583333 0.250000
vt 0.583333 0.000000
vt 0.583333 0.500000
vt 0.666667 1.000000
vt 0.666667 0.750000
vt 0.666667 0.250000
vt 0.666667 0.000000
vt 0.666667 0.500000
vt 0.750000 1.000000
vt 0.750000 0.750000
vt 0.750000 0.250000
vt 0.750000 0.000000
vt 0.750000 0.500000
vt 0.833333 1.000000
vt 0.916667 1.000000
vt 0.916667 0.750000
vt 0.833333 0.750000
vt 0.833333 0.250000
vt 0.916667 0.250000
vt 0.916667 0.000000
vt 0.833333 0.000000
vt 0.833333 0.500000
vt 0.916667 0.500000
vt 1.000000 1.000000
vt 1.000000 0.750000
vt 1.000000 0.250000
vt 1.000000 0.000000
vt 1.000000 0.500000
vt 0.000000 1.000000
vt 0.083333 1.000000
vt 0.083333 0.750000
vt 0.000000 0.750000
vt 0.000000 0.250000
vt 0.083333 0.250000
vt 0.083333 0.000000
vt 0.000000 0.000000
vt 0.000000 0.500000
vt 0.083333 0.500000
vt 0.166667 1.000000
vt 0.166667 0.750000
vt 0.166667 0.250000
vt 0.166667 0.000000
vt 0.166667 0.500000
vt 0.250000 1.000000
vt 0.333333 1.000000
vt 0.333333 0.750000
vt 0.250000 0.750000
vt 0.250000 0.250000
vt 0.333333 0.250000
vt 0.333333 0.000000
vt 0.250000 0.000000
vt 0.250000 0.500000
vt 0.333333 0.500000
vt 0.416667 1.000000
vt 0.416667 0.750000
vt 0.416667 0.250000
vt 0.416667 0.000000
vt 0.416667 0.500000
vt 0.500000 1.000000
vt 0.500000 0.750000
vt 0.500000 0.250000
vt 0.500000 0.000000
vt 0.500000 0.500000
vt 0.583333 1.000000
vt 0.583333 0.750000
vt 0.583333 0.250000
vt 0.583333 0.000000
vt 0.583333 0.500000
vt 0.666667 1.000000
vt 0.666667 0.750000
vt 0.666667 0.250000
vt 0.666667 0.000000
vt 0.666667 0.500000
vt 0.750000 1.000000
vt 0.750000 0.750000
vt 0.750000 0.250000
vt 0.750000 0.000000
vt 0.750000 0.500000
vt 0.833333 1.000000
vt 0.916667 1.000000
vt 0.916667 0.750000
vt 0.833333 0.750000
vt 0.833333 0.250000
vt 0.916667 0.250000
vt 0.916667 0.000000
vt 0.833333 0.000000
vt 0.833333 0.500000
vt 0.916667 0.500000
vt 1.000000 1.000000
vt 1.000000 0.750000
vt 1.000000 0.250000
vt 1.000000 0.000000
vt 1.000000 0.500000
vt 0.000000 1.000000
vt 0.083333 1.000000
vt 0.083333 0.750000
vt 0.000000 0.750000
vt 0.000000 0.250000
vt 0.083333 0.250000
vt 0.083333 0.000000
vt 0.000000 0.000000
vt 0.000000 0.500000
vt 0.083333 0.500000
vt 0.166667 1.000000
vt 0.166667 0.750000
vt 0.166667 0.250000
vt 0.166667 0.000000
vt 0.166667 0.500000
vt 0.250000 1.000000
vt 0.333333 1.000000
vt 0.333333 0.750000
vt 0.250000 0.750000
vt 0.250000 0.250000
vt 0.333333 0.250000
vt 0.333333 0.000000
vt 0.250000 0.000000
vt 0.250000 0.500000
vt 0.333333 0.500000
vt 0.416667 1.000000
vt 0.416667 0.750000
vt 0.416667 0.250000
vt 0.416667 0.000000
vt 0.416667 0.500000
vt 0.500000 1.000000
vt 0.500000 0.750000
vt 0.500000 0.250000
vt 0.500000 0.000000
vt 0.500000 0.500000
vt 0.583333 1.000000
vt 0.583333 0.750000
vt 0.583333 0.250000
vt 0.583333 0.000000
vt 0.583333 0.500000
vt 0.666667 1.000000
vt 0.666667 0.750000
vt 0.666667 0.250000
vt 0.666667 0.000000
vt 0.666667 0.500000
vt 0.750000 1.000000
vt 0.750000 0.750000
vt 0.750000 0.250000
vt 0.750000 0.000000
vt 0.750000 0.500000
vt 0.833333 1.000000
vt 0.916667 1.000000
vt 0.916667 0.750000
vt 0.833333 0.750000
vt 0.833333 0.250000
vt 0.916667 0.250000
vt 0.916667 0.000000
vt 0.833333 0.000000
vt 0.833333 0.500000
vt 0.916667 0.500000
vt 1.000000 1.000000
vt 1.000000 0.750000
vt 1.000000 0.250000
vt 1.000000 0.000000
vt 1.000000 0.500000
vt 0.000000 1.000000
vt 0.083333 1.000000
vt 0.083333 0.750000
vt 0.000000 0.750000
vt 0.000000 0.250000
vt 0.083333 0.250000
vt 0.083333 0.000000
vt 0.000000 0.000000
vt 0.000000 0.500000
vt 0.083333 0.500000
vt 0.166667 1.000000
vt 0.166667 0.750000
vt 0.166667 0.250000
vt 0.166667 0.000000
vt 0.166667 0.500000
vt 0.250000 1.000000
vt 0.333333 1.000000
vt 0.333333 0.750000
vt 0.250000 0.750000
vt 0.250000 0.250000
vt 0.333333 0.250000
vt 0.333333 0.000000
vt 0.250000 0.000000
vt 0.250000 0.500000
vt 0.333333 0.500000
vt 0.416667 1.000000
vt 0.416667 0.750000
vt 0.416667 0.250000
vt 0.416667 0.000000
vt 0.416667 0.500000
vt 0.500000 1.000000
vt 0.500000 0.750000
vt 0.500000 0.250000
vt 0.500000 0.000000
vt 0.500000 0.500000
vt 0.583333 1.000000
vt 0.583333 0.750000
vt 0.583333 0.250000
vt 0.583333 0.000000
vt 0.583333 0.500000
vt 0.666667 1.000000
vt 0.666667 0.750000
vt 0.666667 0.250000
vt 0.666667 0.000000
vt 0.666667 0.500000
vt 0.750000 1.000000
vt 0.750000 0.750000
vt 0.750000 0.250000
vt 0.750000 0.000000
vt 0.750000 0.500000
vt 0.833333 1.000000
vt 0.916667 1.000000
vt 0.916667 0.750000
vt 0.833333 0.750000
vt 0.833333 0.250000
vt 0.916667 0.250000
vt 0.916667 0.000000
vt 0.833333 0.000000
vt 0.833333 0.500000
vt 0.916667 0.500000
vt 1.000000 1.000000
vt 1.000000 0.750000
vt 1.000000 0.250000
vt 1.000000 0.000000
vt 1.000000 0.500000
vt 0.000000 1.000000
vt 0.083333 1.000000
vt 0.083333 0.750000
vt 0.000000 0.750000
vt 0.000000 0.250000
vt 0.083333 0.250000
vt 0.083333 0.000000
vt 0.000000 0.000000
vt 0.000000 0.500000
vt 0.083333 0.500000
vt 0.166667 1.000000
vt 0.166667 0.750000
vt 0.166667 0.250000
vt 0.166667 0.000000
vt 0.166667 0.500000
vt 0.250000 1.000000
vt 0.333333 1.000000
vt 0.333333 0.750000
vt 0.250000 0.750000
vt 0.250000 0.250000
vt 0.333333 0.250000
vt 0.333333 0.000000
vt 0.250000 0.000000
vt 0.250000 0.500000
vt 0.333333 0.500000
vt 0.416667 1.000000
vt 0.416667 0.750000
vt 0.416667 0.250000
vt 0.416667 0.000000
vt 0.416667 0.500000
vt 0.500000 1.000000
vt 0.500000 0.750000
vt 0.500000 0.250000
vt 0.500000 0.000000
vt 0.500000 0.500000
vt 0.583333 1.000000
vt 0.583333 0.750000
vt 0.583333 0.250000
vt 0.583333 0.000000
vt 0.583333 0.500000
vt 0.666667 1.000000
vt 0.666667 0.750000
vt 0.666667 0.250000
vt 0.666667 0.000000
vt 0.666667 0.500000
vt 0.750000 1.000000
vt 0.750000 0.750000
vt 0.750000 0.250000
vt 0.750000 0.000000
vt 0.750000 0.500000
vt 0.833333 1.000000
vt 0.916667 1.000000
vt 0.916667 0.750000
vt 0.833333 0.750000
vt 0.833333 0.250000
vt 0.916667 0.250000
vt 0.916667 0.000000
vt 0.833333 0.000000
vt 0.833333 0.500000
vt 0.916667 0.500000
vt 1.000000 1.000000
vt 1.000000 0.750000
vt 1.000000 0.250000
vt 1.000000 0.000000
vt 1.000000 0.500000
vt 0.000000 1.000000
vt 0.083333 1.000000
vt 0.083333 0.750000
vt 0.000000 0.750000
vt 0.000000 0.250000
vt 0.083333 0.250000
vt 0.083333 0.000000
vt 0.000000 0.000000
vt 0.000000 0.500000
vt 0.083333 0.500000
vt 0.166667 1.000000
vt 0.166667 0.750000
vt 0.166667 0.250000
vt 0.166667 0.000000
vt 0.166667 0.500000
vt 0.250000 1.000000
vt 0.333333 1.000000
vt 0.333333 0.750000
vt 0.250000 0.750000
vt 0.250000 0.250000
vt 0.333333 0.250000
vt 0.333333 0.000000
vt 0.250000 0.000000
vt 0.250000 0.500000
vt 0.333333 0.500000
vt 0.416667 1.000000
vt 0.416667 0.750000
vt 0.416667 0.250000
vt 0.416667 0.000000
vt 0.416667 0.500000
vt 0.500000 1.000000
vt 0.500000 0.750000
vt 0.500000 0.250000
vt 0.500000 0.000000
vt 0.500000 0.500000
vt 0.583333 1.000000
vt 0.583333 0.750000
vt 0.583333 0.250000
vt 0.583333 0.000000
vt 0.583333 0.500000
vt 0.666667 1.000000
vt 0.666667 0.750000
vt 0.666667 0.250000
vt 0.666667 0.000000
vt 0.666667 0.500000
vt 0.750000 1.000000
vt 0.750000 0.750000
vt 0.750000 0.250000
vt 0.750000 0.000000
vt 0.750000 0.500000
vt 0.833333 1.000000
vt 0.916667 1.000000
vt 0.916667 0.750000
vt 0.833333 0.750000
vt 0.833333 0.250000
vt 0.916667 0.250000
vt 0.916667 0.000000
vt 0.833333 0.000000
vt 0.833333 0.500000
vt 0.916667 0.500000
vt 1.000000 1.000000
vt 1.000000 0.750000
vt 1.000000 0.250000
vt 1.000000 0.000000
vt 1.000000 0.500000
vt 0.000000 1.000000
vt 0.083333 1.000000
vt 0.083333 0.750000
vt 0.000000 0.750000
vt 0.000000 0.250000
vt 0.083333 0.250000
vt 0.083333 0.000000
vt 0.000000 0.000000
vt 0.000000 0.500000
vt 0.083333 0.500000
vt 0.166667 1.000000
vt 0.166667 0.750000
vt 0.166667 0.250000
vt 0.166667 0.000000
vt 0.166667 0.500000
vt 0.250000 1.000000
vt 0.333333 1.000000
vt 0.333333 0.750000
vt 0.250000 0.750000
vt 0.250000 0.250000
vt 0.333333 0.250000
vt 0.333333 0.000000
vt 0.250000 0.000000
vt 0.250000 0.500000
vt 0.333333 0.500000
vt 0.416667 1.000000
vt 0.416667 0.750000
vt 0.416667 0.250000
vt 0.416667 0.000000
vt 0.416667 0.500000
vt 0.500000 1.000000
vt 0.500000 0.750000
vt 0.500000 0.250000
vt 0.500000 0.000000
vt 0.500000 0.500000
vt 0.583333 1.000000
vt 0.583333 0.750000
vt 0.583333 0.250000
vt 0.583333 0.000000
vt 0.583333 0.500000
vt 0.666667 1.000000
vt 0.666667 0.750000
vt 0.666667 0.250000
vt 0.666667 0.000000
vt 0.666667 0.500000
vt 0.750000 1.000000
vt 0.750000 0.750000
vt 0.750000 0.250000
vt 0.750000 0.000000
vt 0.750000 0.500000
vt 0.833333 1.000000
vt 0.916667 1.000000
vt 0.916667 0.750000
vt 0.833333 0.750000
vt 0.833333 0.250000
vt 0.916667 0.250000
vt 0.916667 0.000000
vt 0.833333 0.000000
vt 0.833333 0.500000
vt 0.916667 0.500000
vt 1.000000 1.000000
vt 1.000000 0.750000
vt 1.000000 0.250000
vt 1.000000 0.000000
vt 1.000000 0.500000
vt 0.000000 1.000000
vt 0.083333 1.000000
vt 0.083333 0.750000
vt 0.000000 0.750000
vt 0.000000 0.250000
vt 0.083333 0.250000
vt 0.083333 0.000000
vt 0.000000 0.000000
vt 0.000000 0.500000
vt 0.083333 0.500000
vt 0.166667 1.000000
vt 0.166667 0.750000
vt 0.166667 0.250000
vt 0.166667 0.000000
vt 0.166667 0.500000
vt 0.250000 1.000000
vt 0.333333 1.000000
vt 0.333333 0.750000
vt 0.250000 0.750000
vt 0.250000 0.250000
vt 0.333333 0.250000
vt 0.333333 0.000000
vt 0.250000 0.000000
vt 0.250000 0.500000
vt 0.333333 0.500000
vt 0.416667 1.000000
vt 0.416667 0.750000
vt 0.416667 0.250000
vt 0.416667 0.000000
vt 0.416667 0.500000
vt 0.500000 1.000000
vt 0.500000 0.750000
vt 0.500000 0.250000
vt 0.500000 0.000000
vt 0.500000 0.500000
vt 0.583333 1.000000
vt 0.583333 0.750000
vt 0.583333 0.250000
vt 0.583333 0.000000
vt 0.583333 0.500000
vt 0.666667 1.000000
vt 0.666667 0.750000
vt 0.666667 0.250000
vt 0.666667 0.000000
vt 0.666667 0.500000
vt 0.750000 1.000000
vt 0.750000 0.750000
vt 0.750000 0.250000
vt 0.750000 0.000000
vt 0.750000 0.500000
vt 0.833333 1.000000
vt 0.916667 1.000000
vt 0.916667 0.750000
vt 0.833333 0.750000
vt 0.833333 0.250000
vt 0.916667 0.250000
vt 0.916667 0.000000
vt 0.833333 0.000000
vt 0.833333 0.500000
vt 0.916667 0.500000
vt 1.000000 1.000000
vt 1.000000 0.750000
vt 1.000000 0.250000
vt 1.000000 0.000000
vt 1.000000 0.500000
vt 0.000000 1.000000
vt 0.083333 1.000000
vt 0.083333 0.750000
vt 0.000000 0.750000
vt 0.000000 0.250000
vt 0.083333 0.250000
vt 0.083333 0.000000
vt 0.000000 0.000000
vt 0.000000 0.500000
vt 0.083333 0.500000
vt 0.166667 1.000000
vt 0.166667 0.750000
vt 0.166667 0.250000
vt 0.166667 0.000000
vt 0.166667 0.500000
vt 0.250000 1.000000
vt 0.333333 1.000000
vt 0.333333 0.750000
vt 0.250000 0.750000
vt 0.250000 0.250000
vt 0.333333 0.250000
vt 0.333333 0.000000
vt 0.250000 0.000000
vt 0.250000 0.500000
vt 0.333333 0.500000
vt 0.416667 1.000000
vt 0.416667 0.750000
vt 0.416667 0.250000
vt 0.416667 0.000000
vt 0.416667 0.500000
vt 0.500000 1.000000
vt 0.500000 0.750000
vt 0.500000 0.250000
vt 0.500000 0.000000
vt 0.500000 0.500000
vt 0.583333 1.000000
vt 0.583333 0.750000
vt 0.583333 0.250000
vt 0.583333 0.000000
vt 0.583333 0.500000
vt 0.666667 1.000000
vt 0.666667 0.750000
vt 0.666667 0.250000
vt 0.666667 0.000000
vt 0.666667 0.500000
vt 0.750000 1.000000
vt 0.750000 0.750000
vt 0.750000 0.250000
vt 0.750000 0.000000
vt 0.750000 0.500000
vt 0.833333 1.000000
vt 0.916667 1.000000
vt 0.916667 0.750000
vt 0.833333 0.750000
vt 0.833333 0.250000
vt 0.916667 0.250000
vt 0.916667 0.000000
vt 0.833333 0.000000
vt 0.833333 0.500000
vt 0.916667 0.500000
vt 1.000000 1.000000
vt 1.000000 0.750000
vt 1.000000 0.250000
vt 1.000000 0.000000
vt 1.000000 0.500000
vt 0.000000 1.000000
vt 0.083333 1.000000
vt 0.083333 0.750000
vt 0.000000 0.750000
vt 0.000000 0.250000
vt 0.083333 0.250000
vt 0.083333 0.000000
vt 0.000000 0.000000
vt 0.000000 0.500000
vt 0.083333 0.500000
vt 0.166667 1.000000
vt 0.166667 0.750000
vt 0.166667 0.250000
vt 0.166667 0.000000
vt 0.166667 0.500000
vt 0.250000 1.000000
vt 0.333333 1.000000
vt 0.333333 0.750000
vt 0.250000 0.750000
vt 0.250000 0.250000
vt 0.333333 0.250000
vt 0.333333 0.000000
vt 0.250000 0.000000
vt 0.250000 0.500000
vt 0.333333 0.500000
vt 0.416667 1.000000
vt 0.416667 0.750000
vt 0.416667 0.250000
vt 0.416667 0.000000
vt 0.416667 0.500000
vt 0.500000 1.000000
vt 0.500000 0.750000
vt 0.500000 0.250000
vt 0.500000 0.000000
vt 0.500000 0.500000
vt 0.583333 1.000000
vt 0.583333 0.750000
vt 0.583333 0.250000
vt 0.583333 0.000000
vt 0.583333 0.500000
vt 0.666667 1.000000
vt 0.666667 0.750000
vt 0.666667 0.250000
vt 0.666667 0.000000
vt 0.666667 0.500000
vt 0.750000 1.000000
vt 0.750000 0.750000
vt 0.750000 0.250000
vt 0.750000 0.000000
vt 0.750000 0.500000
vt 0.833333 1.000000
vt 0.916667 1.000000
vt 0.916667 0.750000
vt 0.833333 0.750000
vt 0.833333 0.250000
vt 0.916667 0.250000
vt 0.916667 0.000000
vt 0.833333 0.000000
vt 0.833333 0.500000
vt 0.916667 0.500000
vt 1.000000 1.000000
vt 1.000000 0.750000
vt 1.000000 0.250000
vt 1.000000 0.000000
vt 1.000000 0.500000
vt 0.000000 1.000000
vt 0.083333 1.000000
vt 0.083333 0.750000
vt 0.000000 0.750000
vt 0.000000 0.250000
vt 0.083333 0.250000
vt 0.083333 0.000000
vt 0.000000 0.000000
vt 0.000000 0.500000
vt 0.083333 0.500000
vt 0.166667 1.000000
vt 0.166667 0.750000
vt 0.166667 0.250000
vt 0.166667 0.000000
vt 0.166667 0.500000
vt 0.250000 1.000000
vt 0.333333 1.000000
vt 0.333333 0.750000
vt 0.250000 0.750000
vt 0.250000 0.250000
vt 0.333333 0.250000
vt 0.333333 0.000000
vt 0.250000 0.000000
vt 0.250000 0.500000
vt 0.333333 0.500000
vt 0.416667 1.000000
vt 0.416667 0.750000
vt 0.416667 0.250000
vt 0.416667 0.000000
vt 0.416667 0.500000
vt 0.500000 1.000000
vt 0.500000 0.750000
vt 0.500000 0.250000
vt 0.500000 0.000000
vt 0.500000 0.500000
vt 0.583333 1.000000
vt 0.583333 0.750000
vt 0.583333 0.250000
vt 0.583333 0.000000
vt 0.583333 0.500000
vt 0.666667 1.000000
vt 0.666667 0.750000
vt 0.666667 0.250000
vt 0.666667 0.000000
vt 0.666667 0.500000
vt 0.750000 1.000000
vt 0.750000 0.750000
vt 0.750000 0.250000
vt 0.750000 0.000000
vt 0.750000 0.500000
vt 0.833333 1.000000
vt 0.916667 1.000000
vt 0.916667 0.750000
vt 0.833333 0.750000
vt 0.833333 0.250000
vt 0.916667 0.250000
vt 0.916667 0.000000
vt 0.833333 0.000000
vt 0.833333 0.500000
vt 0.916667 0.500000
vt 1.000000 1.000000
vt 1.000000 0.750000
vt 1.000000 0.250000
vt 1.000000 0.000000
vt 1.000000 0.500000
vt 0.000000 1.000000
vt 0.083333 1.000000
vt 0.083333 0.750000
vt 0.000000 0.750000
vt 0.000000 0.250000
vt 0.083333 0.250000
vt 0.083333 0.000000
vt 0.000000 0.000000
vt 0.000000 0.500000
vt 0.083333 0.500000
vt 0.166667 1.000000
vt 0.166667 0.750000
vt 0.166667 0.250000
vt 0.166667 0.000000
vt 0.166667 0.500000
vt 0.250000 1.000000
vt 0.333333 1.000000
vt 0.333333 0.750000
vt 0.250000 0.750000
vt 0.250000 0.250000
vt 0.333333 0.250000
vt 0.333333 0.000000
vt 0.250000 0.000000
vt 0.250000 0.500000
vt 0.333333 0.500000
vt 0.416667 1.000000
vt 0.416667 0.750000
vt 0.416667 0.250000
vt 0.416667 0.000000
vt 0.416667 0.500000
vt 0.500000 1.000000
vt 0.500000 0.750000
vt 0.500000 0.250000
vt 0.500000 0.000000
vt 0.500000 0.500000
vt 0.583333 1.000000
vt 0.583333 0.750000
vt 0.583333 0.250000
vt 0.583333 0.000000
vt 0.583333 0.500000
vt 0.666667 1.000000
vt 0.666667 0.750000
vt 0.666667 0.250000
vt 0.666667 0.000000
vt 0.666667 0.500000
vt 0.750000 1.000000
vt 0.750000 0.750000
vt 0.750000 0.250000
vt 0.750000 0.000000
vt 0.750000 0.500000
vt 0.833333 1.000000
vt 0.916667 1.000000
vt 0.916667 0.750000
vt 0.833333 0.750000
vt 0.833333 0.250000
vt 0.916667 0.250000
vt 0.916667 0.000000
vt 0.833333 0.000000
vt 0.833333 0.500000
vt 0.916667 0.500000
vt 1.000000 1.000000
vt 1.000000 0.750000
vt 1.000000 0.250000
vt 1.000000 0.000000
vt 1.000000 0.500000
vt 0.000000 1.000000
vt 0.083333 1.000000
vt 0.083333 0.750000
vt 0.000000 0.750000
vt 0.000000 0.250000
vt 0.083333 0.250000
vt 0.083333 0.000000
vt 0.000000 0.000000
vt 0.000000 0.500000
vt 0.083333 0.500000
vt 0.166667 1.000000
vt 0.166667 0.750000
vt 0.166667 0.250000
vt 0.166667 0.000000
vt 0.166667 0.500000
vt 0.250000 1.000000
vt 0.333333 1.000000
vt 0.333333 0.750000
vt 0.250000 0.750000
vt 0.250000 0.250000
vt 0.333333 0.250000
vt 0.333333 0.000000
vt 0.250000 0.000000
vt 0.250000 0.500000
vt 0.333333 0.500000
vt 0.416667 1.000000
vt 0.416667 0.750000
vt 0.416667 0.250000
vt 0.416667 0.000000
vt 0.416667 0.500000
vt 0.500000 1.000000
vt 0.500000 0.750000
vt 0.500000 0.250000
vt 0.500000 0.000000
vt 0.500000 0.500000
vt 0.583333 1.000000
vt 0.583333 0.750000
vt 0.583333 0.250000
vt 0.583333 0.000000
vt 0.583333 0.500000
vt 0.666667 1.000000
vt 0.666667 0.750000
vt 0.666667 0.250000
vt 0.666667 0.000000
vt 0.666667 0.500000
vt 0.750000 1.000000
vt 0.750000 0.750000
vt 0.750000 0.250000
vt 0.750000 0.000000
vt 0.750000 0.500000
vt 0.833333 1.000000
vt 0.916667 1.000000
vt 0.916667 0.750000
vt 0.833333 0.750000
vt 0.833333 0.250000
vt 0.916667 0.250000
vt 0.916667 0.000000
vt 0.833333 0.000000
vt 0.833333 0.500000
vt 0.916667 0.500000
vt 1.000000 1.000000
vt 1.000000 0.750000
vt 1.000000 0.250000
vt 1.000000 0.000000
vt 1.000000 0.500000
vn 0.0000 0.0000 1.0000
vn 0.0000 -0.5011 0.8654
vn -0.9914 0.0655 -0.1132
vn -0.9912 0.0000 -0.1324
vn 0.9912 0.0000 -0.1324
vn 0.9914 0.0655 -0.1132
vn 0.0000 0.0000 -1.0000
vn 0.0000 0.5010 -0.8654
vn 0.0000 -0.8654 0.5011
vn -0.9914 0.1132 -0.0655
vn 0.9914 0.1132 -0.0655
vn 0.0000 0.8654 -0.5010
vn 0.0000 -1.0000 0.0000
vn 0.0000 -0.8654 -0.5011
vn -0.9914 0.1132 0.0655
vn -0.9912 0.1324 0.0000
vn 0.9912 0.1324 0.0000
vn 0.9914 0.1132 0.0655
vn 0.0000 1.0000 0.0000
vn 0.0000 0.8654 0.5010
vn 0.0000 -0.5011 -0.8654
vn -0.9914 0.0655 0.1132
vn 0.9914 0.0655 0.1132
vn 0.0000 0.5010 0.8654
vn -0.9912 0.0000 0.1324
vn 0.9912 0.0000 0.1324
vn 0.0000 0.5011 -0.8654
vn -0.9914 -0.0655 0.1132
vn 0.9914 -0.0655 0.1132
vn 0.0000 -0.5010 0.8654
vn 0.0000 0.8654 -0.5011
vn -0.9914 -0.1130 0.0658
vn 0.9914 -0.1130 0.0658
vn 0.0000 -0.8651 0.5015
vn 0.0000 0.9654 -0.2607
vn -0.9944 -0.1013 0.0282
vn 0.9944 -0.1013 0.0282
vn 0.0000 -0.9650 0.2621
vn 0.0000 0.7076 0.7066
vn 0.0000 0.5011 0.8653
vn -0.9914 -0.0651 -0.1134
vn -0.9946 -0.0727 -0.0739
vn 0.9946 -0.0727 -0.0739
vn 0.9914 -0.0651 -0.1134
vn 0.0000 -0.7064 -0.7078
vn 0.0000 -0.5005 -0.8657
vn 0.0000 0.5012 0.8653
s 1
f 1/1/1 5/2/2 8/3/3 4/4/4
f 2/5/5 6/6/6 5/7/2 1/8/1
f 3/9/7 7/10/8 6/6/6 2/5/5
f 4/4/4 8/3/3 7/10/8 3/9/7
f 5/2/2 9/11/9 12/12/10 8/3/3
f 6/6/6 10/13/11 9/14/9 5/7/2
f 7/10/8 11/15/12 10/13/11 6/6/6
f 8/3/3 12/12/10 11/15/12 7/10/8
f 13/16/13 17/17/14 20/18/15 16/19/16
f 14/20/17 18/21/18 17/22/14 13/23/13
f 15/24/19 19/25/20 18/21/18 14/20/17
f 16/19/16 20/18/15 19/25/20 15/24/19
f 17/17/14 21/26/21 24/27/22 20/18/15
f 18/21/18 22/28/23 21/29/21 17/22/14
f 19/25/20 23/30/24 22/28/23 18/21/18
f 20/18/15 24/27/22 23/30/24 19/25/20
f 21/26/21 25/31/7 28/32/25 24/27/22
f 22/28/23 26/33/26 25/34/7 21/29/21
f 23/30/24 27/35/1 26/33/26 22/28/23
f 24/27/22 28/32/25 27/35/1 23/30/24
f 25/31/7 29/36/27 32/37/28 28/32/25
f 26/33/26 30/38/29 29/39/27 25/34/7
f 27/35/1 31/40/30 30/38/29 26/33/26
f 28/32/25 32/37/28 31/40/30 27/35/1
f 29/36/27 33/41/31 36/42/32 32/37/28
f 30/38/29 34/43/33 33/44/31 29/39/27
f 31/40/30 35/45/34 34/43/33 30/38/29
f 32/37/28 36/42/32 35/45/34 31/40/30
f 33/41/31 37/46/35 40/47/36 36/42/32
f 34/43/33 38/48/37 37/49/35 33/44/31
f 35/45/34 39/50/38 38/48/37 34/43/33
f 36/42/32 40/47/36 39/50/38 35/45/34
f 41/51/39 45/52/40 48/53/41 44/54/42
f 42/55/43 46/56/44 45/57/40 41/58/39
f 43/59/45 47/60/46 46/56/44 42/55/43
f 44/54/42 48/53/41 47/60/46 43/59/45
f 45/52/40 1/61/1 4/62/4 48/53/41
f 46/56/44 2/63/5 1/64/1 45/57/40
f 47/60/46 3/65/7 2/63/5 46/56/44
f 48/53/41 4/62/4 3/65/7 47/60/46
f 49/66/1 53/67/2 56/68/3 52/69/4
f 50/70/5 54/71/6 53/72/2 49/73/1
f 51/74/7 55/75/8 54/71/6 50/70/5
f 52/69/4 56/68/3 55/75/8 51/74/7
f 53/67/2 57/76/9 60/77/10 56/68/3
f 54/71/6 58/78/11 57/79/9 53/72/2
f 55/75/8 59/80/12 58/78/11 54/71/6
f 56/68/3 60/77/10 59/80/12 55/75/8
f 61/81/13 65/82/14 68/83/15 64/84/16
f 62/85/17 66/86/18 65/87/14 61/88/13
f 63/89/19 67/90/20 66/86/18 62/85/17
f 64/84/16 68/83/15 67/90/20 63/89/19
f 65/82/14 69/91/21 72/92/22 68/83/15
f 66/86/18 70/93/23 69/94/21 65/87/14
f 67/90/20 71/95/24 70/93/23 66/86/18
f 68/83/15 72/92/22 71/95/24 67/90/20
f 69/91/21 73/96/7 76/97/25 72/92/22
f 70/93/23 74/98/26 73/99/7 69/94/21
f 71/95/24 75/100/1 74/98/26 70/93/23
f 72/92/22 76/97/25 75/100/1 71/95/24
f 73/96/7 77/101/27 80/102/28 76/97/25
f 74/98/26 78/103/29 77/104/27 73/99/7
f 75/100/1 79/105/30 78/103/29 74/98/26
f 76/97/25 80/102/28 79/105/30 75/100/1
f 77/101/27 81/106/31 84/107/32 80/102/28
f 78/103/29 82/108/33 81/109/31 77/104/27
f 79/105/30 83/110/34 82/108/33 78/103/29
f 80/102/28 84/107/32 83/110/34 79/105/30
f 81/106/31 85/111/35 88/112/36 84/107/32
f 82/108/33 86/113/37 85/114/35 81/109/31
f 83/110/34 87/115/38 86/113/37 82/108/33
f 84/107/32 88/112/36 87/115/38 83/110/34
f 89/116/39 93/117/47 96/118/41 92/119/42
f 90/120/43 94/121/44 93/122/47 89/123/39
f 91/124/45 95/125/46 94/121/44 90/120/43
f 92/119/42 96/118/41 95/125/46 91/124/45
f 93/117/47 49/126/1 52/127/4 96/118/41
f 94/121/44 50/128/5 49/129/1 93/122/47
f 95/125/46 51/130/7 50/128/5 94/121/44
f 96/118/41 52/127/4 51/130/7 95/125/46
f 97/131/1 101/132/2 104/133/3 100/134/4
f 98/135/5 102/136/6 101/137/2 97/138/1
f 99/139/7 103/140/8 102/136/6 98/135/5
f 100/134/4 104/133/3 103/140/8 99/139/7
f 101/132/2 105/141/9 108/142/10 104/133/3
f 102/136/6 106/143/11 105/144/9 101/137/2
f 103/140/8 107/145/12 106/143/11 102/136/6
f 104/133/3 108/142/10 107/145/12 103/140/8
f 109/146/13 113/147/14 116/148/15 112/149/16
f 110/150/17 114/151/18 113/152/14 109/153/13
f 111/154/19 115/155/20 114/151/18 110/150/17
f 112/149/16 116/148/15 115/155/20 111/154/19
f 113/147/14 117/156/21 120/157/22 116/148/15
f 114/151/18 118/158/23 117/159/21 113/152/14
f 115/155/20 119/160/24 118/158/23 114/151/18
f 116/148/15 120/157/22 119/160/24 115/155/20
f 117/156/21 121/161/7 124/162/25 120/157/22
f 118/158/23 122/163/26 121/164/7 117/159/21
f 119/160/24 123/165/1 122/163/26 118/158/23
f 120/157/22 124/162/25 123/165/1 119/160/24
f 121/161/7 125/166/27 128/167/28 124/162/25
f 122/163/26 126/168/29 125/169/27 121/164/7
f 123/165/1 127/170/30 126/168/29 122/163/26
f 124/162/25 128/167/28 127/170/30 123/165/1
f 125/166/27 129/171/31 132/172/32 128/167/28
f 126/168/29 130/173/33 129/174/31 125/169/27
f 127/170/30 131/175/34 130/173/33 126/168/29
f 128/167/28 132/172/32 131/175/34 127/170/30
f 129/171/31 133/176/35 136/177/36 132/172/32
f 130/173/33 134/178/37 133/179/35 129/174/31
f 131/175/34 135/180/38 134/178/37 130/173/33
f 132/172/32 136/177/36 135/180/38 131/175/34
f 137/181/39 141/182/47 144/183/41 140/184/42
f 138/185/43 142/186/44 141/187/47 137/188/39
f 139/189/45 143/190/46 142/186/44 138/185/43
f 140/184/42 144/183/41 143/190/46 139/189/45
f 141/182/47 97/191/1 100/192/4 144/183/41
f 142/186/44 98/193/5 97/194/1 141/187/47
f 143/190/46 99/195/7 98/193/5 142/186/44
f 144/183/41 100/192/4 99/195/7 143/190/46
f 145/196/1 149/197/2 152/198/3 148/199/4
f 146/200/5 150/201/6 149/202/2 145/203/1
f 147/204/7 151/205/8 150/201/6 146/200/5
f 148/199/4 152/198/3 151/205/8 147/204/7
f 149/197/2 153/206/9 156/207/10 152/198/3
f 150/201/6 154/208/11 153/209/9 149/202/2
f 151/205/8 155/210/12 154/208/11 150/201/6
f 152/198/3 156/207/10 155/210/12 151/205/8
f 157/211/13 161/212/14 164/213/15 160/214/16
f 158/215/17 162/216/18 161/217/14 157/218/13
f 159/219/19 163/220/20 162/216/18 158/215/17
f 160/214/16 164/213/15 163/220/20 159/219/19
f 161/212/14 165/221/21 168/222/22 164/213/15
f 162/216/18 166/223/23 165/224/21 161/217/14
f 163/220/20 167/225/24 166/223/23 162/216/18
f 164/213/15 168/222/22 167/225/24 163/220/20
f 165/221/21 169/226/7 172/227/25 168/222/22
f 166/223/23 170/228/26 169/229/7 165/224/21
f 167/225/24 171/230/1 170/228/26 166/223/23
f 168/222/22 172/227/25 171/230/1 167/225/24
f 169/226/7 173/231/27 176/232/28 172/227/25
f 170/228/26 174/233/29 173/234/27 169/229/7
f 171/230/1 175/235/30 174/233/29 170/228/26
f 172/227/25 176/232/28 175/235/30 171/230/1
f 173/231/27 177/236/31 180/237/32 176/232/28
f 174/233/29 178/238/33 177/239/31 173/234/27
f 175/235/30 179/240/34 178/238/33 174/233/29
f 176/232/28 180/237/32 179/240/34 175/235/30
f 177/236/31 181/241/35 184/242/36 180/237/32
f 178/238/33 182/243/37 181/244/35 177/239/31
f 179/240/34 183/245/38 182/243/37 178/238/33
f 180/237/32 184/242/36 183/245/38 179/240/34
f 185/246/39 189/247/47 192/248/41 188/249/42
f 186/250/43 190/251/44 189/252/47 185/253/39
f 187/254/45 191/255/46 190/251/44 186/250/43
f 188/249/42 192/248/41 191/255/46 187/254/45
f 189/247/47 145/256/1 148/257/4 192/248/41
f 190/251/44 146/258/5 145/259/1 189/252/47
f 191/255/46 147/260/7 146/258/5 190/251/44
f 192/248/41 148/257/4 147/260/7 191/255/46
f 193/261/1 197/262/2 200/263/3 196/264/4
f 194/265/5 198/266/6 197/267/2 193/268/1
f 195/269/7 199/270/8 198/266/6 194/265/5
f 196/264/4 200/263/3 199/270/8 195/269/7
f 197/262/2 201/271/9 204/272/10 200/263/3
f 198/266/6 202/273/11 201/274/9 197/267/2
f 199/270/8 203/275/12 202/273/11 198/266/6
f 200/263/3 204/272/10 203/275/12 199/270/8
f 205/276/13 209/277/14 212/278/15 208/279/16
f 206/280/17 210/281/18 209/282/14 205/283/13
f 207/284/19 211/285/20 210/281/18 206/280/17
f 208/279/16 212/278/15 211/285/20 207/284/19
f 209/277/14 213/286/21 216/287/22 212/278/15
f 210/281/18 214/288/23 213/289/21 209/282/14
f 211/285/20 215/290/24 214/288/23 210/281/18
f 212/278/15 216/287/22 215/290/24 211/285/20
f 213/286/21 217/291/7 220/292/25 216/287/22
f 214/288/23 218/293/26 217/294/7 213/289/21
f 215/290/24 219/295/1 218/293/26 214/288/23
f 216/287/22 220/292/25 219/295/1 215/290/24
f 217/291/7 221/296/27 224/297/28 220/292/25
f 218/293/26 222/298/29 221/299/27 217/294/7
f 219/295/1 223/300/30 222/298/29 218/293/26
f 220/292/25 224/297/28 223/300/30 219/295/1
f 221/296/27 225/301/31 228/302/32 224/297/28
f 222/298/29 226/303/33 225/304/31 221/299/27
f 223/300/30 227/305/34 226/303/33 222/298/29
f 224/297/28 228/302/32 227/305/34 223/300/30
f 225/301/31 229/306/35 232/307/36 228/302/32
f 226/303/33 230/308/37 229/309/35 225/304/31
f 227/305/34 231/310/38 230/308/37 226/303/33
f 228/302/32 232/307/36 231/310/38 227/305/34
f 233/311/39 237/312/47 240/313/41 236/314/42
f 234/315/43 238/316/44 237/317/47 233/318/39
f 235/319/45 239/320/46 238/316/44 234/315/43
f 236/314/42 240/313/41 239/320/46 235/319/45
f 237/312/47 193/321/1 196/322/4 240/313/41
f 238/316/44 194/323/5 193/324/1 237/317/47
f 239/320/46 195/325/7 194/323/5 238/316/44
f 240/313/41 196/322/4 195/325/7 239/320/46
f 241/326/1 245/327/2 248/328/3 244/329/4
f 242/330/5 246/331/6 245/332/2 241/333/1
f 243/334/7 247/335/8 246/331/6 242/330/5
f 244/329/4 248/328/3 247/335/8 243/334/7
f 245/327/2 249/336/9 252/337/10 248/328/3
f 246/331/6 250/338/11 249/339/9 245/332/2
f 247/335/8 251/340/12 250/338/11 246/331/6
f 248/328/3 252/337/10 251/340/12 247/335/8
f 253/341/13 257/342/14 260/343/15 256/344/16
f 254/345/17 258/346/18 257/347/14 253/348/13
f 255/349/19 259/350/20 258/346/18 254/345/17
f 256/344/16 260/343/15 259/350/20 255/349/19
f 257/342/14 261/351/21 264/352/22 260/343/15
f 258/346/18 262/353/23 261/354/21 257/347/14
f 259/350/20 263/355/24 262/353/23 258/346/18
f 260/343/15 264/352/22 263/355/24 259/350/20
f 261/351/21 265/356/7 268/357/25 264/352/22
f 262/353/23 266/358/26 265/359/7 261/354/21
f 263/355/24 267/360/1 266/358/26 262/353/23
f 264/352/22 268/357/25 267/360/1 263/355/24
f 265/356/7 269/361/27 272/362/28 268/357/25
f 266/358/26 270/363/29 269/364/27 265/359/7
f 267/360/1 271/365/30 270/363/29 266/358/26
f 268/357/25 272/362/28 271/365/30 267/360/1
f 269/361/27 273/366/31 276/367/32 272/362/28
f 270/363/29 274/368/33 273/369/31 269/364/27
f 271/365/30 275/370/34 274/368/33 270/363/29
f 272/362/28 276/367/32 275/370/34 271/365/30
f 273/366/31 277/371/35 280/372/36 276/367/32
f 274/368/33 278/373/37 277/374/35 273/369/31
f 275/370/34 279/375/38 278/373/37 274/368/33
f 276/367/32 280/372/36 279/375/38 275/370/34
f 281/376/39 285/377/47 288/378/41 284/379/42
f 282/380/43 286/381/44 285/382/47 281/383/39
f 283/384/45 287/385/46 286/381/44 282/380/43
f 284/379/42 288/378/41 287/385/46 283/384/45
f 285/377/47 241/386/1 244/387/4 288/378/41
f 286/381/44 242/388/5 241/389/1 285/382/47
f 287/385/46 243/390/7 242/388/5 286/381/44
f 288/378/41 244/387/4 243/390/7 287/385/46
f 289/391/1 293/392/2 296/393/3 292/394/4
f 290/395/5 294/396/6 293/397/2 289/398/1
f 291/399/7 295/400/8 294/396/6 290/395/5
f 292/394/4 296/393/3 295/400/8 291/399/7
f 293/392/2 297/401/9 300/402/10 296/393/3
f 294/396/6 298/403/11 297/404/9 293/397/2
f 295/400/8 299/405/12 298/403/11 294/396/6
f 296/393/3 300/402/10 299/405/12 295/400/8
f 301/406/13 305/407/14 308/408/15 304/409/16
f 302/410/17 306/411/18 305/412/14 301/413/13
f 303/414/19 307/415/20 306/411/18 302/410/17
f 304/409/16 308/408/15 307/415/20 303/414/19
f 305/407/14 309/416/21 312/417/22 308/408/15
f 306/411/18 310/418/23 309/419/21 305/412/14
f 307/415/20 311/420/24 310/418/23 306/411/18
f 308/408/15 312/417/22 311/420/24 307/415/20
f 309/416/21 313/421/7 316/422/25 312/417/22
f 310/418/23 314/423/26 313/424/7 309/419/21
f 311/420/24 315/425/1 314/423/26 310/418/23
f 312/417/22 316/422/25 315/425/1 311/420/24
f 313/421/7 317/426/27 320/427/28 316/422/25
f 314/423/26 318/428/29 317/429/27 313/424/7
f 315/425/1 319/430/30 318/428/29 314/423/26
f 316/422/25 320/427/28 319/430/30 315/425/1
f 317/426/27 321/431/31 324/432/32 320/427/28
f 318/428/29 322/433/33 321/434/31 317/429/27
f 319/430/30 323/435/34 322/433/33 318/428/29
f 320/427/28 324/432/32 323/435/34 319/430/30
f 321/431/31 325/436/35 328/437/36 324/432/32
f 322/433/33 326/438/37 325/439/35 321/434/31
f 323/435/34 327/440/38 326/438/37 322/433/33
f 324/432/32 328/437/36 327/440/38 323/435/34
f 329/441/39 333/442/47 336/443/41 332/444/42
f 330/445/43 334/446/44 333/447/47 329/448/39
f 331/449/45 335/450/46 334/446/44 330/445/43
f 332/444/42 336/443/41 335/450/46 331/449/45
f 333/442/47 289/451/1 292/452/4 336/443/41
f 334/446/44 290/453/5 289/454/1 333/447/47
f 335/450/46 291/455/7 290/453/5 334/446/44
f 336/443/41 292/452/4 291/455/7 335/450/46
f 337/456/1 341/457/2 344/458/3 340/459/4
f 338/460/5 342/461/6 341/462/2 337/463/1
f 339/464/7 343/465/8 342/461/6 338/460/5
f 340/459/4 344/458/3 343/465/8 339/464/7
f 341/457/2 345/466/9 348/467/10 344/458/3
f 342/461/6 346/468/11 345/469/9 341/462/2
f 343/465/8 347/470/12 346/468/11 342/461/6
f 344/458/3 348/467/10 347/470/12 343/465/8
f 349/471/13 353/472/14 356/473/15 352/474/16
f 350/475/17 354/476/18 353/477/14 349/478/13
f 351/479/19 355/480/20 354/476/18 350/475/17
f 352/474/16 356/473/15 355/480/20 351/479/19
f 353/472/14 357/481/21 360/482/22 356/473/15
f 354/476/18 358/483/23 357/484/21 353/477/14
f 355/480/20 359/485/24 358/483/23 354/476/18
f 356/473/15 360/482/22 359/485/24 355/480/20
f 357/481/21 361/486/7 364/487/25 360/482/22
f 358/483/23 362/488/26 361/489/7 357/484/21
f 359/485/24 363/490/1 362/488/26 358/483/23
f 360/482/22 364/487/25 363/490/1 359/485/24
f 361/486/7 365/491/27 368/492/28 364/487/25
f 362/488/26 366/493/29 365/494/27 361/489/7
f 363/490/1 367/495/30 366/493/29 362/488/26
f 364/487/25 368/492/28 367/495/30 363/490/1
f 365/491/27 369/496/31 372/497/32 368/492/28
f 366/493/29 370/498/33 369/499/31 365/494/27
f 367/495/30 371/500/34 370/498/33 366/493/29
f 368/492/28 372/497/32 371/500/34 367/495/30
f 369/496/31 373/501/35 376/502/36 372/497/32
f 370/498/33 374/503/37 373/504/35 369/499/31
f 371/500/34 375/505/38 374/503/37 370/498/33
f 372/497/32 376/502/36 375/505/38 371/500/34
f 377/506/39 381/507/47 384/508/41 380/509/42
f 378/510/43 382/511/44 381/512/47 377/513/39
f 379/514/45 383/515/46 382/511/44 378/510/43
f 380/509/42 384/508/41 383/515/46 379/514/45
f 381/507/47 337/516/1 340/517/4 384/508/41
f 382/511/44 338/518/5 337/519/1 381/512/47
f 383/515/46 339/520/7 338/518/5 382/511/44
f 384/508/41 340/517/4 339/520/7 383/515/46
f 385/521/1 389/522/2 392/523/3 388/524/4
f 386/525/5 390/526/6 389/527/2 385/528/1
f 387/529/7 391/530/8 390/526/6 386/525/5
f 388/524/4 392/523/3 391/530/8 387/529/7
f 389/522/2 393/531/9 396/532/10 392/523/3
f 390/526/6 394/533/11 393/534/9 389/527/2
f 391/530/8 395/535/12 394/533/11 390/526/6
f 392/523/3 396/532/10 395/535/12 391/530/8
f 397/536/13 401/537/14 404/538/15 400/539/16
f 398/540/17 402/541/18 401/542/14 397/543/13
f 399/544/19 403/545/20 402/541/18 398/540/17
f 400/539/16 404/538/15 403/545/20 399/544/19
f 401/537/14 405/546/21 408/547/22 404/538/15
f 402/541/18 406/548/23 405/549/21 401/542/14
f 403/545/20 407/550/24 406/548/23 402/541/18
f 404/538/15 408/547/22 407/550/24 403/545/20
f 405/546/21 409/551/7 412/552/25 408/547/22
f 406/548/23 410/553/26 409/554/7 405/549/21
f 407/550/24 411/555/1 410/553/26 406/548/23
f 408/547/22 412/552/25 411/555/1 407/550/24
f 409/551/7 413/556/27 416/557/28 412/552/25
f 410/553/26 414/558/29 413/559/27 409/554/7
f 411/555/1 415/560/30 414/558/29 410/553/26
f 412/552/25 416/557/28 415/560/30 411/555/1
f 413/556/27 417/561/31 420/562/32 416/557/28
f 414/558/29 418/563/33 417/564/31 413/559/27
f 415/560/30 419/565/34 418/563/33 414/558/29
f 416/557/28 420/562/32 419/565/34 415/560/30
f 417/561/31 421/566/35 424/567/36 420/562/32
f 418/563/33 422/568/37 421/569/35 417/564/31
f 419/565/34 423/570/38 422/568/37 418/563/33
f 420/562/32 424/567/36 423/570/38 419/565/34
f 425/571/39 429/572/47 432/573/41 428/574/42
f 426/575/43 430/576/44 429/577/47 425/578/39
f 427/579/45 431/580/46 430/576/44 426/575/43
f 428/574/42 432/573/41 431/580/46 427/579/45
f 429/572/47 385/581/1 388/582/4 432/573/41
f 430/576/44 386/583/5 385/584/1 429/577/47
f 431/580/46 387/585/7 386/583/5 430/576/44
f 432/573/41 388/582/4 387/585/7 431/580/46
f 433/586/1 437/587/2 440/588/3 436/589/4
f 434/590/5 438/591/6 437/592/2 433/593/1
f 435/594/7 439/595/8 438/591/6 434/590/5
f 436/589/4 440/588/3 439/595/8 435/594/7
f 437/587/2 441/596/9 444/597/10 440/588/3
f 438/591/6 442/598/11 441/599/9 437/592/2
f 439/595/8 443/600/12 442/598/11 438/591/6
f 440/588/3 444/597/10 443/600/12 439/595/8
f 445/601/13 449/602/14 452/603/15 448/604/16
f 446/605/17 450/606/18 449/607/14 445/608/13
f 447/609/19 451/610/20 450/606/18 446/605/17
f 448/604/16 452/603/15 451/610/20 447/609/19
f 449/602/14 453/611/21 456/612/22 452/603/15
f 450/606/18 454/613/23 453/614/21 449/607/14
f 451/610/20 455/615/24 454/613/23 450/606/18
f 452/603/15 456/612/22 455/615/24 451/610/20
f 453/611/21 457/616/7 460/617/25 456/612/22
f 454/613/23 458/618/26 457/619/7 453/614/21
f 455/615/24 459/620/1 458/618/26 454/613/23
f 456/612/22 460/617/25 459/620/1 455/615/24
f 457/616/7 461/621/27 464/622/28 460/617/25
f 458/618/26 462/623/29 461/624/27 457/619/7
f 459/620/1 463/625/30 462/623/29 458/618/26
f 460/617/25 464/622/28 463/625/30 459/620/1
f 461/621/27 465/626/31 468/627/32 464/622/28
f 462/623/29 466/628/33 465/629/31 461/624/27
f 463/625/30 467/630/34 466/628/33 462/623/29
f 464/622/28 468/627/32 467/630/34 463/625/30
f 465/626/31 469/631/35 472/632/36 468/627/32
f 466/628/33 470/633/37 469/634/35 465/629/31
f 467/630/34 471/635/38 470/633/37 466/628/33
f 468/627/32 472/632/36 471/635/38 467/630/34
f 473/636/39 477/637/47 480/638/41 476/639/42
f 474/640/43 478/641/44 477/642/47 473/643/39
f 475/644/45 479/645/46 478/641/44 474/640/43
f 476/639/42 480/638/41 479/645/46 475/644/45
f 477/637/47 433/646/1 436/647/4 480/638/41
f 478/641/44 434/648/5 433/649/1 477/642/47
f 479/645/46 435/650/7 434/648/5 478/641/44
f 480/638/41 436/647/4 435/650/7 479/645/46
f 481/651/1 485/652/2 488/653/3 484/654/4
f 482/655/5 486/656/6 485/657/2 481/658/1
f 483/659/7 487/660/8 486/656/6 482/655/5
f 484/654/4 488/653/3 487/660/8 483/659/7
f 485/652/2 489/661/9 492/662/10 488/653/3
f 486/656/6 490/663/11 489/664/9 485/657/2
f 487/660/8 491/665/12 490/663/11 486/656/6
f 488/653/3 492/662/10 491/665/12 487/660/8
f 493/666/13 497/667/14 500/668/15 496/669/16
f 494/670/17 498/671/18 497/672/14 493/673/13
f 495/674/19 499/675/20 498/671/18 494/670/17
f 496/669/16 500/668/15 499/675/20 495/674/19
f 497/667/14 501/676/21 504/677/22 500/668/15
f 498/671/18 502/678/23 501/679/21 497/672/14
f 499/675/20 503/680/24 502/678/23 498/671/18
f 500/668/15 504/677/22 503/680/24 499/675/20
f 501/676/21 505/681/7 508/682/25 504/677/22
f 502/678/23 506/683/26 505/684/7 501/679/21
f 503/680/24 507/685/1 506/683/26 502/678/23
f 504/677/22 508/682/25 507/685/1 503/680/24
f 505/681/7 509/686/27 512/687/28 508/682/25
f 506/683/26 510/688/29 509/689/27 505/684/7
f 507/685/1 511/690/30 510/688/29 506/683/26
f 508/682/25 512/687/28 511/690/30 507/685/1
f 509/686/27 513/691/31 516/692/32 512/687/28
f 510/688/29 514/693/33 513/694/31 509/689/27
f 511/690/30 515/695/34 514/693/33 510/688/29
f 512/687/28 516/692/32 515/695/34 511/690/30
f 513/691/31 517/696/35 520/697/36 516/692/32
f 514/693/33 518/698/37 517/699/35 513/694/31
f 515/695/34 519/700/38 518/698/37 514/693/33
f 516/692/32 520/697/36 519/700/38 515/695/34
f 521/701/39 525/702/47 528/703/41 524/704/42
f 522/705/43 526/706/44 525/707/47 521/708/39
f 523/709/45 527/710/46 526/706/44 522/705/43
f 524/704/42 528/703/41 527/710/46 523/709/45
f 525/702/47 481/711/1 484/712/4 528/703/41
f 526/706/44 482/713/5 481/714/1 525/707/47
f 527/710/46 483/715/7 482/713/5 526/706/44
f 528/703/41 484/712/4 483/715/7 527/710/46
f 529/716/1 533/717/2 536/718/3 532/719/4
f 530/720/5 534/721/6 533/722/2 529/723/1
f 531/724/7 535/725/8 534/721/6 530/720/5
f 532/719/4 536/718/3 535/725/8 531/724/7
f 533/717/2 537/726/9 540/727/10 536/718/3
f 534/721/6 538/728/11 537/729/9 533/722/2
f 535/725/8 539/730/12 538/728/11 534/721/6
f 536/718/3 540/727/10 539/730/12 535/725/8
f 541/731/13 545/732/14 548/733/15 544/734/16
f 542/735/17 546/736/18 545/737/14 541/738/13
f 543/739/19 547/740/20 546/736/18 542/735/17
f 544/734/16 548/733/15 547/740/20 543/739/19
f 545/732/14 549/741/21 552/742/22 548/733/15
f 546/736/18 550/743/23 549/744/21 545/737/14
f 547/740/20 551/745/24 550/743/23 546/736/18
f 548/733/15 552/742/22 551/745/24 547/740/20
f 549/741/21 553/746/7 556/747/25 552/742/22
f 550/743/23 554/748/26 553/749/7 549/744/21
f 551/745/24 555/750/1 554/748/26 550/743/23
f 552/742/22 556/747/25 555/750/1 551/745/24
f 553/746/7 557/751/27 560/752/28 556/747/25
f 554/748/26 558/753/29 557/754/27 553/749/7
f 555/750/1 559/755/30 558/753/29 554/748/26
f 556/747/25 560/752/28 559/755/30 555/750/1
f 557/751/27 561/756/31 564/757/32 560/752/28
f 558/753/29 562/758/33 561/759/31 557/754/27
f 559/755/30 563/760/34 562/758/33 558/753/29
f 560/752/28 564/757/32 563/760/34 559/755/30
f 561/756/31 565/761/35 568/762/36 564/757/32
f 562/758/33 566/763/37 565/764/35 561/759/31
f 563/760/34 567/765/38 566/763/37 562/758/33
f 564/757/32 568/762/36 567/765/38 563/760/34
f 569/766/39 573/767/47 576/768/41 572/769/42
f 570/770/43 574/771/44 573/772/47 569/773/39
f 571/774/45 575/775/46 574/771/44 570/770/43
f 572/769/42 576/768/41 575/775/46 571/774/45
f 573/767/47 529/776/1 532/777/4 576/768/41
f 574/771/44 530/778/5 529/779/1 573/772/47
f 575/775/46 531/780/7 530/778/5 574/771/44
f 576/768/41 532/777/4 531/780/7 575/775/46
f 577/781/1 581/782/2 584/783/3 580/784/4
f 578/785/5 582/786/6 581/787/2 577/788/1
f 579/789/7 583/790/8 582/786/6 578/785/5
f 580/784/4 584/783/3 583/790/8 579/789/7
f 581/782/2 585/791/9 588/792/10 584/783/3
f 582/786/6 586/793/11 585/794/9 581/787/2
f 583/790/8 587/795/12 586/793/11 582/786/6
f 584/783/3 588/792/10 587/795/12 583/790/8
f 589/796/13 593/797/14 596/798/15 592/799/16
f 590/800/17 594/801/18 593/802/14 589/803/13
f 591/804/19 595/805/20 594/801/18 590/800/17
f 592/799/16 596/798/15 595/805/20 591/804/19
f 593/797/14 597/806/21 600/807/22 596/798/15
f 594/801/18 598/808/23 597/809/21 593/802/14
f 595/805/20 599/810/24 598/808/23 594/801/18
f 596/798/15 600/807/22 599/810/24 595/805/20
f 597/806/21 601/811/7 604/812/25 600/807/22
f 598/808/23 602/813/26 601/814/7 597/809/21
f 599/810/24 603/815/1 602/813/26 598/808/23
f 600/807/22 604/812/25 603/815/1 599/810/24
f 601/811/7 605/816/27 608/817/28 604/812/25
f 602/813/26 606/818/29 605/819/27 601/814/7
f 603/815/1 607/820/30 606/818/29 602/813/26
f 604/812/25 608/817/28 607/820/30 603/815/1
f 605/816/27 609/821/31 612/822/32 608/817/28
f 606/818/29 610/823/33 609/824/31 605/819/27
f 607/820/30 611/825/34 610/823/33 606/818/29
f 608/817/28 612/822/32 611/825/34 607/820/30
f 609/821/31 613/826/35 616/827/36 612/822/32
f 610/823/33 614/828/37 613/829/35 609/824/31
f 611/825/34 615/830/38 614/828/37 610/823/33
f 612/822/32 616/827/36 615/830/38 611/825/34
f 617/831/39 621/832/47 624/833/41 620/834/42
f 618/835/43 622/836/44 621/837/47 617/838/39
f 619/839/45 623/840/46 622/836/44 618/835/43
f 620/834/42 624/833/41 623/840/46 619/839/45
f 621/832/47 577/841/1 580/842/4 624/833/41
f 622/836/44 578/843/5 577/844/1 621/837/47
f 623/840/46 579/845/7 578/843/5 622/836/44
f 624/833/41 580/842/4 579/845/7 623/840/46
f 625/846/1 629/847/2 632/848/3 628/849/4
f 626/850/5 630/851/6 629/852/2 625/853/1
f 627/854/7 631/855/8 630/851/6 626/850/5
f 628/849/4 632/848/3 631/855/8 627/854/7
f 629/847/2 633/856/9 636/857/10 632/848/3
f 630/851/6 634/858/11 633/859/9 629/852/2
f 631/855/8 635/860/12 634/858/11 630/851/6
f 632/848/3 636/857/10 635/860/12 631/855/8
f 637/861/13 641/862/14 644/863/15 640/864/16
f 638/865/17 642/866/18 641/867/14 637/868/13
f 639/869/19 643/870/20 642/866/18 638/865/17
f 640/864/16 644/863/15 643/870/20 639/869/19
f 641/862/14 645/871/21 648/872/22 644/863/15
f 642/866/18 646/873/23 645/874/21 641/867/14
f 643/870/20 647/875/24 646/873/23 642/866/18
f 644/863/15 648/872/22 647/875/24 643/870/20
f 645/871/21 649/876/7 652/877/25 648/872/22
f 646/873/23 650/878/26 649/879/7 645/874/21
f 647/875/24 651/880/1 650/878/26 646/873/23
f 648/872/22 652/877/25 651/880/1 647/875/24
f 649/876/7 653/881/27 656/882/28 652/877/25
f 650/878/26 654/883/29 653/884/27 649/879/7
f 651/880/1 655/885/30 654/883/29 650/878/26
f 652/877/25 656/882/28 655/885/30 651/880/1
f 653/881/27 657/886/31 660/887/32 656/882/28
f 654/883/29 658/888/33 657/889/31 653/884/27
f 655/885/30 659/890/34 658/888/33 654/883/29
f 656/882/28 660/887/32 659/890/34 655/885/30
f 657/886/31 661/891/35 664/892/36 660/887/32
f 658/888/33 662/893/37 661/894/35 657/889/31
f 659/890/34 663/895/38 662/893/37 658/888/33
f 660/887/32 664/892/36 663/895/38 659/890/34
f 665/896/39 669/897/47 672/898/41 668/899/42
f 666/900/43 670/901/44 669/902/47 665/903/39
f 667/904/45 671/905/46 670/901/44 666/900/43
f 668/899/42 672/898/41 671/905/46 667/904/45
f 669/897/47 625/906/1 628/907/4 672/898/41
f 670/901/44 626/908/5 625/909/1 669/902/47
f 671/905/46 627/910/7 626/908/5 670/901/44
f 672/898/41 628/907/4 627/910/7 671/905/46
f 673/911/1 677/912/2 680/913/3 676/914/4
f 674/915/5 678/916/6 677/917/2 673/918/1
f 675/919/7 679/920/8 678/916/6 674/915/5
f 676/914/4 680/913/3 679/920/8 675/919/7
f 677/912/2 681/921/9 684/922/10 680/913/3
f 678/916/6 682/923/11 681/924/9 677/917/2
f 679/920/8 683/925/12 682/923/11 678/916/6
f 680/913/3 684/922/10 683/925/12 679/920/8
f 685/926/13 689/927/14 692/928/15 688/929/16
f 686/930/17 690/931/18 689/932/14 685/933/13
f 687/934/19 691/935/20 690/931/18 686/930/17
f 688/929/16 692/928/15 691/935/20 687/934/19
f 689/927/14 693/936/21 696/937/22 692/928/15
f 690/931/18 694/938/23 693/939/21 689/932/14
f 691/935/20 695/940/24 694/938/23 690/931/18
f 692/928/15 696/937/22 695/940/24 691/935/20
f 693/936/21 697/941/7 700/942/25 696/937/22
f 694/938/23 698/943/26 697/944/7 693/939/21
f 695/940/24 699/945/1 698/943/26 694/938/23
f 696/937/22 700/942/25 699/945/1 695/940/24
f 697/941/7 701/946/27 704/947/28 700/942/25
f 698/943/26 702/948/29 701/949/27 697/944/7
f 699/945/1 703/950/30 702/948/29 698/943/26
f 700/942/25 704/947/28 703/950/30 699/945/1
f 701/946/27 705/951/31 708/952/32 704/947/28
f 702/948/29 706/953/33 705/954/31 701/949/27
f 703/950/30 707/955/34 706/953/33 702/948/29
f 704/947/28 708/952/32 707/955/34 703/950/30
f 705/951/31 709/956/35 712/957/36 708/952/32
f 706/953/33 710/958/37 709/959/35 705/954/31
f 707/955/34 711/960/38 710/958/37 706/953/33
f 708/952/32 712/957/36 711/960/38 707/955/34
f 713/961/39 717/962/47 720/963/41 716/964/42
f 714/965/43 718/966/44 717/967/47 713/968/39
f 715/969/45 719/970/46 718/966/44 714/965/43
f 716/964/42 720/963/41 719/970/46 715/969/45
f 717/962/47 673/971/1 676/972/4 720/963/41
f 718/966/44 674/973/5 673/974/1 717/967/47
f 719/970/46 675/975/7 674/973/5 718/966/44
f 720/963/41 676/972/4 675/975/7 719/970/46
f 721/976/1 725/977/2 728/978/3 724/979/4
f 722/980/5 726/981/6 725/982/2 721/983/1
f 723/984/7 727/985/8 726/981/6 722/980/5
f 724/979/4 728/978/3 727/985/8 723/984/7
f 725/977/2 729/986/9 732/987/10 728/978/3
f 726/981/6 730/988/11 729/989/9 725/982/2
f 727/985/8 731/990/12 730/988/11 726/981/6
f 728/978/3 732/987/10 731/990/12 727/985/8
f 733/991/13 737/992/14 740/993/15 736/994/16
f 734/995/17 738/996/18 737/997/14 733/998/13
f 735/999/19 739/1000/20 738/996/18 734/995/17
f 736/994/16 740/993/15 739/1000/20 735/999/19
f 737/992/14 741/1001/21 744/1002/22 740/993/15
f 738/996/18 742/1003/23 741/1004/21 737/997/14
f 739/1000/20 743/1005/24 742/1003/23 738/996/18
f 740/993/15 744/1002/22 743/1005/24 739/1000/20
f 741/1001/21 745/1006/7 748/1007/25 744/1002/22
f 742/1003/23 746/1008/26 745/1009/7 741/1004/21
f 743/1005/24 747/1010/1 746/1008/26 742/1003/23
f 744/1002/22 748/1007/25 747/1010/1 743/1005/24
f 745/1006/7 749/1011/27 752/1012/28 748/1007/25
f 746/1008/26 750/1013/29 749/1014/27 745/1009/7
f 747/1010/1 751/1015/30 750/1013/29 746/1008/26
f 748/1007/25 752/1012/28 751/1015/30 747/1010/1
f 749/1011/27 753/1016/31 756/1017/32 752/1012/28
f 750/1013/29 754/1018/33 753/1019/31 749/1014/27
f 751/1015/30 755/1020/34 754/1018/33 750/1013/29
f 752/1012/28 756/1017/32 755/1020/34 751/1015/30
f 753/1016/31 757/1021/35 760/1022/36 756/1017/32
f 754/1018/33 758/1023/37 757/1024/35 753/1019/31
f 755/1020/34 759/1025/38 758/1023/37 754/1018/33
f 756/1017/32 760/1022/36 759/1025/38 755/1020/34
f 761/1026/39 765/1027/47 768/1028/41 764/1029/42
f 762/1030/43 766/1031/44 765/1032/47 761/1033/39
f 763/1034/45 767/1035/46 766/1031/44 762/1030/43
f 764/1029/42 768/1028/41 767/1035/46 763/1034/45
f 765/1027/47 721/1036/1 724/1037/4 768/1028/41
f 766/1031/44 722/1038/5 721/1039/1 765/1032/47
f 767/1035/46 723/1040/7 722/1038/5 766/1031/44
f 768/1028/41 724/1037/4 723/1040/7 767/1035/46
f 769/1041/1 773/1042/2 776/1043/3 772/1044/4
f 770/1045/5 774/1046/6 773/1047/2 769/1048/1
f 771/1049/7 775/1050/8 774/1046/6 770/1045/5
f 772/1044/4 776/1043/3 775/1050/8 771/1049/7
f 773/1042/2 777/1051/9 780/1052/10 776/1043/3
f 774/1046/6 778/1053/11 777/1054/9 773/1047/2
f 775/1050/8 779/1055/12 778/1053/11 774/1046/6
f 776/1043/3 780/1052/10 779/1055/12 775/1050/8
f 781/1056/13 785/1057/14 788/1058/15 784/1059/16
f 782/1060/17 786/1061/18 785/1062/14 781/1063/13
f 783/1064/19 787/1065/20 786/1061/18 782/1060/17
f 784/1059/16 788/1058/15 787/1065/20 783/1064/19
f 785/1057/14 789/1066/21 792/1067/22 788/1058/15
f 786/1061/18 790/1068/23 789/1069/21 785/1062/14
f 787/1065/20 791/1070/24 790/1068/23 786/1061/18
f 788/1058/15 792/1067/22 791/1070/24 787/1065/20
f 789/1066/21 793/1071/7 796/1072/25 792/1067/22
f 790/1068/23 794/1073/26 793/1074/7 789/1069/21
f 791/1070/24 795/1075/1 794/1073/26 790/1068/23
f 792/1067/22 796/1072/25 795/1075/1 791/1070/24
f 793/1071/7 797/1076/27 800/1077/28 796/1072/25
f 794/1073/26 798/1078/29 797/1079/27 793/1074/7
f 795/1075/1 799/1080/30 798/1078/29 794/1073/26
f 796/1072/25 800/1077/28 799/1080/30 795/1075/1
f 797/1076/27 801/1081/31 804/1082/32 800/1077/28
f 798/1078/29 802/1083/33 801/1084/31 797/1079/27
f 799/1080/30 803/1085/34 802/1083/33 798/1078/29
f 800/1077/28 804/1082/32 803/1085/34 799/1080/30
f 801/1081/31 805/1086/35 808/1087/36 804/1082/32
f 802/1083/33 806/1088/37 805/1089/35 801/1084/31
f 803/1085/34 807/1090/38 806/1088/37 802/1083/33
f 804/1082/32 808/1087/36 807/1090/38 803/1085/34
f 809/1091/39 813/1092/47 816/1093/41 812/1094/42
f 810/1095/43 814/1096/44 813/1097/47 809/1098/39
f 811/1099/45 815/1100/46 814/1096/44 810/1095/43
f 812/1094/42 816/1093/41 815/1100/46 811/1099/45
f 813/1092/47 769/1101/1 772/1102/4 816/1093/41
f 814/1096/44 770/1103/5 769/1104/1 813/1097/47
f 815/1100/46 771/1105/7 770/1103/5 814/1096/44
f 816/1093/41 772/1102/4 771/1105/7 815/1100/46
f 817/1106/1 821/1107/2 824/1108/3 820/1109/4
f 818/1110/5 822/1111/6 821/1112/2 817/1113/1
f 819/1114/7 823/1115/8 822/1111/6 818/1110/5
f 820/1109/4 824/1108/3 823/1115/8 819/1114/7
f 821/1107/2 825/1116/9 828/1117/10 824/1108/3
f 822/1111/6 826/1118/11 825/1119/9 821/1112/2
f 823/1115/8 827/1120/12 826/1118/11 822/1111/6
f 824/1108/3 828/1117/10 827/1120/12 823/1115/8
f 829/1121/13 833/1122/14 836/1123/15 832/1124/16
f 830/1125/17 834/1126/18 833/1127/14 829/1128/13
f 831/1129/19 835/1130/20 834/1126/18 830/1125/17
f 832/1124/16 836/1123/15 835/1130/20 831/1129/19
f 833/1122/14 837/1131/21 840/1132/22 836/1123/15
f 834/1126/18 838/1133/23 837/1134/21 833/1127/14
f 835/1130/20 839/1135/24 838/1133/23 834/1126/18
f 836/1123/15 840/1132/22 839/1135/24 835/1130/20
f 837/1131/21 841/1136/7 844/1137/25 840/1132/22
f 838/1133/23 842/1138/26 841/1139/7 837/1134/21
f 839/1135/24 843/1140/1 842/1138/26 838/1133/23
f 840/1132/22 844/1137/25 843/1140/1 839/1135/24
f 841/1136/7 845/1141/27 848/1142/28 844/1137/25
f 842/1138/26 846/1143/29 845/1144/27 841/1139/7
f 843/1140/1 847/1145/30 846/1143/29 842/1138/26
f 844/1137/25 848/1142/28 847/1145/30 843/1140/1
f 845/1141/27 849/1146/31 852/1147/32 848/1142/28
f 846/1143/29 850/1148/33 849/1149/31 845/1144/27
f 847/1145/30 851/1150/34 850/1148/33 846/1143/29
f 848/1142/28 852/1147/32 851/1150/34 847/1145/30
f 849/1146/31 853/1151/35 856/1152/36 852/1147/32
f 850/1148/33 854/1153/37 853/1154/35 849/1149/31
f 851/1150/34 855/1155/38 854/1153/37 850/1148/33
f 852/1147/32 856/1152/36 855/1155/38 851/1150/34
f 857/1156/39 861/1157/47 864/1158/41 860/1159/42
f 858/1160/43 862/1161/44 861/1162/47 857/1163/39
f 859/1164/45 863/1165/46 862/1161/44 858/1160/43
f 860/1159/42 864/1158/41 863/1165/46 859/1164/45
f 861/1157/47 817/1166/1 820/1167/4 864/1158/41
f 862/1161/44 818/1168/5 817/1169/1 861/1162/47
f 863/1165/46 819/1170/7 818/1168/5 862/1161/44
f 864/1158/41 820/1167/4 819/1170/7 863/1165/46
f 832/1124/16 831/1129/19 827/1120/12 828/1117/10
f 831/1129/19 830/1125/17 826/1118/11 827/1120/12
f 830/1125/17 829/1128/13 825/1119/9 826/1118/11
f 829/1121/13 832/1124/16 828/1117/10 825/1116/9
f 784/1059/16 783/1064/19 779/1055/12 780/1052/10
f 783/1064/19 782/1060/17 778/1053/11 779/1055/12
f 782/1060/17 781/1063/13 777/1054/9 778/1053/11
f 781/1056/13 784/1059/16 780/1052/10 777/1051/9
f 736/994/16 735/999/19 731/990/12 732/987/10
f 735/999/19 734/995/17 730/988/11 731/990/12
f 734/995/17 733/998/13 729/989/9 730/988/11
f 733/991/13 736/994/16 732/987/10 729/986/9
f 688/929/16 687/934/19 683/925/12 684/922/10
f 687/934/19 686/930/17 682/923/11 683/925/12
f 686/930/17 685/933/13 681/924/9 682/923/11
f 685/926/13 688/929/16 684/922/10 681/921/9
f 640/864/16 639/869/19 635/860/12 636/857/10
f 639/869/19 638/865/17 634/858/11 635/860/12
f 638/865/17 637/868/13 633/859/9 634/858/11
f 637/861/13 640/864/16 636/857/10 633/856/9
f 592/799/16 591/804/19 587/795/12 588/792/10
f 591/804/19 590/800/17 586/793/11 587/795/12
f 590/800/17 589/803/13 585/794/9 586/793/11
f 589/796/13 592/799/16 588/792/10 585/791/9
f 544/734/16 543/739/19 539/730/12 540/727/10
f 543/739/19 542/735/17 538/728/11 539/730/12
f 542/735/17 541/738/13 537/729/9 538/728/11
f 541/731/13 544/734/16 540/727/10 537/726/9
f 496/669/16 495/674/19 491/665/12 492/662/10
f 495/674/19 494/670/17 490/663/11 491/665/12
f 494/670/17 493/673/13 489/664/9 490/663/11
f 493/666/13 496/669/16 492/662/10 489/661/9
f 448/604/16 447/609/19 443/600/12 444/597/10
f 447/609/19 446/605/17 442/598/11 443/600/12
f 446/605/17 445/608/13 441/599/9 442/598/11
f 445/601/13 448/604/16 444/597/10 441/596/9
f 400/539/16 399/544/19 395/535/12 396/532/10
f 399/544/19 398/540/17 394/533/11 395/535/12
f 398/540/17 397/543/13 393/534/9 394/533/11
f 397/536/13 400/539/16 396/532/10 393/531/9
f 352/474/16 351/479/19 347/470/12 348/467/10
f 351/479/19 350/475/17 346/468/11 347/470/12
f 350/475/17 349/478/13 345/469/9 346/468/11
f 349/471/13 352/474/16 348/467/10 345/466/9
f 304/409/16 303/414/19 299/405/12 300/402/10
f 303/414/19 302/410/17 298/403/11 299/405/12
f 302/410/17 301/413/13 297/404/9 298/403/11
f 301/406/13 304/409/16 300/402/10 297/401/9
f 256/344/16 255/349/19 251/340/12 252/337/10
f 255/349/19 254/345/17 250/338/11 251/340/12
f 254/345/17 253/348/13 249/339/9 250/338/11
f 253/341/13 256/344/16 252/337/10 249/336/9
f 208/279/16 207/284/19 203/275/12 204/272/10
f 207/284/19 206/280/17 202/273/11 203/275/12
f 206/280/17 205/283/13 201/274/9 202/273/11
f 205/276/13 208/279/16 204/272/10 201/271/9
f 160/214/16 159/219/19 155/210/12 156/207/10
f 159/219/19 158/215/17 154/208/11 155/210/12
f 158/215/17 157/218/13 153/209/9 154/208/11
f 157/211/13 160/214/16 156/207/10 153/206/9
f 112/149/16 111/154/19 107/145/12 108/142/10
f 111/154/19 110/150/17 106/143/11 107/145/12
f 110/150/17 109/153/13 105/144/9 106/143/11
f 109/146/13 112/149/16 108/142/10 105/141/9
f 64/84/16 63/89/19 59/80/12 60/77/10
f 63/89/19 62/85/17 58/78/11 59/80/12
f 62/85/17 61/88/13 57/79/9 58/78/11
f 61/81/13 64/84/16 60/77/10 57/76/9
f 16/19/16 15/24/19 11/15/12 12/12/10
f 15/24/19 14/20/17 10/13/11 11/15/12
f 14/20/17 13/23/13 9/14/9 10/13/11
f 13/16/13 16/19/16 12/12/10 9/11/9
o body
v 16.287437 19.480125 2.148085
v 10.503483 19.480124 2.148085
v 7.666970 19.480124 2.148085
v 4.830462 19.480124 2.148085
v 1.993950 19.480124 2.148084
v -0.842559 19.480124 2.148085
v -3.679069 19.480124 2.148084
v -6.515580 19.480124 2.148084
v -9.352090 19.480124 2.148084
v -15.151826 19.480122 2.148084
v -15.151827 -22.438894 2.148084
v 16.287441 -22.438894 2.148085
v -15.151830 15.392938 2.148084
v -15.151830 15.392938 1.925734
v -11.388654 17.681446 2.148084
v -11.388654 16.212332 2.148084
v -10.152040 16.212332 2.148084
v -10.152038 17.681446 2.148084
v -8.552143 17.681446 2.148084
v -8.552144 16.212334 2.148084
v -7.315529 16.212334 2.148084
v -7.315527 17.681446 2.148084
v -5.715632 17.681446 2.148084
v -5.715634 16.212334 2.148084
v -4.479018 16.212334 2.148084
v -4.479017 17.681446 2.148084
v -2.879123 17.681446 2.148084
v -2.879123 16.212334 2.148084
v -1.642507 16.212334 2.148085
v -1.642507 17.681446 2.148085
v -0.042611 17.681446 2.148085
v -0.042613 16.212334 2.148085
v 1.194003 16.212334 2.148084
v 1.194004 17.681446 2.148084
v 2.793897 17.681446 2.148084
v 2.793897 16.212334 2.148084
v 4.030514 16.212334 2.148085
v 4.030514 17.681446 2.148085
v 5.630408 17.681446 2.148085
v 5.630407 16.212334 2.148085
v 6.867023 16.212334 2.148085
v 6.867023 17.681446 2.148085
v 8.466921 17.681446 2.148085
v 8.466918 16.212334 2.148085
v 9.703532 16.212334 2.148085
v 9.703532 17.681446 2.148085
v 11.303428 17.681448 2.148085
v 11.303428 16.212334 2.148085
v 12.540045 16.212334 2.148085
v 12.540045 17.681448 2.148085
v 16.287437 19.480125 1.925735
v 10.503483 19.480124 1.925735
v 7.666970 19.480124 1.925735
v 4.830462 19.480124 1.925735
v 1.993950 19.480124 1.925735
v -0.842559 19.480124 1.925735
v -3.679069 19.480124 1.925735
v -6.515580 19.480124 1.925735
v -9.352090 19.480124 1.925735
v -15.151826 19.480122 1.925734
v -15.151827 -22.438894 1.925734
v 16.287441 -22.438894 1.925736
v -9.352092 15.392939 1.925735
v -6.515582 15.392939 1.925736
v -3.679071 15.392939 1.925736
v -0.842562 15.392939 1.925736
v 1.993949 15.392939 1.925736
v 4.830459 15.392940 1.925736
v 7.666970 15.392940 1.925736
v 10.503480 15.392940 1.925736
v 13.339990 15.392940 1.925736
v -11.388654 17.681446 1.925735
v -11.388654 16.212332 1.925735
v -10.152040 16.212332 1.925735
v -10.152038 17.681446 1.925735
v -8.552143 17.681446 1.925736
v -8.552144 16.212334 1.925736
v -7.315529 16.212334 1.925736
v -7.315527 17.681446 1.925736
v -5.715632 17.681446 1.925736
v -5.715634 16.212334 1.925736
v -4.479018 16.212334 1.925736
v -4.479017 17.681446 1.925736
v -2.879123 17.681446 1.925736
v -2.879123 16.212334 1.925736
v -1.642507 16.212334 1.925736
v -1.642507 17.681446 1.925736
v -0.042611 17.681446 1.925736
v -0.042612 16.212334 1.925736
v 1.194003 16.212334 1.925736
v 1.194004 17.681446 1.925736
v 2.793897 17.681446 1.925736
v 2.793897 16.212334 1.925736
v 4.030514 16.212334 1.925736
v 4.030514 17.681446 1.925736
v 5.630408 17.681446 1.925736
v 5.630407 16.212334 1.925736
v 6.867023 16.212334 1.925736
v 6.867023 17.681446 1.925736
v 8.466921 17.681446 1.925736
v 8.466918 16.212334 1.925736
v 9.703532 16.212334 1.925736
v 9.703532 17.681446 1.925736
v 11.303428 17.681448 1.925736
v 11.303428 16.212334 1.925736
v 12.540045 16.212334 1.925736
v 12.540045 17.681448 1.925736
v 16.287437 19.480125 -2.101273
v 10.503483 19.480124 -2.101273
v 7.666970 19.480124 -2.101274
v 4.830462 19.480124 -2.101274
v 1.993951 19.480124 -2.101274
v -0.842559 19.480124 -2.101274
v -3.679069 19.480124 -2.101274
v -6.515580 19.480124 -2.101274
v -9.352090 19.480124 -2.101274
v -15.151826 19.480122 -2.101275
v -15.151827 -22.438894 -2.101275
v 16.287441 -22.438894 -2.101273
v -15.151830 15.392938 -2.101275
v -15.151830 15.392938 -1.878925
v -11.388654 17.681446 -2.101274
v -11.388654 16.212332 -2.101274
v -10.152040 16.212332 -2.101274
v -10.152038 17.681446 -2.101274
v -8.552143 17.681446 -2.101274
v -8.552144 16.212334 -2.101274
v -7.315529 16.212334 -2.101274
v -7.315527 17.681446 -2.101274
v -5.715632 17.681446 -2.101274
v -5.715634 16.212334 -2.101274
v -4.479018 16.212334 -2.101274
v -4.479017 17.681446 -2.101274
v -2.879123 17.681446 -2.101274
v -2.879123 16.212334 -2.101274
v -1.642507 16.212334 -2.101274
v -1.642507 17.681446 -2.101274
v -0.042611 17.681446 -2.101274
v -0.042612 16.212334 -2.101274
v 1.194003 16.212334 -2.101274
v 1.194005 17.681446 -2.101274
v 2.793897 17.681446 -2.101274
v 2.793897 16.212334 -2.101274
v 4.030514 16.212334 -2.101274
v 4.030514 17.681446 -2.101274
v 5.630408 17.681446 -2.101274
v 5.630407 16.212334 -2.101274
v 6.867023 16.212334 -2.101274
v 6.867023 17.681446 -2.101274
v 8.466921 17.681446 -2.101274
v 8.466918 16.212334 -2.101274
v 9.703532 16.212334 -2.101273
v 9.703532 17.681446 -2.101273
v 11.303428 17.681448 -2.101273
v 11.303428 16.212334 -2.101273
v 12.540045 16.212334 -2.101273
v 12.540045 17.681448 -2.101273
v 16.287437 19.480125 -1.878923
v 10.503483 19.480124 -1.878924
v 7.666970 19.480124 -1.878924
v 4.830462 19.480124 -1.878924
v 1.993951 19.480124 -1.878924
v -0.842559 19.480124 -1.878924
v -3.679069 19.480124 -1.878924
v -6.515580 19.480124 -1.878925
v -9.352090 19.480124 -1.878925
v -15.151826 19.480122 -1.878925
v -11.388654 17.681446 0.023405
v -11.388654 16.212332 0.023405
v -10.152040 16.212332 0.023405
v -10.152038 17.681446 0.023405
v -8.552143 17.681446 0.023405
v -8.552144 16.212334 0.023405
v -7.315529 16.212334 0.023405
v -7.315527 17.681446 0.023405
v -5.715632 17.681446 0.023405
v -5.715634 16.212334 0.023405
v -4.479018 16.212334 0.023405
v -4.479017 17.681446 0.023405
v -2.879123 17.681446 0.023405
v -2.879123 16.212334 0.023405
v -1.642507 16.212334 0.023405
v -1.642507 17.681446 0.023405
v -0.042611 17.681446 0.023405
v -0.042612 16.212334 0.023405
v 1.194003 16.212334 0.023405
v 1.194004 17.681446 0.023405
v 2.793897 17.681446 0.023405
v 2.793897 16.212334 0.023405
v 4.030514 16.212334 0.023406
v 4.030514 17.681446 0.023406
v 5.630408 17.681446 0.023406
v 5.630407 16.212334 0.023406
v 6.867023 16.212334 0.023406
v 6.867023 17.681446 0.023406
v 8.466921 17.681446 0.023406
v 8.466918 16.212334 0.023406
v 9.703532 16.212334 0.023406
v 9.703532 17.681446 0.023406
v 11.303428 17.681448 0.023406
v 11.303428 16.212334 0.023406
v 12.540045 16.212334 0.023406
v 12.540045 17.681448 0.023406
v -15.151827 -22.438894 -1.878924
v 16.287441 -22.438894 -1.878924
v -9.352092 15.392939 -1.878926
v -6.515582 15.392939 -1.878925
v -3.679071 15.392939 -1.878925
v -0.842561 15.392939 -1.878925
v 1.993950 15.392939 -1.878925
v 4.830459 15.392940 -1.878925
v 7.666970 15.392940 -1.878925
v 10.503480 15.392940 -1.878924
v 13.339990 15.392940 -1.878924
v -11.388654 17.681446 -1.878926
v -11.388654 16.212332 -1.878926
v -10.152040 16.212332 -1.878926
v -10.152038 17.681446 -1.878926
v -8.552143 17.681446 -1.878925
v -8.552144 16.212334 -1.878925
v -7.315529 16.212334 -1.878925
v -7.315527 17.681446 -1.878925
v -5.715632 17.681446 -1.878925
v -5.715634 16.212334 -1.878925
v -4.479018 16.212334 -1.878925
v -4.479017 17.681446 -1.878925
v -2.879123 17.681446 -1.878925
v -2.879123 16.212334 -1.878925
v -1.642507 16.212334 -1.878925
v -1.642507 17.681446 -1.878925
v -0.042611 17.681446 -1.878925
v -0.042612 16.212334 -1.878925
v 1.194003 16.212334 -1.878925
v 1.194005 17.681446 -1.878925
v 2.793897 17.681446 -1.878925
v 2.793897 16.212334 -1.878925
v 4.030514 16.212334 -1.878925
v 4.030514 17.681446 -1.878925
v 5.630408 17.681446 -1.878925
v 5.630407 16.212334 -1.878925
v 6.867023 16.212334 -1.878925
v 6.867023 17.681446 -1.878925
v 8.466921 17.681446 -1.878925
v 8.466918 16.212334 -1.878925
v 9.703532 16.212334 -1.878925
v 9.703532 17.681446 -1.878925
v 11.303428 17.681448 -1.878924
v 11.303428 16.212334 -1.878924
v 12.540045 16.212334 -1.878924
v 12.540045 17.681448 -1.878924
vt 0.014700 0.945920
vt 0.014700 0.923646
vt 0.014700 0.923646
vt 0.014700 0.945920
vt 0.014700 0.902441
vt 0.014700 0.880167
vt 0.014700 0.880167
vt 0.014700 0.902441
vt 0.014700 0.858963
vt 0.014700 0.836689
vt 0.014700 0.836689
vt 0.014700 0.858963
vt 0.014700 0.815485
vt 0.014700 0.793211
vt 0.014700 0.793211
vt 0.014700 0.815485
vt 0.014700 0.772007
vt 0.014700 0.749733
vt 0.014700 0.749733
vt 0.014700 0.772007
vt 0.014700 0.728528
vt 0.014700 0.706254
vt 0.014700 0.706254
vt 0.014700 0.728528
vt 0.014700 0.685050
vt 0.014700 0.662776
vt 0.014700 0.662776
vt 0.014700 0.685050
vt 0.014700 0.641572
vt 0.014700 0.619298
vt 0.014700 0.619298
vt 0.014700 0.641572
vt 0.014700 0.598094
vt 0.014700 0.575820
vt 0.014700 0.575820
vt 0.014700 0.598094
vt 0.051438 0.575819
vt 0.051438 0.575819
vt 0.051438 0.598093
vt 0.051438 0.598093
vt 0.000000 0.565217
vt 0.000000 0.608696
vt 0.000000 0.608696
vt 0.000000 0.565217
vt 0.051438 0.619298
vt 0.051438 0.619298
vt 0.051438 0.641572
vt 0.051438 0.641572
vt 0.000000 0.652174
vt 0.000000 0.652174
vt 0.051438 0.662776
vt 0.051438 0.662776
vt 0.051438 0.685050
vt 0.051438 0.685050
vt 0.000000 0.695652
vt 0.000000 0.695652
vt 0.051438 0.706254
vt 0.051438 0.706254
vt 0.051438 0.728528
vt 0.051438 0.728528
vt 0.000000 0.739130
vt 0.000000 0.739130
vt 0.051438 0.749733
vt 0.051438 0.749733
vt 0.051438 0.772007
vt 0.051438 0.772007
vt 0.000000 0.782609
vt 0.000000 0.782609
vt 0.051438 0.793211
vt 0.051438 0.793211
vt 0.051438 0.815485
vt 0.051438 0.815485
vt 0.000000 0.826087
vt 0.000000 0.826087
vt 0.051438 0.836689
vt 0.051438 0.836689
vt 0.051438 0.858963
vt 0.051438 0.858963
vt 0.000000 0.869565
vt 0.000000 0.869565
vt 0.051438 0.880167
vt 0.051438 0.880167
vt 0.051438 0.902441
vt 0.051438 0.902441
vt 0.000000 0.913043
vt 0.000000 0.913043
vt 0.051438 0.923646
vt 0.051438 0.923646
vt 0.051438 0.945920
vt 0.051438 0.945920
vt 0.000000 0.956522
vt 0.000000 0.956522
vt 0.000000 1.000000
vt 1.000000 1.000000
vt 1.000000 1.000000
vt 0.000000 1.000000
vt 1.000000 0.521739
vt 1.000000 0.521739
vt 0.000000 0.000000
vt 0.066138 0.565217
vt 0.000000 0.000000
vt 0.000000 0.000000
vt 0.000000 0.000000
vt 0.066138 0.956522
vt 0.066138 0.521739
vt 0.066138 0.565217
vt 0.066138 0.608696
vt 0.066138 0.652174
vt 0.066138 0.695652
vt 0.066138 0.739130
vt 0.066138 0.782609
vt 0.066138 0.826087
vt 0.066138 0.869565
vt 0.066138 0.913043
vt 0.051438 0.575819
vt 0.014700 0.575820
vt 0.051438 0.598093
vt 0.014700 0.598094
vt 0.051438 0.619298
vt 0.014700 0.619298
vt 0.051438 0.641572
vt 0.014700 0.641572
vt 0.051438 0.662776
vt 0.014700 0.662776
vt 0.051438 0.685050
vt 0.014700 0.685050
vt 0.051438 0.706254
vt 0.014700 0.706254
vt 0.051438 0.728528
vt 0.014700 0.728528
vt 0.051438 0.749733
vt 0.014700 0.749733
vt 0.051438 0.772007
vt 0.014700 0.772007
vt 0.051438 0.793211
vt 0.014700 0.793211
vt 0.051438 0.815485
vt 0.014700 0.815485
vt 0.051438 0.836689
vt 0.014700 0.836689
vt 0.051438 0.858963
vt 0.014700 0.858963
vt 0.051438 0.880167
vt 0.014700 0.880167
vt 0.051438 0.902441
vt 0.014700 0.902441
vt 0.051438 0.923646
vt 0.014700 0.923646
vt 0.051438 0.945920
vt 0.014700 0.945920
vt 0.014700 0.945920
vt 0.014700 0.923646
vt 0.014700 0.902441
vt 0.014700 0.880167
vt 0.014700 0.858963
vt 0.014700 0.836689
vt 0.014700 0.815485
vt 0.014700 0.793211
vt 0.014700 0.772007
vt 0.014700 0.749733
vt 0.014700 0.728528
vt 0.014700 0.706254
vt 0.014700 0.685050
vt 0.014700 0.662776
vt 0.014700 0.641572
vt 0.014700 0.619298
vt 0.014700 0.598094
vt 0.014700 0.575820
vt 0.051438 0.575819
vt 0.051438 0.598093
vt 0.000000 0.565217
vt 0.000000 0.565217
vt 0.000000 0.608696
vt 0.000000 0.608696
vt 0.051438 0.619298
vt 0.051438 0.641572
vt 0.000000 0.652174
vt 0.000000 0.652174
vt 0.051438 0.662776
vt 0.051438 0.685050
vt 0.000000 0.695652
vt 0.000000 0.695652
vt 0.051438 0.706254
vt 0.051438 0.728528
vt 0.000000 0.739130
vt 0.000000 0.739130
vt 0.051438 0.749733
vt 0.051438 0.772007
vt 0.000000 0.782609
vt 0.000000 0.782609
vt 0.051438 0.793211
vt 0.051438 0.815485
vt 0.000000 0.826087
vt 0.000000 0.826087
vt 0.051438 0.836689
vt 0.051438 0.858963
vt 0.000000 0.869565
vt 0.000000 0.869565
vt 0.051438 0.880167
vt 0.051438 0.902441
vt 0.000000 0.913043
vt 0.000000 0.913043
vt 0.051438 0.923646
vt 0.051438 0.945920
vt 0.000000 0.956522
vt 0.000000 0.956522
vt 0.000000 1.000000
vt 0.000000 1.000000
vt 1.000000 1.000000
vt 1.000000 1.000000
vt 1.000000 0.521739
vt 1.000000 0.521739
vt 0.066138 0.565217
vt 0.000000 0.000000
vt 0.000000 0.000000
vt 0.000000 0.000000
vt 0.000000 0.000000
vt 0.066138 0.956522
vt 0.066138 0.521739
vt 0.066138 0.565217
vt 0.066138 0.608696
vt 0.066138 0.652174
vt 0.066138 0.695652
vt 0.066138 0.739130
vt 0.066138 0.782609
vt 0.066138 0.826087
vt 0.066138 0.869565
vt 0.066138 0.913043
vt 0.014700 0.575820
vt 0.051438 0.575819
vt 0.051438 0.598093
vt 0.014700 0.598094
vt 0.014700 0.619298
vt 0.051438 0.619298
vt 0.051438 0.641572
vt 0.014700 0.641572
vt 0.014700 0.662776
vt 0.051438 0.662776
vt 0.051438 0.685050
vt 0.014700 0.685050
vt 0.014700 0.706254
vt 0.051438 0.706254
vt 0.051438 0.728528
vt 0.014700 0.728528
vt 0.014700 0.749733
vt 0.051438 0.749733
vt 0.051438 0.772007
vt 0.014700 0.772007
vt 0.014700 0.793211
vt 0.051438 0.793211
vt 0.051438 0.815485
vt 0.014700 0.815485
vt 0.014700 0.836689
vt 0.051438 0.836689
vt 0.051438 0.858963
vt 0.014700 0.858963
vt 0.014700 0.880167
vt 0.051438 0.880167
vt 0.051438 0.902441
vt 0.014700 0.902441
vt 0.014700 0.923646
vt 0.051438 0.923646
vt 0.051438 0.945920
vt 0.014700 0.945920
vn 0.0000 -1.0000 0.0000
vn 1.0000 0.0000 0.0000
vn 0.0000 1.0000 0.0000
vn -1.0000 0.0000 0.0000
vn 0.0000 0.0000 1.0000
vn 0.0000 0.0000 -1.0000
s off
f 914/1171/48 911/1172/48 1064/1173/48 1067/1174/48
f 910/1175/48 907/1176/48 1060/1177/48 1063/1178/48
f 906/1179/48 903/1180/48 1056/1181/48 1059/1182/48
f 902/1183/48 899/1184/48 1052/1185/48 1055/1186/48
f 898/1187/48 895/1188/48 1048/1189/48 1051/1190/48
f 894/1191/48 891/1192/48 1044/1193/48 1047/1194/48
f 890/1195/48 887/1196/48 1040/1197/48 1043/1198/48
f 886/1199/48 883/1200/48 1036/1201/48 1039/1202/48
f 882/1203/48 879/1204/48 1032/1205/48 1035/1206/48
f 879/1204/49 880/1207/49 1033/1208/49 1032/1205/49
f 880/1207/50 881/1209/50 1034/1210/50 1033/1208/50
f 881/1209/51 882/1203/51 1035/1206/51 1034/1210/51
f 874/1211/50 873/1212/50 923/1213/50 924/1214/50
f 883/1200/49 884/1215/49 1037/1216/49 1036/1201/49
f 884/1215/50 885/1217/50 1038/1218/50 1037/1216/50
f 885/1217/51 886/1199/51 1039/1202/51 1038/1218/51
f 873/1212/50 872/1219/50 922/1220/50 923/1213/50
f 887/1196/49 888/1221/49 1041/1222/49 1040/1197/49
f 888/1221/50 889/1223/50 1042/1224/50 1041/1222/50
f 889/1223/51 890/1195/51 1043/1198/51 1042/1224/51
f 872/1219/50 871/1225/50 921/1226/50 922/1220/50
f 891/1192/49 892/1227/49 1045/1228/49 1044/1193/49
f 892/1227/50 893/1229/50 1046/1230/50 1045/1228/50
f 893/1229/51 894/1191/51 1047/1194/51 1046/1230/51
f 871/1225/50 870/1231/50 920/1232/50 921/1226/50
f 895/1188/49 896/1233/49 1049/1234/49 1048/1189/49
f 896/1233/50 897/1235/50 1050/1236/50 1049/1234/50
f 897/1235/51 898/1187/51 1051/1190/51 1050/1236/51
f 870/1231/50 869/1237/50 919/1238/50 920/1232/50
f 899/1184/49 900/1239/49 1053/1240/49 1052/1185/49
f 900/1239/50 901/1241/50 1054/1242/50 1053/1240/50
f 901/1241/51 902/1183/51 1055/1186/51 1054/1242/51
f 869/1237/50 868/1243/50 918/1244/50 919/1238/50
f 903/1180/49 904/1245/49 1057/1246/49 1056/1181/49
f 904/1245/50 905/1247/50 1058/1248/50 1057/1246/50
f 905/1247/51 906/1179/51 1059/1182/51 1058/1248/51
f 868/1243/50 867/1249/50 917/1250/50 918/1244/50
f 907/1176/49 908/1251/49 1061/1252/49 1060/1177/49
f 908/1251/50 909/1253/50 1062/1254/50 1061/1252/50
f 909/1253/51 910/1175/51 1063/1178/51 1062/1254/51
f 867/1249/50 866/1255/50 916/1256/50 917/1250/50
f 911/1172/49 912/1257/49 1065/1258/49 1064/1173/49
f 912/1257/50 913/1259/50 1066/1260/50 1065/1258/50
f 913/1259/51 914/1171/51 1067/1174/51 1066/1260/51
f 866/1255/50 865/1261/50 915/1262/50 916/1256/50
f 865/1263/49 876/1264/49 926/1265/49 915/1266/49
f 876/1264/48 875/1267/48 925/1268/48 926/1265/48
f 924/1214/51 878/1269/51 877/1270/51 874/1211/51
f 925/1271/51 875/1272/51 877/1273/51 878/1269/51
f 935/1274/52 926/1265/52 915/1266/52
f 878/1275/52 925/1268/52 926/1265/52
f 878/1276/52 926/1265/52 927/1277/52
f 927/1277/52 926/1265/52 928/1278/52
f 928/1278/52 926/1265/52 929/1279/52
f 929/1279/52 926/1265/52 930/1280/52
f 930/1280/52 926/1265/52 931/1281/52
f 931/1281/52 926/1265/52 932/1282/52
f 932/1282/52 926/1265/52 933/1283/52
f 933/1283/52 926/1265/52 934/1284/52
f 934/1284/52 926/1265/52 935/1274/52
f 924/1214/52 878/1276/52 937/1285/52 936/1286/52
f 878/1276/52 927/1277/52 938/1287/52 937/1285/52
f 927/1277/52 923/1213/52 939/1288/52 938/1287/52
f 923/1213/52 924/1214/52 936/1286/52 939/1288/52
f 923/1213/52 927/1277/52 941/1289/52 940/1290/52
f 927/1277/52 928/1278/52 942/1291/52 941/1289/52
f 928/1278/52 922/1220/52 943/1292/52 942/1291/52
f 922/1220/52 923/1213/52 940/1290/52 943/1292/52
f 922/1220/52 928/1278/52 945/1293/52 944/1294/52
f 928/1278/52 929/1279/52 946/1295/52 945/1293/52
f 929/1279/52 921/1226/52 947/1296/52 946/1295/52
f 921/1226/52 922/1220/52 944/1294/52 947/1296/52
f 921/1226/52 929/1279/52 949/1297/52 948/1298/52
f 929/1279/52 930/1280/52 950/1299/52 949/1297/52
f 930/1280/52 920/1232/52 951/1300/52 950/1299/52
f 920/1232/52 921/1226/52 948/1298/52 951/1300/52
f 920/1232/52 930/1280/52 953/1301/52 952/1302/52
f 930/1280/52 931/1281/52 954/1303/52 953/1301/52
f 931/1281/52 919/1238/52 955/1304/52 954/1303/52
f 919/1238/52 920/1232/52 952/1302/52 955/1304/52
f 919/1238/52 931/1281/52 957/1305/52 956/1306/52
f 931/1281/52 932/1282/52 958/1307/52 957/1305/52
f 932/1282/52 918/1244/52 959/1308/52 958/1307/52
f 918/1244/52 919/1238/52 956/1306/52 959/1308/52
f 918/1244/52 932/1282/52 961/1309/52 960/1310/52
f 932/1282/52 933/1283/52 962/1311/52 961/1309/52
f 933/1283/52 917/1250/52 963/1312/52 962/1311/52
f 917/1250/52 918/1244/52 960/1310/52 963/1312/52
f 917/1250/52 933/1283/52 965/1313/52 964/1314/52
f 933/1283/52 934/1284/52 966/1315/52 965/1313/52
f 934/1284/52 916/1256/52 967/1316/52 966/1315/52
f 916/1256/52 917/1250/52 964/1314/52 967/1316/52
f 916/1256/52 934/1284/52 969/1317/52 968/1318/52
f 934/1284/52 935/1274/52 970/1319/52 969/1317/52
f 935/1274/52 915/1262/52 971/1320/52 970/1319/52
f 915/1262/52 916/1256/52 968/1318/52 971/1320/52
f 1021/1321/48 1067/1174/48 1064/1173/48 1018/1322/48
f 1017/1323/48 1063/1178/48 1060/1177/48 1014/1324/48
f 1013/1325/48 1059/1182/48 1056/1181/48 1010/1326/48
f 1009/1327/48 1055/1186/48 1052/1185/48 1006/1328/48
f 1005/1329/48 1051/1190/48 1048/1189/48 1002/1330/48
f 1001/1331/48 1047/1194/48 1044/1193/48 998/1332/48
f 997/1333/48 1043/1198/48 1040/1197/48 994/1334/48
f 993/1335/48 1039/1202/48 1036/1201/48 990/1336/48
f 989/1337/48 1035/1206/48 1032/1205/48 986/1338/48
f 986/1338/49 1032/1205/49 1033/1208/49 987/1339/49
f 987/1339/50 1033/1208/50 1034/1210/50 988/1340/50
f 988/1340/51 1034/1210/51 1035/1206/51 989/1337/51
f 981/1341/50 1031/1342/50 1030/1343/50 980/1344/50
f 990/1336/49 1036/1201/49 1037/1216/49 991/1345/49
f 991/1345/50 1037/1216/50 1038/1218/50 992/1346/50
f 992/1346/51 1038/1218/51 1039/1202/51 993/1335/51
f 980/1344/50 1030/1343/50 1029/1347/50 979/1348/50
f 994/1334/49 1040/1197/49 1041/1222/49 995/1349/49
f 995/1349/50 1041/1222/50 1042/1224/50 996/1350/50
f 996/1350/51 1042/1224/51 1043/1198/51 997/1333/51
f 979/1348/50 1029/1347/50 1028/1351/50 978/1352/50
f 998/1332/49 1044/1193/49 1045/1228/49 999/1353/49
f 999/1353/50 1045/1228/50 1046/1230/50 1000/1354/50
f 1000/1354/51 1046/1230/51 1047/1194/51 1001/1331/51
f 978/1352/50 1028/1351/50 1027/1355/50 977/1356/50
f 1002/1330/49 1048/1189/49 1049/1234/49 1003/1357/49
f 1003/1357/50 1049/1234/50 1050/1236/50 1004/1358/50
f 1004/1358/51 1050/1236/51 1051/1190/51 1005/1329/51
f 977/1356/50 1027/1355/50 1026/1359/50 976/1360/50
f 1006/1328/49 1052/1185/49 1053/1240/49 1007/1361/49
f 1007/1361/50 1053/1240/50 1054/1242/50 1008/1362/50
f 1008/1362/51 1054/1242/51 1055/1186/51 1009/1327/51
f 976/1360/50 1026/1359/50 1025/1363/50 975/1364/50
f 1010/1326/49 1056/1181/49 1057/1246/49 1011/1365/49
f 1011/1365/50 1057/1246/50 1058/1248/50 1012/1366/50
f 1012/1366/51 1058/1248/51 1059/1182/51 1013/1325/51
f 975/1364/50 1025/1363/50 1024/1367/50 974/1368/50
f 1014/1324/49 1060/1177/49 1061/1252/49 1015/1369/49
f 1015/1369/50 1061/1252/50 1062/1254/50 1016/1370/50
f 1016/1370/51 1062/1254/51 1063/1178/51 1017/1323/51
f 974/1368/50 1024/1367/50 1023/1371/50 973/1372/50
f 1018/1322/49 1064/1173/49 1065/1258/49 1019/1373/49
f 1019/1373/50 1065/1258/50 1066/1260/50 1020/1374/50
f 1020/1374/51 1066/1260/51 1067/1174/51 1021/1321/51
f 973/1372/50 1023/1371/50 1022/1375/50 972/1376/50
f 972/1377/49 1022/1378/49 1069/1379/49 983/1380/49
f 983/1380/48 1069/1379/48 1068/1381/48 982/1382/48
f 1031/1342/51 981/1341/51 984/1383/51 985/1384/51
f 1068/1385/51 985/1384/51 984/1386/51 982/1387/51
f 1078/1388/53 1022/1378/53 1069/1379/53
f 985/1389/53 1069/1379/53 1068/1381/53
f 985/1390/53 1070/1391/53 1069/1379/53
f 1070/1391/53 1071/1392/53 1069/1379/53
f 1071/1392/53 1072/1393/53 1069/1379/53
f 1072/1393/53 1073/1394/53 1069/1379/53
f 1073/1394/53 1074/1395/53 1069/1379/53
f 1074/1395/53 1075/1396/53 1069/1379/53
f 1075/1396/53 1076/1397/53 1069/1379/53
f 1076/1397/53 1077/1398/53 1069/1379/53
f 1077/1398/53 1078/1388/53 1069/1379/53
f 1031/1342/53 1079/1399/53 1080/1400/53 985/1390/53
f 985/1390/53 1080/1400/53 1081/1401/53 1070/1391/53
f 1070/1391/53 1081/1401/53 1082/1402/53 1030/1343/53
f 1030/1343/53 1082/1402/53 1079/1399/53 1031/1342/53
f 1030/1343/53 1083/1403/53 1084/1404/53 1070/1391/53
f 1070/1391/53 1084/1404/53 1085/1405/53 1071/1392/53
f 1071/1392/53 1085/1405/53 1086/1406/53 1029/1347/53
f 1029/1347/53 1086/1406/53 1083/1403/53 1030/1343/53
f 1029/1347/53 1087/1407/53 1088/1408/53 1071/1392/53
f 1071/1392/53 1088/1408/53 1089/1409/53 1072/1393/53
f 1072/1393/53 1089/1409/53 1090/1410/53 1028/1351/53
f 1028/1351/53 1090/1410/53 1087/1407/53 1029/1347/53
f 1028/1351/53 1091/1411/53 1092/1412/53 1072/1393/53
f 1072/1393/53 1092/1412/53 1093/1413/53 1073/1394/53
f 1073/1394/53 1093/1413/53 1094/1414/53 1027/1355/53
f 1027/1355/53 1094/1414/53 1091/1411/53 1028/1351/53
f 1027/1355/53 1095/1415/53 1096/1416/53 1073/1394/53
f 1073/1394/53 1096/1416/53 1097/1417/53 1074/1395/53
f 1074/1395/53 1097/1417/53 1098/1418/53 1026/1359/53
f 1026/1359/53 1098/1418/53 1095/1415/53 1027/1355/53
f 1026/1359/53 1099/1419/53 1100/1420/53 1074/1395/53
f 1074/1395/53 1100/1420/53 1101/1421/53 1075/1396/53
f 1075/1396/53 1101/1421/53 1102/1422/53 1025/1363/53
f 1025/1363/53 1102/1422/53 1099/1419/53 1026/1359/53
f 1025/1363/53 1103/1423/53 1104/1424/53 1075/1396/53
f 1075/1396/53 1104/1424/53 1105/1425/53 1076/1397/53
f 1076/1397/53 1105/1425/53 1106/1426/53 1024/1367/53
f 1024/1367/53 1106/1426/53 1103/1423/53 1025/1363/53
f 1024/1367/53 1107/1427/53 1108/1428/53 1076/1397/53
f 1076/1397/53 1108/1428/53 1109/1429/53 1077/1398/53
f 1077/1398/53 1109/1429/53 1110/1430/53 1023/1371/53
f 1023/1371/53 1110/1430/53 1107/1427/53 1024/1367/53
f 1023/1371/53 1111/1431/53 1112/1432/53 1077/1398/53
f 1077/1398/53 1112/1432/53 1113/1433/53 1078/1388/53
f 1078/1388/53 1113/1433/53 1114/1434/53 1022/1375/53
f 1022/1375/53 1114/1434/53 1111/1431/53 1023/1371/53
o leaf
v 16.124096 18.953979 2.010306
v -13.765567 18.953978 2.010305
v -13.765565 -20.927866 2.010306
v 16.124100 -20.927866 2.010306
v 16.124096 18.953979 -1.963494
v -13.765567 18.953978 -1.963496
v -13.765565 -20.927866 -1.963496
v 16.124100 -20.927866 -1.963494
v 16.124096 18.953979 0.023406
v -13.765567 18.953978 0.023405
v 16.124100 -20.927866 0.023406
v -13.765565 -20.927866 0.023405
vt 0.000000 0.565217
vt 0.000000 0.956522
vt 0.000000 0.956522
vt 0.000000 0.565217
vt 0.000000 1.000000
vt 1.000000 1.000000
vt 1.000000 1.000000
vt 0.000000 1.000000
vt 1.000000 0.521739
vt 1.000000 0.521739
vt 0.000000 0.000000
vt 0.000000 0.000000
vt 0.000000 0.000000
vt 0.000000 0.565217
vt 0.000000 0.956522
vt 0.000000 1.000000
vt 1.000000 1.000000
vt 1.000000 0.521739
vt 0.000000 0.000000
vt 0.000000 0.000000
vn -0.0000 1.0000 0.0000
vn 1.0000 0.0000 0.0000
vn 0.0000 -1.0000 0.0000
vn -1.0000 -0.0000 0.0000
s off
f 1116/1435/54 1115/1436/54 1123/1437/54 1124/1438/54
f 1115/1439/55 1118/1440/55 1125/1441/55 1123/1442/55
f 1118/1440/56 1117/1443/56 1126/1444/56 1125/1441/56
f 1126/1445/57 1117/1446/57 1116/1447/57 1124/1438/57
f 1120/1448/54 1124/1438/54 1123/1437/54 1119/1449/54
f 1119/1450/55 1123/1442/55 1125/1441/55 1122/1451/55
f 1122/1451/56 1125/1441/56 1126/1444/56 1121/1452/56
f 1126/1445/57 1124/1438/57 1120/1453/57 1121/1454/57
o front
v 16.287437 19.480125 2.148085
v 10.503483 19.480124 2.148085
v 7.666970 19.480124 2.148085
v 4.830462 19.480124 2.148085
v 1.993950 19.480124 2.148084
v -0.842559 19.480124 2.148085
v -3.679069 19.480124 2.148084
v -6.515580 19.480124 2.148084
v -9.352090 19.480124 2.148084
v -15.151826 19.480122 2.148084
v -15.151827 -22.438894 2.148084
v 16.287441 -22.438894 2.148085
v -15.151830 15.392938 2.148084
v -9.352092 15.392939 2.148084
v -6.515582 15.392939 2.148084
v -3.679071 15.392939 2.148084
v -0.842562 15.392939 2.148085
v 1.993949 15.392939 2.148084
v 4.830459 15.392940 2.148085
v 7.666970 15.392940 2.148085
v 10.503480 15.392940 2.148085
v 13.339990 15.392940 2.148085
v -11.388654 17.681446 2.148084
v -11.388654 16.212332 2.148084
v -10.152040 16.212332 2.148084
v -10.152038 17.681446 2.148084
v -8.552143 17.681446 2.148084
v -8.552144 16.212334 2.148084
v -7.315529 16.212334 2.148084
v -7.315527 17.681446 2.148084
v -5.715632 17.681446 2.148084
v -5.715634 16.212334 2.148084
v -4.479018 16.212334 2.148084
v -4.479017 17.681446 2.148084
v -2.879123 17.681446 2.148084
v -2.879123 16.212334 2.148084
v -1.642507 16.212334 2.148085
v -1.642507 17.681446 2.148085
v -0.042611 17.681446 2.148085
v -0.042613 16.212334 2.148085
v 1.194003 16.212334 2.148084
v 1.194004 17.681446 2.148084
v 2.793897 17.681446 2.148084
v 2.793897 16.212334 2.148084
v 4.030514 16.212334 2.148085
v 4.030514 17.681446 2.148085
v 5.630408 17.681446 2.148085
v 5.630407 16.212334 2.148085
v 6.867023 16.212334 2.148085
v 6.867023 17.681446 2.148085
v 8.466921 17.681446 2.148085
v 8.466918 16.212334 2.148085
v 9.703532 16.212334 2.148085
v 9.703532 17.681446 2.148085
v 11.303428 17.681448 2.148085
v 11.303428 16.212334 2.148085
v 12.540045 16.212334 2.148085
v 12.540045 17.681448 2.148085
vt 0.906324 0.902479
vt 1.000000 0.000000
vt 0.999997 0.999979
vt 0.000824 0.902478
vt 0.000824 0.000000
vt 0.185144 0.902478
vt 0.275291 0.902478
vt 0.365438 0.902478
vt 0.455585 0.902478
vt 0.545733 0.902478
vt 0.635881 0.902478
vt 0.726028 0.902479
vt 0.816177 0.902479
vt 0.000824 0.999977
vt 0.120421 0.922025
vt 0.120421 0.957070
vt 0.159721 0.922025
vt 0.185144 0.999977
vt 0.159721 0.957070
vt 0.210567 0.922025
vt 0.210567 0.957070
vt 0.249868 0.922025
vt 0.275291 0.999977
vt 0.249868 0.957070
vt 0.300714 0.922025
vt 0.300714 0.957070
vt 0.340015 0.922025
vt 0.365438 0.999977
vt 0.340015 0.957070
vt 0.390861 0.922025
vt 0.390861 0.957070
vt 0.430162 0.922025
vt 0.455585 0.999978
vt 0.430162 0.957070
vt 0.481009 0.922025
vt 0.481008 0.957070
vt 0.520310 0.922025
vt 0.545733 0.999978
vt 0.520310 0.957071
vt 0.571156 0.922025
vt 0.571156 0.957071
vt 0.610457 0.922025
vt 0.635880 0.999979
vt 0.610457 0.957071
vt 0.661304 0.922025
vt 0.661304 0.957071
vt 0.700605 0.922025
vt 0.726028 0.999979
vt 0.700605 0.957071
vt 0.751452 0.922025
vt 0.751452 0.957071
vt 0.790753 0.922025
vt 0.816176 0.999979
vt 0.790753 0.957071
vt 0.841600 0.922026
vt 0.841600 0.957071
vt 0.880901 0.922026
vt 0.880901 0.957072
vn 0.0000 0.0000 1.0000
s off
f 1148/1455/58 1138/1456/58 1127/1457/58
f 1139/1458/58 1137/1459/58 1138/1456/58
f 1139/1458/58 1138/1456/58 1140/1460/58
f 1140/1460/58 1138/1456/58 1141/1461/58
f 1141/1461/58 1138/1456/58 1142/1462/58
f 1142/1462/58 1138/1456/58 1143/1463/58
f 1143/1463/58 1138/1456/58 1144/1464/58
f 1144/1464/58 1138/1456/58 1145/1465/58
f 1145/1465/58 1138/1456/58 1146/1466/58
f 1146/1466/58 1138/1456/58 1147/1467/58
f 1147/1467/58 1138/1456/58 1148/1455/58
f 1136/1468/58 1139/1458/58 1150/1469/58 1149/1470/58
f 1139/1458/58 1140/1460/58 1151/1471/58 1150/1469/58
f 1140/1460/58 1135/1472/58 1152/1473/58 1151/1471/58
f 1135/1472/58 1136/1468/58 1149/1470/58 1152/1473/58
f 1135/1472/58 1140/1460/58 1154/1474/58 1153/1475/58
f 1140/1460/58 1141/1461/58 1155/1476/58 1154/1474/58
f 1141/1461/58 1134/1477/58 1156/1478/58 1155/1476/58
f 1134/1477/58 1135/1472/58 1153/1475/58 1156/1478/58
f 1134/1477/58 1141/1461/58 1158/1479/58 1157/1480/58
f 1141/1461/58 1142/1462/58 1159/1481/58 1158/1479/58
f 1142/1462/58 1133/1482/58 1160/1483/58 1159/1481/58
f 1133/1482/58 1134/1477/58 1157/1480/58 1160/1483/58
f 1133/1482/58 1142/1462/58 1162/1484/58 1161/1485/58
f 1142/1462/58 1143/1463/58 1163/1486/58 1162/1484/58
f 1143/1463/58 1132/1487/58 1164/1488/58 1163/1486/58
f 1132/1487/58 1133/1482/58 1161/1485/58 1164/1488/58
f 1132/1487/58 1143/1463/58 1166/1489/58 1165/1490/58
f 1143/1463/58 1144/1464/58 1167/1491/58 1166/1489/58
f 1144/1464/58 1131/1492/58 1168/1493/58 1167/1491/58
f 1131/1492/58 1132/1487/58 1165/1490/58 1168/1493/58
f 1131/1492/58 1144/1464/58 1170/1494/58 1169/1495/58
f 1144/1464/58 1145/1465/58 1171/1496/58 1170/1494/58
f 1145/1465/58 1130/1497/58 1172/1498/58 1171/1496/58
f 1130/1497/58 1131/1492/58 1169/1495/58 1172/1498/58
f 1130/1497/58 1145/1465/58 1174/1499/58 1173/1500/58
f 1145/1465/58 1146/1466/58 1175/1501/58 1174/1499/58
f 1146/1466/58 1129/1502/58 1176/1503/58 1175/1501/58
f 1129/1502/58 1130/1497/58 1173/1500/58 1176/1503/58
f 1129/1502/58 1146/1466/58 1178/1504/58 1177/1505/58
f 1146/1466/58 1147/1467/58 1179/1506/58 1178/1504/58
f 1147/1467/58 1128/1507/58 1180/1508/58 1179/1506/58
f 1128/1507/58 1129/1502/58 1177/1505/58 1180/1508/58
f 1128/1507/58 1147/1467/58 1182/1509/58 1181/1510/58
f 1147/1467/58 1148/1455/58 1183/1511/58 1182/1509/58
f 1148/1455/58 1127/1457/58 1184/1512/58 1183/1511/58
f 1127/1457/58 1128/1507/58 1181/1510/58 1184/1512/58
o back
v 16.287437 19.480125 -2.101273
v 10.503483 19.480124 -2.101273
v 7.666970 19.480124 -2.101274
v 4.830462 19.480124 -2.101274
v 1.993951 19.480124 -2.101274
v -0.842559 19.480124 -2.101274
v -3.679069 19.480124 -2.101274
v -6.515580 19.480124 -2.101274
v -9.352090 19.480124 -2.101274
v -15.151826 19.480122 -2.101275
v -15.151827 -22.438894 -2.101275
v 16.287441 -22.438894 -2.101273
v -15.151830 15.392938 -2.101275
v -9.352092 15.392939 -2.101274
v -6.515582 15.392939 -2.101274
v -3.679071 15.392939 -2.101274
v -0.842561 15.392939 -2.101274
v 1.993950 15.392939 -2.101274
v 4.830459 15.392940 -2.101274
v 7.666970 15.392940 -2.101274
v 10.503480 15.392940 -2.101273
v 13.339990 15.392940 -2.101273
v -11.388654 17.681446 -2.101274
v -11.388654 16.212332 -2.101274
v -10.152040 16.212332 -2.101274
v -10.152038 17.681446 -2.101274
v -8.552143 17.681446 -2.101274
v -8.552144 16.212334 -2.101274
v -7.315529 16.212334 -2.101274
v -7.315527 17.681446 -2.101274
v -5.715632 17.681446 -2.101274
v -5.715634 16.212334 -2.101274
v -4.479018 16.212334 -2.101274
v -4.479017 17.681446 -2.101274
v -2.879123 17.681446 -2.101274
v -2.879123 16.212334 -2.101274
v -1.642507 16.212334 -2.101274
v -1.642507 17.681446 -2.101274
v -0.042611 17.681446 -2.101274
v -0.042612 16.212334 -2.101274
v 1.194003 16.212334 -2.101274
v 1.194005 17.681446 -2.101274
v 2.793897 17.681446 -2.101274
v 2.793897 16.212334 -2.101274
v 4.030514 16.212334 -2.101274
v 4.030514 17.681446 -2.101274
v 5.630408 17.681446 -2.101274
v 5.630407 16.212334 -2.101274
v 6.867023 16.212334 -2.101274
v 6.867023 17.681446 -2.101274
v 8.466921 17.681446 -2.101274
v 8.466918 16.212334 -2.101274
v 9.703532 16.212334 -2.101273
v 9.703532 17.681446 -2.101273
v 11.303428 17.681448 -2.101273
v 11.303428 16.212334 -2.101273
v 12.540045 16.212334 -2.101273
v 12.540045 17.681448 -2.101273
vt 0.093781 0.902490
vt 0.000033 0.999991
vt 0.000034 0.000000
vt 1.000000 0.902490
vt 1.000000 0.000000
vt 0.815532 0.902490
vt 0.725313 0.902490
vt 0.635094 0.902490
vt 0.544875 0.902490
vt 0.454656 0.902490
vt 0.364437 0.902490
vt 0.274218 0.902490
vt 0.183999 0.902490
vt 1.000000 0.999991
vt 0.880308 0.957083
vt 0.880308 0.922037
vt 0.840975 0.922037
vt 0.840975 0.957083
vt 0.815532 0.999991
vt 0.790088 0.957083
vt 0.790089 0.922037
vt 0.750757 0.922037
vt 0.750756 0.957083
vt 0.725313 0.999991
vt 0.699870 0.957083
vt 0.699870 0.922037
vt 0.660537 0.922037
vt 0.660537 0.957083
vt 0.635094 0.999991
vt 0.609651 0.957083
vt 0.609651 0.922037
vt 0.570319 0.922037
vt 0.570319 0.957083
vt 0.544875 0.999991
vt 0.519432 0.957083
vt 0.519432 0.922037
vt 0.480100 0.922037
vt 0.480100 0.957083
vt 0.454656 0.999991
vt 0.429213 0.957083
vt 0.429213 0.922037
vt 0.389881 0.922037
vt 0.389881 0.957083
vt 0.364437 0.999991
vt 0.338994 0.957083
vt 0.338994 0.922037
vt 0.299662 0.922037
vt 0.299662 0.957083
vt 0.274218 0.999991
vt 0.248775 0.957083
vt 0.248775 0.922037
vt 0.209443 0.922037
vt 0.209443 0.957083
vt 0.183999 0.999991
vt 0.158556 0.957083
vt 0.158556 0.922037
vt 0.119224 0.922037
vt 0.119224 0.957083
vn 0.0000 0.0000 -1.0000
s off
f 1206/1513/59 1185/1514/59 1196/1515/59
f 1197/1516/59 1196/1515/59 1195/1517/59
f 1197/1516/59 1198/1518/59 1196/1515/59
f 1198/1518/59 1199/1519/59 1196/1515/59
f 1199/1519/59 1200/1520/59 1196/1515/59
f 1200/1520/59 1201/1521/59 1196/1515/59
f 1201/1521/59 1202/1522/59 1196/1515/59
f 1202/1522/59 1203/1523/59 1196/1515/59
f 1203/1523/59 1204/1524/59 1196/1515/59
f 1204/1524/59 1205/1525/59 1196/1515/59
f 1205/1525/59 1206/1513/59 1196/1515/59
f 1194/1526/59 1207/1527/59 1208/1528/59 1197/1516/59
f 1197/1516/59 1208/1528/59 1209/1529/59 1198/1518/59
f 1198/1518/59 1209/1529/59 1210/1530/59 1193/1531/59
f 1193/1531/59 1210/1530/59 1207/1527/59 1194/1526/59
f 1193/1531/59 1211/1532/59 1212/1533/59 1198/1518/59
f 1198/1518/59 1212/1533/59 1213/1534/59 1199/1519/59
f 1199/1519/59 1213/1534/59 1214/1535/59 1192/1536/59
f 1192/1536/59 1214/1535/59 1211/1532/59 1193/1531/59
f 1192/1536/59 1215/1537/59 1216/1538/59 1199/1519/59
f 1199/1519/59 1216/1538/59 1217/1539/59 1200/1520/59
f 1200/1520/59 1217/1539/59 1218/1540/59 1191/1541/59
f 1191/1541/59 1218/1540/59 1215/1537/59 1192/1536/59
f 1191/1541/59 1219/1542/59 1220/1543/59 1200/1520/59
f 1200/1520/59 1220/1543/59 1221/1544/59 1201/1521/59
f 1201/1521/59 1221/1544/59 1222/1545/59 1190/1546/59
f 1190/1546/59 1222/1545/59 1219/1542/59 1191/1541/59
f 1190/1546/59 1223/1547/59 1224/1548/59 1201/1521/59
f 1201/1521/59 1224/1548/59 1225/1549/59 1202/1522/59
f 1202/1522/59 1225/1549/59 1226/1550/59 1189/1551/59
f 1189/1551/59 1226/1550/59 1223/1547/59 1190/1546/59
f 1189/1551/59 1227/1552/59 1228/1553/59 1202/1522/59
f 1202/1522/59 1228/1553/59 1229/1554/59 1203/1523/59
f 1203/1523/59 1229/1554/59 1230/1555/59 1188/1556/59
f 1188/1556/59 1230/1555/59 1227/1552/59 1189/1551/59
f 1188/1556/59 1231/1557/59 1232/1558/59 1203/1523/59
f 1203/1523/59 1232/1558/59 1233/1559/59 1204/1524/59
f 1204/1524/59 1233/1559/59 1234/1560/59 1187/1561/59
f 1187/1561/59 1234/1560/59 1231/1557/59 1188/1556/59
f 1187/1561/59 1235/1562/59 1236/1563/59 1204/1524/59
f 1204/1524/59 1236/1563/59 1237/1564/59 1205/1525/59
f 1205/1525/59 1237/1564/59 1238/1565/59 1186/1566/59
f 1186/1566/59 1238/1565/59 1235/1562/59 1187/1561/59
f 1186/1566/59 1239/1567/59 1240/1568/59 1205/1525/59
f 1205/1525/59 1240/1568/59 1241/1569/59 1206/1513/59
f 1206/1513/59 1241/1569/59 1242/1570/59 1185/1514/59
f 1185/1514/59 1242/1570/59 1239/1567/59 1186/1566/59
