# Blender 4.0.1
# www.blender.org
o mug
v 8.905272 -21.275536 2.172543
v 14.273356 6.976643 3.918226
v 13.283776 -9.593130 3.726282
v 12.257809 -15.237171 2.982096
v 14.162424 -9.443123 1.392954
v 14.652368 4.599689 2.106957
v 13.845675 -7.335713 2.218638
v 14.369010 -11.630724 2.890674
v 14.645803 13.630802 3.189177
v 14.155576 -14.438072 2.958040
v 14.434054 10.835991 4.195045
v 12.817316 -12.769385 3.856236
v 15.267639 9.566458 3.010459
v 13.921074 -8.339567 1.954450
v 13.299928 -14.638214 2.920502
v 14.289011 -10.877846 2.320052
v 13.799272 -11.370956 3.013408
v 9.395555 -21.188776 2.270087
v 14.294911 -12.864112 3.120533
v 15.259922 6.759459 1.304646
v 15.545278 12.400726 3.097113
v 14.543581 5.615049 2.723312
v 13.707955 -8.376051 2.686831
v 14.235349 16.321352 3.217422
v 15.328948 13.332644 1.800082
v 13.853130 -10.432117 2.467805
v 13.597030 -12.860347 3.195929
v 15.227968 8.790291 2.347013
v 15.436523 10.986010 3.255199
v 16.457508 12.275597 2.117099
v 16.653612 10.871534 2.546287
v 16.418528 9.188143 1.952674
v 16.201464 9.061489 1.180800
v 16.559015 9.810728 2.378405
v 8.905272 -21.275536 -2.172582
v 14.273359 6.976643 -3.918265
v 13.283775 -9.593129 -3.726322
v 12.257808 -15.237171 -2.982136
v 14.162426 -9.443123 -1.392994
v 14.652369 4.599689 -2.106997
v 13.845675 -7.335712 -2.218678
v 14.369012 -11.630724 -2.890713
v 14.645802 13.630800 -3.189216
v 14.155576 -14.438072 -2.958079
v 14.434053 10.835991 -4.195084
v 14.746218 14.421267 -0.000020
v 12.817314 -12.769385 -3.856275
v 12.362647 -15.811584 -0.000020
v 15.267641 9.566456 -3.010499
v 13.921074 -8.339567 -1.954489
v 13.299928 -14.638214 -2.920542
v 14.289011 -10.877846 -2.320091
v 13.799269 -11.370956 -3.013447
v 14.113807 -8.532362 -0.000020
v 9.087825 -21.275536 -0.000020
v 9.395554 -21.188778 -2.270126
v 14.294911 -12.864112 -3.120573
v 15.259927 6.759462 -1.304686
v 15.545278 12.400726 -3.097152
v 14.543580 5.615051 -2.723351
v 13.707956 -8.376051 -2.686870
v 14.235349 16.321354 -3.217462
v 15.328948 13.332644 -1.800122
v 14.517824 16.374943 -0.000020
v 13.853130 -10.432117 -2.467845
v 13.597030 -12.860347 -3.195968
v 15.227968 8.790291 -2.347053
v 15.436523 10.986015 -3.255238
v 16.457508 12.275599 -2.117138
v 15.402979 6.915590 -0.000020
v 14.109357 -14.552874 -0.000020
v 16.031937 9.160006 -0.000020
v 16.653612 10.871536 -2.546327
v 15.964626 12.715168 -0.000020
v 16.418528 9.188145 -1.952713
v 16.201462 9.061489 -1.180839
v 16.559015 9.810728 -2.378445
v 13.294793 -14.811429 -0.000020
v 9.587705 -21.188776 -0.000020
v 15.180184 13.532328 -0.000020
v 14.523596 12.168543 3.974192
v 14.357318 9.333523 4.175039
v 13.724374 6.559881 5.010050
v 13.986183 13.646200 4.750716
v 14.726037 14.284914 1.523094
v 13.031128 -11.525868 3.889572
v 12.575878 -13.933566 3.622572
v 12.338508 -15.698853 1.466464
v 12.807307 -9.276124 4.731040
v 10.666800 -15.280507 6.316703
v 11.747462 -15.250742 4.151931
v 7.540653 -15.286961 10.082244
v 9.281040 -15.286731 8.343286
v 3.221985 -15.286961 12.390339
v 5.495041 -15.286961 11.448937
v -1.651216 -15.286961 12.870057
v 0.809075 -15.286961 12.870176
v -6.337047 -15.286961 11.448370
v -4.064079 -15.286961 12.389990
v -10.122133 -15.286961 8.341710
v -8.382527 -15.286961 10.081483
v -12.430229 -15.286961 4.015123
v -11.488827 -15.286961 6.296099
v 11.629364 -16.646038 2.743613
v 10.580242 -19.179237 2.505907
v 14.784851 8.795176 3.375314
v 14.026608 -8.669950 1.746306
v 13.854613 -7.962500 2.109194
v 13.727371 -14.513278 2.938913
v 12.827830 -14.854121 2.923164
v 14.218874 -10.441919 1.937989
v 14.345265 -11.223399 2.641525
v 14.072884 -11.561037 2.916640
v 13.539748 -10.915275 3.236310
v 14.127272 -8.680250 0.663550
v 9.042087 -21.275536 1.114578
v 8.678368 -21.275536 3.133197
v 7.964955 -21.275534 4.863232
v 6.929342 -21.275536 6.412977
v 5.611217 -21.275534 7.730977
v 4.061375 -21.275536 8.766439
v 2.339209 -21.275534 9.479688
v 0.511086 -21.275536 9.843232
v -1.352934 -21.275534 9.843143
v -3.181023 -21.275536 9.479423
v -4.903119 -21.275534 8.766010
v -6.452863 -21.275536 7.730398
v -7.770863 -21.275536 6.412272
v -8.806328 -21.275536 4.862429
v -9.519575 -21.275534 3.132343
v 9.129438 -21.326126 2.217141
v 8.561535 -21.097595 2.098870
v 0.033482 -20.803234 -0.000020
v 14.349264 -12.181867 3.051214
v 14.219215 -13.639228 3.106834
v 14.886571 5.739874 1.841242
v 15.161783 12.988819 3.211844
v 14.610887 5.214457 2.348726
v 14.451747 6.046650 3.210921
v 13.578292 -8.775833 3.108267
v 13.781514 -7.968612 2.388488
v 14.139235 16.807190 3.211916
v 15.100105 13.454657 2.245714
v 14.423694 16.813887 -0.000020
v 14.450029 16.355757 1.638395
v 13.863406 16.299477 4.692613
v 11.837631 -16.831259 -0.000020
v 10.794605 -19.196165 -0.000020
v 13.896098 10.791838 5.077709
v 11.237022 -12.719814 6.651426
v 12.356084 -12.739438 4.615918
v 7.950616 -12.718081 10.581838
v 9.780615 -12.718123 8.754219
v 3.409554 -12.718081 13.008789
v 5.799664 -12.718081 12.018907
v -1.714594 -12.718081 13.513208
v 0.872391 -12.718081 13.513335
v -6.641724 -12.718081 12.018310
v -4.251710 -12.718081 13.008420
v -10.621727 -12.718081 8.751674
v -8.792540 -12.718081 10.581036
v -13.048679 -12.718081 4.202694
v -12.058798 -12.718081 6.600721
v 14.039840 -10.714637 2.374845
v 13.857193 -9.809758 2.182451
v 13.727900 -9.849481 2.579752
v 13.841805 -10.869499 2.764265
v 15.003324 3.229162 -0.000020
v 13.947106 -12.876046 3.121542
v 13.715999 -12.046070 3.162774
v 13.225994 -12.817170 3.406567
v 13.451854 -13.749303 3.116982
v 9.156723 -21.188778 3.278327
v 8.405803 -21.188778 5.098899
v 7.315744 -21.188778 6.730118
v 5.928322 -21.188778 8.117409
v 4.296999 -21.188778 9.207311
v 2.484294 -21.188778 9.958056
v 0.560061 -21.188778 10.340713
v -1.401957 -21.188778 10.340620
v -3.326154 -21.188778 9.957777
v -5.138786 -21.188778 9.206859
v -6.770005 -21.188778 8.116801
v -8.157294 -21.188778 6.729378
v -9.247197 -21.188778 5.098053
v -9.997943 -21.188778 3.277429
v -10.380606 -21.188776 1.163135
v 14.839507 7.732822 2.562073
v 15.283941 8.355350 1.874284
v 15.222604 9.121458 2.728606
v 14.935046 10.911499 3.642773
v 15.342847 10.207376 3.188149
v 15.526161 11.788872 3.208475
v 15.707183 12.974922 1.972744
v 15.891061 12.379814 2.762239
v 14.917694 2.679014 1.098559
v 15.389013 6.908968 0.604527
v 13.708375 -14.634655 -0.000020
v -12.910072 -15.286961 1.412214
v -9.883124 -21.275534 1.114148
v 14.123150 -14.529504 1.423231
v -13.553234 -12.718081 1.475546
v 13.294287 -14.768040 1.488097
v 12.848944 -15.162220 -0.000020
v 9.316379 -21.326126 -0.000020
v 9.539562 -21.188776 1.163588
v 8.737362 -21.097595 -0.000020
v 14.912992 13.868662 -0.000020
v 15.232153 13.468805 1.066773
v 16.027176 9.141897 0.602795
v 16.609825 10.290487 2.491581
v 16.501564 9.453285 2.202884
v 16.300613 9.004827 1.618788
v 15.577428 13.113602 -0.000020
v 15.719447 8.654346 1.188058
v 15.758676 8.583826 -0.000020
v 15.761952 9.187895 2.122944
v 15.861679 9.853781 2.655450
v 15.985886 11.005989 2.863093
v 16.661421 11.522074 2.513311
v 16.083155 12.641136 1.036958
v 14.523596 12.168543 -3.974232
v 14.357318 9.333523 -4.175078
v 13.724374 6.559881 -5.010089
v 13.986183 13.646202 -4.750755
v 14.726037 14.284914 -1.523133
v 13.031128 -11.525868 -3.889611
v 12.575878 -13.933566 -3.622611
v 12.338508 -15.698853 -1.466503
v 12.807308 -9.276124 -4.731079
v 10.666800 -15.280507 -6.316741
v 11.747461 -15.250742 -4.151970
v 7.540654 -15.286961 -10.082284
v 9.281039 -15.286731 -8.343327
v 3.221984 -15.286961 -12.390379
v 5.495042 -15.286961 -11.448977
v -1.651216 -15.286961 -12.870097
v 0.809075 -15.286961 -12.870216
v -6.337047 -15.286961 -11.448411
v -4.064079 -15.286961 -12.390030
v -10.122133 -15.286961 -8.341750
v -8.382527 -15.286961 -10.081521
v -12.430231 -15.286961 -4.015162
v -11.488826 -15.286961 -6.296137
v 11.629364 -16.646038 -2.743653
v 10.580241 -19.179237 -2.505947
v 14.784851 8.795176 -3.375354
v 14.026608 -8.669950 -1.746345
v 13.854613 -7.962500 -2.109233
v 13.727373 -14.513278 -2.938952
v 12.827830 -14.854121 -2.923203
v 14.218874 -10.441919 -1.938028
v 14.345266 -11.223399 -2.641565
v 14.072885 -11.561037 -2.916679
v 13.539748 -10.915275 -3.236349
v 14.127271 -8.680251 -0.663589
v 9.042087 -21.275536 -1.114617
v 8.678368 -21.275536 -3.133236
v 7.964956 -21.275536 -4.863271
v 6.929342 -21.275536 -6.413015
v 5.611217 -21.275536 -7.731016
v 4.061374 -21.275536 -8.766479
v 2.339209 -21.275536 -9.479728
v 0.511086 -21.275536 -9.843272
v -1.352935 -21.275536 -9.843183
v -3.181023 -21.275536 -9.479463
v -4.903120 -21.275536 -8.766050
v -6.452864 -21.275536 -7.730437
v -7.770863 -21.275536 -6.412311
v -8.806327 -21.275536 -4.862468
v -9.519575 -21.275536 -3.132383
v 9.129436 -21.326128 -2.217181
v 8.561536 -21.097595 -2.098909
v 14.349264 -12.181867 -3.051254
v 14.219215 -13.639228 -3.106874
v 14.886571 5.739874 -1.841281
v 15.161783 12.988821 -3.211884
v 14.610887 5.214457 -2.348765
v 14.451747 6.046652 -3.210960
v 13.578293 -8.775833 -3.108306
v 13.781514 -7.968612 -2.388527
v 14.139235 16.807190 -3.211956
v 15.100105 13.454660 -2.245754
v 14.450029 16.355757 -1.638434
v 13.863405 16.299479 -4.692652
v 13.896098 10.791842 -5.077747
v 11.237022 -12.719814 -6.651465
v 12.356084 -12.739438 -4.615957
v 7.950616 -12.718081 -10.581879
v 9.780614 -12.718123 -8.754259
v 3.409554 -12.718081 -13.008829
v 5.799663 -12.718081 -12.018949
v -1.714593 -12.718081 -13.513247
v 0.872391 -12.718081 -13.513375
v -6.641725 -12.718081 -12.018350
v -4.251709 -12.718081 -13.008459
v -10.621727 -12.718081 -8.751714
v -8.792539 -12.718081 -10.581076
v -13.048679 -12.718081 -4.202733
v -12.058798 -12.718081 -6.600760
v 14.039838 -10.714637 -2.374884
v 13.857193 -9.809758 -2.182490
v 13.727900 -9.849482 -2.579792
v 13.841805 -10.869499 -2.764304
v 13.947105 -12.876046 -3.121582
v 13.715998 -12.046070 -3.162814
v 13.225994 -12.817170 -3.406606
v 13.451854 -13.749303 -3.117022
v 9.156723 -21.188778 -3.278367
v 8.405804 -21.188778 -5.098938
v 7.315743 -21.188778 -6.730157
v 5.928322 -21.188778 -8.117449
v 4.296999 -21.188778 -9.207351
v 2.484294 -21.188778 -9.958097
v 0.560061 -21.188778 -10.340754
v -1.401957 -21.188778 -10.340660
v -3.326154 -21.188778 -9.957817
v -5.138786 -21.188778 -9.206899
v -6.770005 -21.188778 -8.116841
v -8.157294 -21.188778 -6.729417
v -9.247198 -21.188778 -5.098092
v -9.997943 -21.188778 -3.277468
v -10.380606 -21.188778 -1.163174
v 14.839507 7.732822 -2.562113
v 15.283943 8.355350 -1.874323
v 15.222606 9.121458 -2.728645
v 14.935046 10.911499 -3.642812
v 15.342846 10.207376 -3.188188
v 15.526163 11.788872 -3.208514
v 15.707183 12.974918 -1.972783
v 15.891062 12.379814 -2.762279
v 14.917692 2.679014 -1.098599
v 15.389012 6.908968 -0.604566
v -12.910073 -15.286961 -1.412253
v -9.883124 -21.275536 -1.114187
v 14.123150 -14.529504 -1.423270
v -13.553234 -12.718081 -1.475585
v 13.294287 -14.768040 -1.488136
v 9.539561 -21.188776 -1.163627
v 15.232153 13.468805 -1.066813
v 16.027176 9.141899 -0.602834
v 16.609825 10.290491 -2.491620
v 16.501564 9.453285 -2.202924
v 16.300613 9.004829 -1.618827
v 15.719447 8.654346 -1.188098
v 15.761950 9.187895 -2.122983
v 15.861679 9.853781 -2.655490
v 15.985885 11.005987 -2.863132
v 16.661421 11.522074 -2.513351
v 16.083155 12.641136 -1.036998
v 14.352794 16.811485 1.636655
v 13.783067 16.804451 4.680226
v -9.194384 -21.097752 3.028098
v -6.237274 -21.097752 7.461995
v -11.564443 -19.176563 1.279709
v -12.493444 -16.636833 1.371188
v -10.296321 -19.176563 5.658761
v -11.119607 -16.636833 6.098769
v -12.029607 -16.636833 3.893618
v -11.136298 -19.176563 3.622684
v -7.524696 -19.176563 9.036307
v -8.116928 -16.636833 9.757880
v -9.798504 -16.636833 8.076143
v -9.076876 -19.176563 7.483980
v -3.671516 -19.176563 11.096098
v -3.942536 -16.636833 11.989379
v -6.139681 -16.636833 11.079169
v -5.699594 -19.176563 10.255928
v 0.676604 -19.176563 11.524549
v 0.768060 -16.636833 12.453549
v -1.610160 -16.636833 12.453436
v -1.518615 -19.176563 11.524445
v 4.857705 -19.176563 10.256434
v 5.297712 -16.636833 11.079719
v 3.100479 -16.636833 11.989721
v 2.829547 -19.176563 11.096410
v 8.235343 -19.176517 7.484832
v 8.957258 -16.636635 8.077333
v 7.275087 -16.636833 9.758616
v 6.682924 -19.176563 9.036988
v 10.308042 -19.174625 3.626746
v 11.287162 -16.614517 3.942476
v 10.291714 -16.631399 6.108270
v 9.457409 -19.175438 5.660348
v 11.794210 -16.767117 1.405605
v 10.741715 -19.189775 1.282655
v 14.992308 3.171879 0.595500
v 13.831182 9.107836 5.076972
v 13.956553 12.217649 4.942705
v 12.583386 -11.369097 4.693133
v 11.455849 -11.298147 6.772383
v 10.980095 -13.990880 6.499964
v 12.091693 -13.973499 4.420866
v 9.973957 -11.290511 8.913074
v 8.109336 -11.290272 10.775257
v 7.764928 -13.994637 10.355552
v 9.554378 -13.994499 8.568093
v 5.917602 -11.290272 12.239578
v 3.482173 -11.290272 13.248224
v 3.324596 -13.994637 12.728667
v 5.661688 -13.994637 11.760745
v 0.896904 -11.290272 13.762337
v -1.739131 -11.290272 13.762211
v -1.685887 -13.994637 13.221901
v 0.843712 -13.994637 13.222022
v -4.324351 -11.290272 13.247850
v -6.759683 -11.290272 12.238966
v -6.503723 -13.994637 11.760161
v -4.166724 -13.994637 12.728307
v -8.951279 -11.290272 10.774442
v -10.815147 -11.290272 8.910394
v -10.395440 -13.994637 8.565984
v -8.606829 -13.994637 10.354768
v -12.279468 -11.290272 6.718658
v -13.288117 -11.290272 4.275314
v -12.768559 -13.994637 4.117735
v -11.800634 -13.994637 6.462744
v -13.802237 -11.290272 1.500065
v -13.261919 -13.994637 1.446860
v 14.072501 -11.114992 2.677084
v 14.001501 -10.130730 2.043760
v 13.772479 -9.283525 2.302191
v 13.656810 -10.296947 2.918455
v 13.713204 -14.607570 1.489646
v 12.839681 -15.082925 1.485622
v 13.841078 -13.688836 3.084724
v 14.028556 -12.152609 3.067393
v 13.394241 -11.821967 3.403811
v 13.031469 -13.840559 3.248671
v 9.269540 -21.326126 1.136986
v 8.166519 -21.326126 4.970984
v 8.897079 -21.326126 3.199553
v 5.756203 -21.326126 7.907660
v 7.106012 -21.326126 6.557980
v 2.405544 -21.326126 9.698404
v 4.169106 -21.326126 8.968014
v -1.375349 -21.326126 10.070597
v 0.533478 -21.326126 10.070688
v -5.010870 -21.326126 8.967573
v -3.247379 -21.326126 9.698133
v -7.947547 -21.326126 6.557258
v -6.597867 -21.326126 7.907068
v -9.738292 -21.326126 3.198679
v -9.007901 -21.326126 4.970160
v -10.110581 -21.326128 1.136545
v 8.703900 -21.097752 1.078508
v -8.506626 -21.097752 4.696525
v -9.544939 -21.097752 1.078093
v 7.665264 -21.097752 4.697300
v 5.395648 -21.097752 7.462554
v 8.353181 -21.097752 3.028921
v 2.240578 -21.097752 9.148767
v 6.666664 -21.097752 6.191658
v -1.319612 -21.097752 9.499232
v 3.901194 -21.097752 8.461010
v -4.742916 -21.097752 8.460595
v 0.477790 -21.097752 9.499319
v -3.082366 -21.097752 9.148512
v -7.508169 -21.097752 6.190979
v 14.790997 8.144072 2.995460
v 14.910701 7.225525 2.138258
v 15.042432 11.988008 3.505364
v 14.842705 9.811560 3.597647
v 14.942705 13.765406 1.262712
v 15.492135 12.989727 2.645203
v 15.648795 13.063049 1.056635
v 15.739221 8.582697 0.604795
v 15.731644 8.913994 1.702416
v 15.806363 9.476992 2.436367
v 15.923292 10.371967 2.796487
v 16.020376 11.701323 2.850357
v 14.352793 16.811485 -1.636695
v 13.783065 16.804451 -4.680265
v -9.194384 -21.097752 -3.028137
v -6.237274 -21.097752 -7.462034
v -11.564444 -19.176563 -1.279748
v -12.493444 -16.636833 -1.371227
v -10.296321 -19.176563 -5.658800
v -11.119607 -16.636833 -6.098808
v -12.029609 -16.636833 -3.893657
v -11.136298 -19.176563 -3.622723
v -7.524697 -19.176563 -9.036347
v -8.116928 -16.636833 -9.757921
v -9.798504 -16.636833 -8.076184
v -9.076876 -19.176563 -7.484019
v -3.671516 -19.176563 -11.096138
v -3.942536 -16.636833 -11.989421
v -6.139680 -16.636833 -11.079209
v -5.699594 -19.176563 -10.255966
v 0.676604 -19.176563 -11.524589
v 0.768060 -16.636833 -12.453591
v -1.610160 -16.636833 -12.453476
v -1.518615 -19.176563 -11.524485
v 4.857705 -19.176563 -10.256474
v 5.297711 -16.636833 -11.079759
v 3.100479 -16.636833 -11.989761
v 2.829547 -19.176563 -11.096450
v 8.235342 -19.176517 -7.484871
v 8.957257 -16.636635 -8.077374
v 7.275086 -16.636833 -9.758657
v 6.682923 -19.176563 -9.037028
v 10.308043 -19.174623 -3.626785
v 11.287162 -16.614517 -3.942515
v 10.291714 -16.631399 -6.108309
v 9.457408 -19.175440 -5.660387
v 11.794210 -16.767117 -1.405644
v 10.741714 -19.189775 -1.282694
v 14.992308 3.171879 -0.595540
v 13.831183 9.107836 -5.077010
v 13.956552 12.217651 -4.942743
v 12.583386 -11.369097 -4.693172
v 11.455850 -11.298147 -6.772422
v 10.980095 -13.990880 -6.500003
v 12.091693 -13.973499 -4.420906
v 9.973957 -11.290511 -8.913114
v 8.109336 -11.290272 -10.775298
v 7.764928 -13.994637 -10.355591
v 9.554379 -13.994499 -8.568133
v 5.917601 -11.290272 -12.239616
v 3.482173 -11.290272 -13.248264
v 3.324596 -13.994637 -12.728707
v 5.661688 -13.994637 -11.760785
v 0.896904 -11.290272 -13.762377
v -1.739131 -11.290272 -13.762250
v -1.685887 -13.994637 -13.221941
v 0.843712 -13.994637 -13.222062
v -4.324352 -11.290272 -13.247890
v -6.759683 -11.290272 -12.239007
v -6.503723 -13.994637 -11.760201
v -4.166724 -13.994637 -12.728348
v -8.951279 -11.290272 -10.774480
v -10.815147 -11.290272 -8.910434
v -10.395440 -13.994637 -8.566024
v -8.606829 -13.994637 -10.354808
v -12.279466 -11.290272 -6.718698
v -13.288117 -11.290272 -4.275352
v -12.768559 -13.994637 -4.117775
v -11.800634 -13.994637 -6.462785
v -13.802237 -11.290272 -1.500105
v -13.261919 -13.994637 -1.446900
v 14.072502 -11.114992 -2.677123
v 14.001501 -10.130730 -2.043799
v 13.772479 -9.283525 -2.302231
v 13.656810 -10.296947 -2.918495
v 13.713203 -14.607570 -1.489686
v 12.839678 -15.082925 -1.485661
v 13.841078 -13.688836 -3.084764
v 14.028556 -12.152609 -3.067432
v 13.394241 -11.821967 -3.403850
v 13.031469 -13.840559 -3.248711
v 9.269540 -21.326128 -1.137026
v 8.166519 -21.326126 -4.971022
v 8.897080 -21.326126 -3.199592
v 5.756203 -21.326126 -7.907700
v 7.106012 -21.326126 -6.558019
v 2.405544 -21.326126 -9.698445
v 4.169106 -21.326126 -8.968054
v -1.375349 -21.326126 -10.070637
v 0.533478 -21.326126 -10.070728
v -5.010870 -21.326126 -8.967613
v -3.247379 -21.326126 -9.698174
v -7.947547 -21.326128 -6.557298
v -6.597867 -21.326128 -7.907107
v -9.738294 -21.326126 -3.198718
v -9.007901 -21.326126 -4.970199
v -10.110581 -21.326126 -1.136585
v 8.703899 -21.097752 -1.078547
v -8.506626 -21.097752 -4.696564
v -9.544939 -21.097752 -1.078132
v 7.665264 -21.097752 -4.697339
v 5.395647 -21.097752 -7.462593
v 8.353181 -21.097752 -3.028960
v 2.240578 -21.097752 -9.148807
v 6.666663 -21.097752 -6.191697
v -1.319612 -21.097752 -9.499273
v 3.901194 -21.097752 -8.461051
v -4.742916 -21.097752 -8.460636
v 0.477790 -21.097752 -9.499358
v -3.082366 -21.097752 -9.148551
v -7.508168 -21.097752 -6.191019
v 14.790998 8.144072 -2.995500
v 14.910701 7.225527 -2.138298
v 15.042434 11.988005 -3.505404
v 14.842705 9.811558 -3.597686
v 14.942705 13.765406 -1.262752
v 15.492136 12.989727 -2.645243
v 15.648796 13.063049 -1.056674
v 15.739221 8.582697 -0.604835
v 15.731644 8.913994 -1.702455
v 15.806363 9.476992 -2.436406
v 15.923292 10.371965 -2.796526
v 16.020378 11.701319 -2.850396
vn 0.9778 0.2095 -0.0000
vn 0.9822 0.1657 0.0886
vn 0.9866 0.1632 -0.0000
vn 0.9743 0.2069 0.0896
vn 0.9680 0.1510 0.2004
vn 0.9599 0.2712 0.0708
vn 0.8710 0.3200 0.3728
vn 0.9154 0.1018 0.3895
vn 0.9638 0.1894 0.1877
vn 0.9648 0.1072 0.2403
vn -0.0016 -1.0000 -0.0000
vn 0.2050 -0.9642 -0.1680
vn 0.2346 -0.9640 -0.1249
vn 0.9680 0.1510 -0.2004
vn 0.9599 0.2712 -0.0708
vn 0.8710 0.3200 -0.3728
vn -0.9435 -0.3201 -0.0859
vn -0.9561 -0.2797 0.0873
vn -0.9561 -0.2797 -0.0873
vn -0.2612 -0.9650 -0.0231
vn -0.2540 -0.9672 -0.0000
vn -0.2058 -0.9639 -0.1687
vn -0.2949 -0.9424 -0.1576
vn -0.2580 -0.9426 -0.2120
vn 0.3209 -0.9424 -0.0941
vn 0.2568 -0.9636 -0.0747
vn -0.2356 -0.9637 -0.1255
vn -0.9435 -0.3201 0.0859
vn -0.9009 -0.4262 -0.0815
vn -0.9009 -0.4262 0.0815
vn 0.2581 -0.9426 -0.2120
vn 0.1680 -0.9644 -0.2044
vn 0.2115 -0.9427 -0.2579
vn 0.1247 -0.9645 -0.2330
vn 0.3351 -0.9417 -0.0300
vn 0.2651 -0.9639 -0.0234
vn -0.8679 -0.4261 0.2554
vn -0.9208 -0.2798 0.2717
vn -0.8358 -0.3202 0.4460
vn -0.8470 -0.2798 0.4520
vn -0.8679 -0.4261 -0.2554
vn -0.9087 -0.3202 -0.2679
vn -0.9087 -0.3202 0.2679
vn -0.7981 -0.4262 0.4259
vn 0.8944 -0.0486 -0.4446
vn 0.9002 -0.0549 -0.4320
vn 0.9092 -0.0816 -0.4082
vn -0.7323 -0.3202 0.6010
vn -0.6091 -0.2798 0.7421
vn -0.7422 -0.2798 0.6090
vn -0.5739 -0.4262 0.6993
vn -0.6010 -0.3202 0.7323
vn -0.6993 -0.4262 0.5739
vn -0.4466 -0.3202 0.8355
vn -0.2787 -0.2798 0.9187
vn -0.4526 -0.2798 0.8467
vn -0.4265 -0.4262 0.7978
vn -0.2750 -0.3202 0.9065
vn -0.0929 -0.3202 0.9428
vn 0.0941 -0.2798 0.9554
vn -0.0941 -0.2798 0.9554
vn -0.0887 -0.4262 0.9003
vn 0.0928 -0.3202 0.9428
vn -0.2626 -0.4262 0.8657
vn 0.2786 -0.2798 0.9187
vn 0.4465 -0.3202 0.8355
vn 0.4525 -0.2798 0.8467
vn 0.2626 -0.4262 0.8657
vn 0.2750 -0.3202 0.9066
vn 0.0886 -0.4262 0.9003
vn 0.6089 -0.2798 0.7423
vn 0.7306 -0.3208 0.6027
vn 0.7392 -0.2806 0.6123
vn 0.6009 -0.3202 0.7324
vn 0.6990 -0.4264 0.5741
vn 0.4264 -0.4262 0.7978
vn 0.5738 -0.4262 0.6993
vn 0.8248 -0.2938 0.4831
vn 0.8642 -0.3685 0.3424
vn 0.8475 -0.3443 0.4039
vn 0.8250 -0.3281 0.4602
vn 0.8497 -0.4424 0.2870
vn 0.8883 -0.4107 0.2055
vn 0.8749 -0.4543 0.1677
vn 0.7960 -0.4284 0.4277
vn 0.9002 -0.0549 0.4320
vn 0.8944 -0.0486 0.4446
vn 0.9092 -0.0816 0.4082
vn 0.7792 -0.5230 0.3454
vn 0.8991 -0.4269 0.0966
vn 0.8848 -0.4592 0.0797
vn 0.8496 -0.5275 -0.0000
vn 0.9032 -0.4293 -0.0000
vn 0.8369 -0.5337 0.1214
vn 0.8876 -0.4607 -0.0000
vn 0.9947 -0.0805 0.0645
vn 0.9941 -0.0678 -0.0842
vn 0.9954 -0.0868 0.0407
vn 0.9973 -0.0731 -0.0000
vn 0.9958 -0.0915 -0.0000
vn 0.9773 -0.0403 0.2079
vn 0.9613 -0.0861 0.2618
vn 0.9733 -0.0356 0.2266
vn 0.9833 -0.1643 0.0780
vn 0.9875 -0.1573 -0.0000
vn 0.9419 -0.1408 0.3051
vn -0.9659 -0.2434 0.0884
vn -0.9659 -0.2434 -0.0884
vn 0.8742 -0.0563 0.4823
vn 0.8447 -0.0805 0.5292
vn 0.8569 -0.0173 0.5152
vn 0.8096 -0.0138 0.5868
vn 0.8611 0.0342 0.5073
vn 0.7934 0.0965 0.6010
vn 0.8623 -0.1384 0.4871
vn 0.8223 -0.0999 0.5602
vn 0.8331 -0.1999 0.5158
vn 0.8467 -0.2089 0.4892
vn 0.8375 -0.2864 0.4654
vn 0.7797 -0.2021 0.5926
vn 0.8375 -0.1730 0.5184
vn 0.7522 -0.1979 0.6285
vn 0.7451 -0.2446 0.6205
vn 0.8257 -0.2516 0.5049
vn 0.7370 -0.3312 0.5892
vn 0.6246 -0.1726 0.7616
vn 0.7559 -0.1726 0.6316
vn 0.6151 -0.2434 0.7499
vn 0.4620 -0.1978 0.8645
vn 0.6216 -0.1978 0.7579
vn 0.4572 -0.2434 0.8554
vn 0.2859 -0.1726 0.9426
vn 0.4643 -0.1726 0.8687
vn 0.2815 -0.2434 0.9282
vn 0.0965 -0.1726 0.9803
vn 0.2845 -0.1978 0.9381
vn 0.0960 -0.1978 0.9755
vn 0.0950 -0.2434 0.9653
vn -0.0961 -0.1978 0.9755
vn -0.0951 -0.2434 0.9652
vn -0.2860 -0.1726 0.9426
vn -0.0966 -0.1726 0.9802
vn -0.2816 -0.2434 0.9281
vn -0.4644 -0.1726 0.8687
vn -0.2846 -0.1978 0.9380
vn -0.6219 -0.1978 0.7577
vn -0.4621 -0.1978 0.8645
vn -0.6153 -0.2434 0.7497
vn -0.4573 -0.2434 0.8554
vn -0.7614 -0.1726 0.6248
vn -0.6249 -0.1726 0.7614
vn -0.8648 -0.1978 0.4615
vn -0.7578 -0.1978 0.6218
vn -0.7498 -0.2434 0.6153
vn -0.9446 -0.1726 0.2792
vn -0.8690 -0.1726 0.4638
vn -0.9302 -0.2434 0.2747
vn -0.8557 -0.2434 0.4567
vn -0.9809 -0.1725 0.0901
vn -0.9401 -0.1978 0.2777
vn -0.9762 -0.1978 0.0895
vn 0.1359 -0.9897 0.0441
vn -0.3202 -0.9417 -0.1032
vn -0.9762 -0.1978 -0.0895
vn -0.9809 -0.1725 -0.0901
vn -0.1444 -0.9894 -0.0128
vn -0.1444 -0.9894 0.0128
vn 0.2988 0.5598 0.7729
vn 0.3287 0.3227 0.8876
vn 0.1547 0.3728 0.9149
vn 0.4844 0.5959 0.6405
vn 0.5036 0.4800 0.7184
vn 0.6708 0.4622 0.5800
vn 0.7844 0.2790 0.5540
vn 0.6289 0.1888 0.7542
vn 0.7293 0.3989 0.5559
vn 0.9670 0.0355 0.2521
vn 0.8251 0.2549 0.5042
vn 0.9026 -0.0066 0.4305
vn 0.8855 0.1130 0.4507
vn 0.8661 0.2467 0.4348
vn 0.9566 0.0698 0.2828
vn 0.8935 -0.0153 0.4488
vn 0.9471 0.0220 0.3200
vn 0.9237 -0.0375 0.3812
vn 0.8190 0.0420 0.5723
vn 0.9182 0.0828 0.3875
vn 0.9440 -0.0321 0.3284
vn 0.1932 -0.9806 0.0339
vn 0.2944 -0.9557 -0.0000
vn 0.1998 -0.9798 -0.0000
vn 0.0843 -0.6748 0.7332
vn 0.2716 -0.9614 0.0431
vn 0.2925 -0.7198 0.6295
vn 0.4601 -0.8856 0.0630
vn 0.5056 -0.8628 -0.0000
vn 0.6650 -0.7393 0.1054
vn 0.7132 -0.7009 -0.0000
vn 0.4850 -0.7003 0.5238
vn 0.9446 -0.0823 0.3178
vn 0.9571 -0.0592 0.2835
vn 0.9040 -0.0611 0.4232
vn 0.9503 -0.0851 0.2996
vn 0.8903 -0.0775 0.4488
vn 0.0399 -0.1276 0.9910
vn 0.1491 -0.7201 0.6777
vn -0.0368 -0.0966 0.9946
vn 0.1008 0.0066 0.9949
vn 0.3485 -0.0618 0.9353
vn 0.2270 -0.1917 0.9548
vn 0.0103 0.0352 0.9993
vn 0.1890 0.1388 0.9721
vn 0.0664 0.1861 0.9803
vn 0.4669 0.0453 0.8832
vn 0.6071 -0.1492 0.7805
vn 0.6992 -0.0439 0.7135
vn 0.4938 -0.2833 0.8221
vn -0.3288 -0.9426 -0.0591
vn 0.1349 -0.9908 0.0114
vn 0.1348 -0.9906 0.0245
vn -0.3379 -0.9407 -0.0297
vn 0.1349 -0.9909 -0.0000
vn 0.6859 -0.7277 -0.0000
vn 0.6839 -0.7272 0.0587
vn 0.6765 -0.7259 0.1243
vn 0.6580 -0.7221 0.2134
vn 0.1297 -0.9891 0.0692
vn 0.6132 -0.7189 0.3273
vn 0.1135 -0.9892 0.0932
vn -0.2115 -0.9427 -0.2579
vn 0.5374 -0.7188 0.4411
vn 0.4410 -0.7188 0.5374
vn 0.0932 -0.9892 0.1135
vn -0.1570 -0.9429 -0.2939
vn 0.0692 -0.9892 0.1295
vn -0.0966 -0.9429 -0.3187
vn 0.3277 -0.7188 0.6131
vn 0.2018 -0.7188 0.6653
vn 0.0426 -0.9892 0.1405
vn -0.0326 -0.9430 -0.3313
vn 0.0144 -0.9892 0.1461
vn 0.0326 -0.9430 -0.3313
vn 0.0681 -0.7188 0.6919
vn -0.0682 -0.7188 0.6919
vn -0.0144 -0.9892 0.1461
vn 0.0966 -0.9429 -0.3187
vn -0.0426 -0.9892 0.1405
vn 0.1570 -0.9429 -0.2939
vn -0.2018 -0.7188 0.6653
vn -0.3278 -0.7188 0.6131
vn -0.0692 -0.9892 0.1295
vn -0.0932 -0.9892 0.1135
vn -0.4411 -0.7188 0.5374
vn -0.5374 -0.7188 0.4410
vn -0.1135 -0.9892 0.0932
vn -0.1297 -0.9891 0.0692
vn 0.2950 -0.9424 -0.1575
vn -0.1426 -0.9889 0.0416
vn -0.6134 -0.7187 0.3273
vn -0.6677 -0.7182 0.1958
vn -0.6917 -0.7195 0.0620
vn 0.8848 -0.4592 -0.0797
vn 0.6765 -0.7259 -0.1243
vn 0.8749 -0.4543 -0.1677
vn 0.3351 -0.9417 0.0300
vn -0.6677 -0.7182 -0.1958
vn -0.6917 -0.7195 -0.0620
vn -0.2515 -0.9668 -0.0445
vn -0.2515 -0.9668 0.0445
vn -0.2525 -0.9642 0.0810
vn -0.3358 -0.9419 -0.0000
vn -0.1685 -0.9641 -0.2051
vn -0.1249 -0.9643 -0.2336
vn -0.0768 -0.9644 -0.2531
vn -0.0259 -0.9645 -0.2629
vn -0.2525 -0.9642 -0.0810
vn 0.0260 -0.9645 -0.2628
vn 0.0768 -0.9645 -0.2527
vn 0.9205 -0.2044 0.3329
vn 0.8554 -0.1852 0.4837
vn 0.9317 -0.1813 0.3147
vn 0.8075 -0.4267 0.4074
vn 0.7737 -0.4234 0.4713
vn 0.7063 -0.3220 0.6304
vn 0.9127 -0.1425 0.3829
vn 0.8548 -0.3016 0.4223
vn 0.6514 0.4507 0.6104
vn 0.6839 -0.0294 0.7290
vn 0.6221 0.0830 0.7786
vn 0.5907 -0.0654 0.8042
vn 0.5768 0.0659 0.8142
vn 0.6486 0.2621 0.7146
vn 0.7600 -0.1343 0.6359
vn 0.6378 -0.1892 0.7466
vn 0.6713 0.7359 0.0878
vn 0.8478 0.5294 0.0302
vn 0.7264 0.6563 0.2039
vn 0.7189 0.6947 0.0236
vn 0.8866 0.4626 -0.0000
vn 0.9770 0.2132 -0.0000
vn 0.6845 0.7150 0.1423
vn 0.6985 0.4119 0.5852
vn 0.6662 0.6086 0.4310
vn 0.6951 0.6335 0.3399
vn 0.6923 0.7216 -0.0014
vn 0.7105 0.7037 -0.0000
vn 0.6972 0.7168 0.0059
vn 0.7171 0.6970 -0.0000
vn 0.9428 -0.3296 0.0503
vn 0.9443 -0.3290 -0.0000
vn 0.8427 -0.5361 -0.0497
vn 0.8548 -0.4840 0.1874
vn 0.5674 -0.7374 0.3665
vn 0.4338 -0.7290 0.5295
vn 0.5095 -0.8562 -0.0850
vn 0.1521 -0.9678 0.2008
vn 0.1505 -0.8012 0.5791
vn 0.2287 -0.5962 0.7696
vn 0.4501 -0.5857 0.6741
vn 0.3111 -0.3701 0.8753
vn 0.4750 -0.3779 0.7947
vn 0.4892 -0.2027 0.8483
vn 0.5086 -0.0659 0.8585
vn 0.3711 -0.1938 0.9081
vn 0.4154 -0.0492 0.9083
vn 0.4914 0.2385 0.8376
vn 0.5902 0.1552 0.7922
vn 0.9822 0.1657 -0.0886
vn 0.9743 0.2069 -0.0896
vn 0.9154 0.1018 -0.3895
vn 0.9648 0.1072 -0.2403
vn 0.9638 0.1894 -0.1877
vn 0.2346 -0.9640 0.1249
vn 0.2050 -0.9642 0.1680
vn 0.2651 -0.9639 0.0234
vn -0.2356 -0.9637 0.1255
vn -0.2058 -0.9639 0.1687
vn 0.3209 -0.9424 0.0941
vn 0.2950 -0.9424 0.1575
vn -0.2949 -0.9424 0.1576
vn -0.2580 -0.9426 0.2120
vn -0.8358 -0.3202 -0.4460
vn -0.9208 -0.2798 -0.2717
vn -0.8470 -0.2798 -0.4520
vn 0.2568 -0.9636 0.0747
vn 0.1247 -0.9644 0.2330
vn 0.2115 -0.9427 0.2579
vn 0.1570 -0.9429 0.2939
vn 0.2581 -0.9426 0.2120
vn 0.1680 -0.9644 0.2044
vn -0.7981 -0.4262 -0.4259
vn -0.7323 -0.3202 -0.6010
vn -0.6091 -0.2798 -0.7421
vn -0.6010 -0.3202 -0.7323
vn -0.6993 -0.4262 -0.5739
vn -0.5739 -0.4262 -0.6993
vn -0.4466 -0.3202 -0.8355
vn -0.2787 -0.2798 -0.9187
vn -0.2750 -0.3202 -0.9065
vn -0.4265 -0.4262 -0.7978
vn -0.2626 -0.4262 -0.8657
vn 0.0928 -0.3202 -0.9428
vn -0.0941 -0.2798 -0.9554
vn 0.0941 -0.2798 -0.9554
vn -0.0887 -0.4262 -0.9003
vn -0.0929 -0.3202 -0.9428
vn 0.0886 -0.4262 -0.9003
vn 0.2750 -0.3202 -0.9066
vn 0.4525 -0.2798 -0.8467
vn 0.4465 -0.3202 -0.8355
vn 0.2626 -0.4262 -0.8657
vn 0.4264 -0.4262 -0.7978
vn 0.7306 -0.3208 -0.6027
vn 0.6089 -0.2798 -0.7423
vn 0.7392 -0.2806 -0.6123
vn 0.6009 -0.3202 -0.7324
vn 0.5738 -0.4262 -0.6993
vn 0.6990 -0.4264 -0.5741
vn 0.8642 -0.3685 -0.3424
vn 0.8248 -0.2938 -0.4831
vn 0.8475 -0.3443 -0.4039
vn 0.8497 -0.4424 -0.2870
vn 0.8883 -0.4107 -0.2055
vn 0.8250 -0.3281 -0.4602
vn 0.7960 -0.4284 -0.4277
vn 0.8991 -0.4269 -0.0966
vn 0.7792 -0.5230 -0.3454
vn 0.8369 -0.5337 -0.1214
vn 0.2786 -0.2798 -0.9187
vn -0.4526 -0.2798 -0.8467
vn -0.7422 -0.2798 -0.6090
vn 0.9954 -0.0868 -0.0407
vn 0.9941 -0.0678 0.0842
vn 0.9947 -0.0805 -0.0645
vn 0.9571 -0.0592 -0.2835
vn 0.9446 -0.0823 -0.3178
vn 0.9040 -0.0611 -0.4232
vn 0.9833 -0.1643 -0.0780
vn 0.9419 -0.1408 -0.3051
vn 0.8742 -0.0563 -0.4823
vn 0.8447 -0.0805 -0.5292
vn 0.8569 -0.0173 -0.5152
vn 0.8096 -0.0138 -0.5868
vn 0.8611 0.0342 -0.5073
vn 0.7934 0.0965 -0.6010
vn 0.8623 -0.1384 -0.4871
vn 0.8911 -0.0779 -0.4471
vn 0.8223 -0.0999 -0.5602
vn 0.8467 -0.2089 -0.4892
vn 0.8375 -0.2864 -0.4654
vn 0.8257 -0.2516 -0.5049
vn 0.8331 -0.1999 -0.5158
vn 0.7451 -0.2446 -0.6205
vn 0.7522 -0.1979 -0.6285
vn 0.8375 -0.1730 -0.5184
vn 0.7797 -0.2021 -0.5926
vn 0.7370 -0.3312 -0.5892
vn 0.6151 -0.2434 -0.7499
vn 0.6246 -0.1726 -0.7616
vn 0.6216 -0.1978 -0.7579
vn 0.4572 -0.2434 -0.8554
vn 0.4643 -0.1726 -0.8687
vn 0.2815 -0.2434 -0.9282
vn 0.2859 -0.1726 -0.9426
vn 0.4620 -0.1978 -0.8645
vn 0.2845 -0.1978 -0.9381
vn 0.0960 -0.1978 -0.9755
vn 0.0965 -0.1726 -0.9803
vn 0.0950 -0.2434 -0.9653
vn -0.0951 -0.2434 -0.9652
vn -0.0966 -0.1726 -0.9802
vn -0.0961 -0.1978 -0.9755
vn -0.2816 -0.2434 -0.9281
vn -0.2846 -0.1978 -0.9380
vn -0.4573 -0.2434 -0.8554
vn -0.4644 -0.1726 -0.8687
vn -0.4621 -0.1978 -0.8645
vn -0.6153 -0.2434 -0.7497
vn -0.6219 -0.1978 -0.7577
vn -0.7498 -0.2434 -0.6153
vn -0.7578 -0.1978 -0.6218
vn -0.6249 -0.1726 -0.7614
vn -0.8648 -0.1978 -0.4615
vn -0.7614 -0.1726 -0.6248
vn -0.8557 -0.2434 -0.4567
vn -0.9302 -0.2434 -0.2747
vn -0.9446 -0.1726 -0.2792
vn -0.9401 -0.1978 -0.2777
vn 0.1359 -0.9897 -0.0442
vn 0.1297 -0.9891 -0.0692
vn 0.3287 0.3227 -0.8876
vn 0.2988 0.5598 -0.7729
vn 0.1547 0.3728 -0.9149
vn 0.6289 0.1888 -0.7542
vn 0.5036 0.4800 -0.7184
vn 0.7844 0.2790 -0.5540
vn 0.6708 0.4622 -0.5800
vn 0.4844 0.5959 -0.6405
vn 0.7293 0.3989 -0.5559
vn 0.8661 0.2467 -0.4348
vn 0.8251 0.2549 -0.5042
vn 0.8855 0.1130 -0.4507
vn 0.9026 -0.0066 -0.4305
vn 0.9670 0.0355 -0.2522
vn 0.9566 0.0698 -0.2828
vn 0.9733 -0.0356 -0.2266
vn 0.9471 0.0220 -0.3200
vn 0.9773 -0.0403 -0.2079
vn 0.9237 -0.0375 -0.3812
vn 0.8935 -0.0153 -0.4488
vn 0.8190 0.0420 -0.5723
vn 0.9182 0.0828 -0.3875
vn 0.9440 -0.0321 -0.3284
vn 0.1932 -0.9806 -0.0339
vn 0.4601 -0.8856 -0.0630
vn 0.2716 -0.9614 -0.0431
vn 0.2925 -0.7198 -0.6295
vn 0.1491 -0.7201 -0.6777
vn 0.0843 -0.6748 -0.7332
vn 0.6650 -0.7393 -0.1054
vn 0.4850 -0.7003 -0.5238
vn 0.9613 -0.0861 -0.2618
vn 0.9503 -0.0851 -0.2996
vn 0.8903 -0.0775 -0.4488
vn 0.0399 -0.1276 -0.9910
vn -0.0368 -0.0966 -0.9946
vn 0.2270 -0.1917 -0.9548
vn 0.3485 -0.0618 -0.9353
vn 0.1008 0.0066 -0.9949
vn 0.0103 0.0352 -0.9993
vn 0.1890 0.1388 -0.9721
vn 0.0664 0.1861 -0.9803
vn 0.4669 0.0453 -0.8832
vn 0.6071 -0.1492 -0.7805
vn 0.6992 -0.0439 -0.7135
vn 0.4938 -0.2833 -0.8221
vn -0.3288 -0.9426 0.0591
vn 0.1349 -0.9908 -0.0114
vn -0.3379 -0.9407 0.0297
vn 0.1348 -0.9906 -0.0245
vn 0.6839 -0.7272 -0.0587
vn 0.6580 -0.7221 -0.2134
vn 0.6132 -0.7189 -0.3273
vn -0.3202 -0.9417 0.1032
vn 0.1135 -0.9892 -0.0932
vn -0.2115 -0.9427 0.2579
vn 0.0932 -0.9892 -0.1135
vn 0.5374 -0.7188 -0.4411
vn 0.4410 -0.7188 -0.5374
vn -0.1570 -0.9429 0.2939
vn 0.0692 -0.9892 -0.1295
vn -0.0966 -0.9429 0.3187
vn 0.0426 -0.9892 -0.1405
vn 0.3277 -0.7188 -0.6131
vn 0.2018 -0.7188 -0.6653
vn 0.0144 -0.9892 -0.1461
vn -0.0326 -0.9430 0.3313
vn 0.0326 -0.9430 0.3313
vn -0.0144 -0.9892 -0.1461
vn 0.0681 -0.7188 -0.6919
vn -0.0682 -0.7188 -0.6919
vn 0.0966 -0.9429 0.3187
vn -0.0426 -0.9892 -0.1405
vn -0.0692 -0.9892 -0.1295
vn -0.2018 -0.7188 -0.6653
vn -0.3278 -0.7188 -0.6131
vn -0.0932 -0.9892 -0.1135
vn -0.1135 -0.9892 -0.0932
vn -0.4411 -0.7188 -0.5374
vn -0.5374 -0.7188 -0.4410
vn -0.1297 -0.9891 -0.0692
vn -0.1426 -0.9889 -0.0416
vn -0.6134 -0.7187 -0.3273
vn -0.2612 -0.9650 0.0231
vn -0.1685 -0.9641 0.2051
vn -0.1249 -0.9643 0.2336
vn -0.0768 -0.9644 0.2531
vn -0.0259 -0.9645 0.2629
vn 0.0260 -0.9645 0.2628
vn 0.0768 -0.9645 0.2527
vn 0.9205 -0.2044 -0.3329
vn 0.8554 -0.1852 -0.4837
vn 0.7737 -0.4234 -0.4713
vn 0.8075 -0.4267 -0.4074
vn 0.9317 -0.1813 -0.3147
vn 0.9127 -0.1425 -0.3829
vn 0.8548 -0.3016 -0.4223
vn 0.6514 0.4507 -0.6104
vn 0.6486 0.2621 -0.7146
vn 0.6221 0.0830 -0.7786
vn 0.5907 -0.0654 -0.8042
vn 0.6839 -0.0294 -0.7290
vn 0.7600 -0.1343 -0.6359
vn 0.6378 -0.1892 -0.7466
vn 0.7063 -0.3220 -0.6304
vn 0.6713 0.7359 -0.0878
vn 0.8478 0.5294 -0.0302
vn 0.7189 0.6947 -0.0236
vn 0.7264 0.6563 -0.2039
vn 0.7564 0.6541 -0.0000
vn 0.6985 0.4119 -0.5852
vn 0.6845 0.7150 -0.1423
vn 0.6662 0.6086 -0.4310
vn 0.6951 0.6335 -0.3399
vn 0.6923 0.7216 0.0014
vn 0.6972 0.7168 -0.0059
vn 0.9428 -0.3296 -0.0503
vn 0.8548 -0.4840 -0.1874
vn 0.8427 -0.5361 0.0497
vn 0.9035 -0.4285 -0.0000
vn 0.5674 -0.7374 -0.3665
vn 0.4338 -0.7290 -0.5295
vn 0.1521 -0.9678 -0.2008
vn 0.5095 -0.8562 0.0850
vn 0.4501 -0.5857 -0.6741
vn 0.3111 -0.3701 -0.8753
vn 0.2287 -0.5962 -0.7696
vn 0.1505 -0.8012 -0.5791
vn 0.4892 -0.2027 -0.8483
vn 0.4154 -0.0492 -0.9083
vn 0.5086 -0.0659 -0.8585
vn 0.3711 -0.1938 -0.9081
vn 0.4750 -0.3779 -0.7947
vn 0.5768 0.0659 -0.8142
vn 0.5902 0.1552 -0.7922
vn 0.4914 0.2385 -0.8376
vn 0.9595 0.1584 0.2330
vn 0.8911 -0.0779 0.4471
vn 0.9595 0.1584 -0.2330
vn 0.7559 -0.1726 -0.6316
vn -0.2860 -0.1726 -0.9426
vn -0.8690 -0.1726 -0.4638
vt 0.781247 0.998915
vt 0.765719 0.992434
vt 0.781226 0.993729
vt 0.765637 0.998753
vt 0.750154 0.991605
vt 0.766849 0.957174
vt 0.750154 0.991605
vt 0.756209 0.947730
vt 0.735379 0.954653
vt 0.750019 0.998650
vt 0.734495 0.991533
vt 0.637739 0.106153
vt 0.619883 0.091452
vt 0.591453 0.119883
vt 0.296875 0.570066
vt 0.296875 0.590297
vt 0.954227 0.268699
vt 0.918426 0.283502
vt 0.952798 0.277835
vt 0.930886 0.153315
vt 0.946273 0.190461
vt 0.930887 0.153315
vt 0.569114 0.153315
vt 0.569114 0.153315
vt 0.925858 0.201332
vt 0.946273 0.190461
vt 0.296875 0.570066
vt 0.296875 0.524347
vt 0.296875 0.524347
vt 0.619883 0.091452
vt 0.653315 0.069114
vt 0.653315 0.069114
vt 0.690461 0.053727
vt 0.553530 0.189566
vt 0.554131 0.189008
vt 0.328125 0.524347
vt 0.328125 0.590297
vt 0.359375 0.570066
vt 0.359375 0.590297
vt 0.328125 0.524347
vt 0.328125 0.570066
vt 0.328125 0.570066
vt 0.359375 0.524347
vt 0.752335 0.664402
vt 0.735129 0.874787
vt 0.754067 0.901924
vt 0.390625 0.570066
vt 0.421875 0.590297
vt 0.390625 0.590297
vt 0.421875 0.524347
vt 0.421875 0.570066
vt 0.390625 0.524347
vt 0.453125 0.570066
vt 0.484375 0.590297
vt 0.453125 0.590297
vt 0.453125 0.524347
vt 0.484375 0.570066
vt 0.515625 0.570066
vt 0.546875 0.590297
vt 0.515625 0.590297
vt 0.515625 0.524347
vt 0.546875 0.570066
vt 0.484375 0.524347
vt 0.578125 0.590297
vt 0.609375 0.570066
vt 0.609375 0.590297
vt 0.578125 0.524347
vt 0.578125 0.570066
vt 0.546875 0.524347
vt 0.640625 0.590297
vt 0.671873 0.570095
vt 0.671869 0.590340
vt 0.640625 0.570066
vt 0.671875 0.524352
vt 0.609375 0.524347
vt 0.640625 0.524347
vt 0.702948 0.591684
vt 0.734008 0.577027
vt 0.733168 0.601929
vt 0.703053 0.570977
vt 0.734363 0.525213
vt 0.749586 0.581461
vt 0.749985 0.525658
vt 0.703123 0.524498
vt 0.752335 0.664402
vt 0.748438 0.616962
vt 0.765394 0.582922
vt 0.765615 0.525907
vt 0.781250 0.615864
vt 0.781250 0.583020
vt 0.765337 0.616212
vt 0.781250 0.526028
vt 0.769663 0.818300
vt 0.775312 0.673340
vt 0.775457 0.813473
vt 0.781251 0.678603
vt 0.781289 0.810950
vt 0.762737 0.652833
vt 0.760862 0.890321
vt 0.759609 0.656161
vt 0.775255 0.851912
vt 0.781304 0.851580
vt 0.769502 0.860781
vt 0.296875 0.590297
vt 0.296875 0.608495
vt 0.296875 0.608495
vt 0.735399 0.904801
vt 0.735129 0.874787
vt 0.752131 0.912270
vt 0.735040 0.922595
vt 0.751183 0.924357
vt 0.735062 0.937894
vt 0.751667 0.936561
vt 0.732837 0.653631
vt 0.747687 0.660756
vt 0.702735 0.627164
vt 0.731301 0.639170
vt 0.731545 0.622275
vt 0.702948 0.591684
vt 0.733168 0.601929
vt 0.744791 0.661704
vt 0.702852 0.645040
vt 0.671863 0.625585
vt 0.671865 0.608546
vt 0.702798 0.610139
vt 0.742494 0.639102
vt 0.640625 0.643677
vt 0.671866 0.643720
vt 0.640625 0.608495
vt 0.609375 0.625533
vt 0.640625 0.625533
vt 0.609375 0.608495
vt 0.640625 0.590297
vt 0.578125 0.643677
vt 0.609375 0.643677
vt 0.578125 0.608495
vt 0.609375 0.590297
vt 0.546875 0.643677
vt 0.578125 0.625533
vt 0.546875 0.625533
vt 0.546875 0.608495
vt 0.515625 0.625533
vt 0.515625 0.608495
vt 0.546875 0.590297
vt 0.484375 0.643677
vt 0.515625 0.643677
vt 0.484375 0.608495
vt 0.453125 0.643677
vt 0.484375 0.625533
vt 0.453125 0.590297
vt 0.484375 0.590297
vt 0.421875 0.625533
vt 0.453125 0.625533
vt 0.421875 0.608495
vt 0.453125 0.608495
vt 0.421875 0.590297
vt 0.390625 0.643677
vt 0.421875 0.643677
vt 0.359375 0.625533
vt 0.390625 0.625533
vt 0.390625 0.608495
vt 0.359375 0.590297
vt 0.328125 0.643677
vt 0.359375 0.643677
vt 0.328125 0.608495
vt 0.359375 0.608495
vt 0.296875 0.643677
vt 0.328125 0.625533
vt 0.296875 0.625533
vt 0.960909 0.229228
vt 0.946273 0.190461
vt 0.954117 0.229897
vt 0.328125 0.590297
vt 0.296875 0.643677
vt 0.546798 0.188229
vt 0.553566 0.190429
vt 0.547030 0.188446
vt 0.754909 0.769236
vt 0.750000 0.739738
vt 0.750000 0.769236
vt 0.759818 0.769236
vt 0.754883 0.739738
vt 0.759766 0.739738
vt 0.754857 0.710240
vt 0.750000 0.710241
vt 0.764726 0.769236
vt 0.769635 0.769236
vt 0.764648 0.739738
vt 0.769531 0.739738
vt 0.764570 0.710240
vt 0.759713 0.710241
vt 0.759661 0.680743
vt 0.769427 0.710241
vt 0.764492 0.680743
vt 0.769322 0.680743
vt 0.764414 0.651245
vt 0.759609 0.651245
vt 0.750000 0.680743
vt 0.754831 0.680743
vt 0.754805 0.651245
vt 0.750000 0.651245
vt 0.767041 0.766753
vt 0.781250 0.725863
vt 0.781250 0.758023
vt 0.752084 0.781928
vt 0.766352 0.731175
vt 0.751489 0.694273
vt 0.766084 0.691796
vt 0.781250 0.689470
vt 0.765682 0.652838
vt 0.781250 0.651967
vt 0.750590 0.654218
vt 0.765337 0.616212
vt 0.765300 0.888193
vt 0.765415 0.651655
vt 0.770052 0.887227
vt 0.757036 0.894672
vt 0.756298 0.661801
vt 0.765415 0.651655
vt 0.766691 0.851026
vt 0.766088 0.848889
vt 0.750376 0.738254
vt 0.751900 0.736918
vt 0.750563 0.778249
vt 0.749442 0.739383
vt 0.748064 0.706031
vt 0.749490 0.700076
vt 0.749878 0.775015
vt 0.749852 0.740329
vt 0.749996 0.772125
vt 0.750250 0.741275
vt 0.749432 0.710594
vt 0.745251 0.676427
vt 0.750801 0.715157
vt 0.748551 0.684269
vt 0.751852 0.692112
vt 0.747395 0.659990
vt 0.741587 0.649070
vt 0.747420 0.665860
vt 0.745651 0.678007
vt 0.742494 0.639102
vt 0.955108 0.250000
vt 0.961076 0.270805
vt 0.961933 0.250000
vt 0.954279 0.270135
vt 0.959191 0.291611
vt 0.965928 0.292951
vt 0.967873 0.271475
vt 0.968758 0.250000
vt 0.967701 0.228559
vt 0.968758 0.250000
vt 0.967873 0.271475
vt 0.952804 0.188480
vt 0.959335 0.186498
vt 0.936905 0.150098
vt 0.961933 0.250000
vt 0.908548 0.119883
vt 0.942924 0.146881
vt 0.919099 0.111223
vt 0.913823 0.115553
vt 0.880117 0.091453
vt 0.884447 0.086177
vt 0.846685 0.069114
vt 0.888777 0.080901
vt 0.853120 0.057076
vt 0.849903 0.063095
vt 0.809539 0.053727
vt 0.811521 0.047196
vt 0.770103 0.045883
vt 0.813502 0.040666
vt 0.771441 0.032299
vt 0.770772 0.039091
vt 0.729897 0.045883
vt 0.729228 0.039091
vt 0.690461 0.053727
vt 0.728559 0.032299
vt 0.686499 0.040666
vt 0.688480 0.047196
vt 0.650098 0.063095
vt 0.619883 0.091452
vt 0.646881 0.057076
vt 0.611224 0.080901
vt 0.615553 0.086177
vt 0.586177 0.115553
vt 0.591453 0.119883
vt 0.563095 0.150098
vt 0.569114 0.153315
vt 0.580901 0.111223
vt 0.557076 0.146881
vt 0.540493 0.186464
vt 0.540493 0.186464
vt 0.968758 0.250000
vt 0.749985 0.525658
vt 0.551632 0.188961
vt 0.591237 0.160063
vt 0.557076 0.146881
vt 0.540493 0.186464
vt 0.955108 0.250000
vt 0.954642 0.269352
vt 0.955108 0.250000
vt 0.953521 0.250433
vt 0.936244 0.237276
vt 0.953177 0.230330
vt 0.931096 0.272335
vt 0.955363 0.284006
vt 0.665593 0.081299
vt 0.607459 0.126442
vt 0.908548 0.119883
vt 0.918701 0.165592
vt 0.880117 0.091453
vt 0.908548 0.119883
vt 0.880118 0.091453
vt 0.954117 0.229897
vt 0.893847 0.137739
vt 0.873558 0.107459
vt 0.809539 0.053727
vt 0.846685 0.069114
vt 0.809539 0.053727
vt 0.839937 0.091237
vt 0.938161 0.236576
vt 0.954117 0.229897
vt 0.809604 0.071025
vt 0.729897 0.045883
vt 0.770103 0.045883
vt 0.772335 0.068905
vt 0.729897 0.045883
vt 0.736577 0.061839
vt 0.701333 0.074143
vt 0.690461 0.053727
vt 0.767291 0.651296
vt 0.767297 0.853467
vt 0.769007 0.808416
vt 0.768417 0.651245
vt 0.768960 0.651245
vt 0.769151 0.651245
vt 0.753968 0.901705
vt 0.756750 0.892625
vt 0.753977 0.900961
vt 0.756760 0.893022
vt 0.760005 0.885786
vt 0.759989 0.885657
vt 0.756776 0.891867
vt 0.754339 0.896591
vt 0.760021 0.885915
vt 0.763682 0.874723
vt 0.763273 0.873202
vt 0.764092 0.876244
vt 0.750354 0.943060
vt 0.750107 0.959895
vt 0.750179 0.959895
vt 0.750769 0.927398
vt 0.750279 0.943085
vt 0.750261 0.931397
vt 0.750162 0.943489
vt 0.750035 0.959895
vt 0.750866 0.927186
vt 0.751971 0.912887
vt 0.752014 0.913176
vt 0.751888 0.912674
vt 0.753034 0.958254
vt 0.766710 0.958932
vt 0.752650 0.954236
vt 0.766836 0.960217
vt 0.780770 0.963627
vt 0.781103 0.965584
vt 0.766247 0.957347
vt 0.751390 0.949110
vt 0.755029 0.961487
vt 0.752961 0.960691
vt 0.755888 0.961487
vt 0.752175 0.960691
vt 0.752568 0.960691
vt 0.750107 0.959895
vt 0.750035 0.959895
vt 0.765625 0.961486
vt 0.751955 0.960425
vt 0.750000 0.961487
vt 0.781250 0.961486
vt 0.766399 0.961002
vt 0.780844 0.961579
vt 0.774706 0.874213
vt 0.775255 0.851912
vt 0.781288 0.875053
vt 0.773674 0.889423
vt 0.768153 0.874227
vt 0.759989 0.885657
vt 0.764252 0.880623
vt 0.759976 0.887158
vt 0.764745 0.873219
vt 0.768865 0.874004
vt 0.768229 0.887227
vt 0.763719 0.888193
vt 0.759570 0.890321
vt 0.756646 0.892114
vt 0.756023 0.894382
vt 0.756354 0.893165
vt 0.752837 0.899603
vt 0.753070 0.899087
vt 0.753303 0.898572
vt 0.751737 0.912600
vt 0.750304 0.927230
vt 0.753339 0.898593
vt 0.751724 0.913076
vt 0.750272 0.931791
vt 0.750316 0.925775
vt 0.750167 0.942770
vt 0.750300 0.925646
vt 0.750166 0.943695
vt 0.750167 0.943233
vt 0.750017 0.960691
vt 0.765719 0.992434
vt 0.750154 0.991605
vt 0.765637 0.998753
vt 0.735379 0.954653
vt 0.765719 0.992434
vt 0.734495 0.991533
vt 0.750019 0.998650
vt 0.609309 0.127303
vt 0.592424 0.120242
vt 0.620862 0.092139
vt 0.554798 0.189002
vt 0.571025 0.190396
vt 0.945264 0.191103
vt 0.917197 0.166972
vt 0.930183 0.154075
vt 0.567108 0.152243
vt 0.589694 0.118439
vt 0.948450 0.189800
vt 0.932893 0.152243
vt 0.359375 0.570066
vt 0.328125 0.590297
vt 0.359375 0.590297
vt 0.570281 0.153574
vt 0.691103 0.054736
vt 0.652243 0.067107
vt 0.689801 0.051550
vt 0.618440 0.089694
vt 0.654075 0.069817
vt 0.359375 0.524347
vt 0.390625 0.570066
vt 0.421875 0.570066
vt 0.390625 0.524347
vt 0.421875 0.524347
vt 0.453125 0.570066
vt 0.484375 0.570066
vt 0.453125 0.524347
vt 0.484375 0.524347
vt 0.546875 0.570066
vt 0.546875 0.590297
vt 0.515625 0.524347
vt 0.546875 0.524347
vt 0.609375 0.570066
vt 0.578125 0.524347
vt 0.609375 0.524347
vt 0.671873 0.570095
vt 0.640625 0.590297
vt 0.640625 0.570066
vt 0.640625 0.524347
vt 0.671875 0.524352
vt 0.734008 0.577027
vt 0.702948 0.591684
vt 0.733168 0.601929
vt 0.734363 0.525213
vt 0.749586 0.581461
vt 0.703054 0.570977
vt 0.748438 0.616962
vt 0.578125 0.590297
vt 0.453125 0.590297
vt 0.390625 0.590297
vt 0.775457 0.813473
vt 0.775312 0.673340
vt 0.765415 0.651655
vt 0.781103 0.965584
vt 0.765719 0.992434
vt 0.775255 0.851912
vt 0.735040 0.922595
vt 0.735062 0.937893
vt 0.732837 0.653631
vt 0.734147 0.675083
vt 0.747687 0.660756
vt 0.731545 0.622275
vt 0.702948 0.591684
vt 0.702798 0.610139
vt 0.702735 0.627164
vt 0.671863 0.625585
vt 0.702852 0.645040
vt 0.742494 0.639102
vt 0.640625 0.608495
vt 0.640625 0.643677
vt 0.640625 0.625533
vt 0.609375 0.608495
vt 0.609375 0.643677
vt 0.640625 0.590297
vt 0.578125 0.608495
vt 0.578125 0.643677
vt 0.609375 0.625533
vt 0.578125 0.625533
vt 0.546875 0.625533
vt 0.546875 0.643677
vt 0.546875 0.590297
vt 0.546875 0.608495
vt 0.515625 0.643677
vt 0.515625 0.625533
vt 0.484375 0.625533
vt 0.453125 0.590297
vt 0.453125 0.608495
vt 0.453125 0.643677
vt 0.453125 0.625533
vt 0.421875 0.608495
vt 0.421875 0.625533
vt 0.421875 0.590297
vt 0.390625 0.608495
vt 0.390625 0.625533
vt 0.421875 0.643677
vt 0.359375 0.625533
vt 0.390625 0.643677
vt 0.359375 0.608495
vt 0.359375 0.590297
vt 0.328125 0.643677
vt 0.328125 0.625533
vt 0.961192 0.229200
vt 0.948450 0.189800
vt 0.953076 0.188397
vt 0.754909 0.769236
vt 0.754883 0.739738
vt 0.754857 0.710240
vt 0.759765 0.739738
vt 0.759818 0.769236
vt 0.764726 0.769236
vt 0.759713 0.710240
vt 0.764648 0.739738
vt 0.764570 0.710240
vt 0.759661 0.680743
vt 0.764492 0.680743
vt 0.754831 0.680743
vt 0.767041 0.766753
vt 0.766083 0.691796
vt 0.766352 0.731175
vt 0.751900 0.736918
vt 0.765682 0.652838
vt 0.750590 0.654218
vt 0.767297 0.853467
vt 0.766691 0.851026
vt 0.756298 0.661801
vt 0.750376 0.738254
vt 0.750563 0.778249
vt 0.749852 0.740329
vt 0.749996 0.772125
vt 0.749432 0.710594
vt 0.748551 0.684269
vt 0.742494 0.639102
vt 0.957383 0.250000
vt 0.961373 0.270693
vt 0.956627 0.269520
vt 0.962217 0.250000
vt 0.967873 0.271475
vt 0.959555 0.290828
vt 0.967873 0.271475
vt 0.967701 0.228559
vt 0.932893 0.152243
vt 0.959335 0.186498
vt 0.962217 0.250000
vt 0.956381 0.229674
vt 0.957383 0.250000
vt 0.937156 0.149964
vt 0.910306 0.118440
vt 0.914043 0.115373
vt 0.942924 0.146881
vt 0.919099 0.111223
vt 0.881561 0.089694
vt 0.884628 0.085957
vt 0.847758 0.067107
vt 0.850037 0.062844
vt 0.888777 0.080901
vt 0.853120 0.057076
vt 0.811603 0.046924
vt 0.810200 0.051550
vt 0.770326 0.043619
vt 0.770800 0.038808
vt 0.771441 0.032299
vt 0.729674 0.043619
vt 0.729200 0.038808
vt 0.689801 0.051550
vt 0.688397 0.046924
vt 0.728559 0.032299
vt 0.652243 0.067107
vt 0.649964 0.062844
vt 0.618440 0.089694
vt 0.615373 0.085957
vt 0.611224 0.080901
vt 0.585957 0.115373
vt 0.589694 0.118439
vt 0.562844 0.149964
vt 0.567108 0.152243
vt 0.580901 0.111223
vt 0.572771 0.190211
vt 0.540493 0.186464
vt 0.931014 0.250000
vt 0.956627 0.269520
vt 0.953416 0.268872
vt 0.917856 0.263924
vt 0.593437 0.160692
vt 0.639531 0.107576
vt 0.892424 0.139531
vt 0.907861 0.120862
vt 0.872697 0.109308
vt 0.879759 0.092424
vt 0.956381 0.229674
vt 0.910306 0.118440
vt 0.881561 0.089694
vt 0.839308 0.093437
vt 0.846426 0.070281
vt 0.809517 0.073064
vt 0.809579 0.054762
vt 0.847758 0.067107
vt 0.810200 0.051550
vt 0.923857 0.202443
vt 0.772596 0.071178
vt 0.770311 0.047061
vt 0.737276 0.063756
vt 0.730330 0.046824
vt 0.729674 0.043619
vt 0.702443 0.076143
vt 0.666972 0.082803
vt 0.770326 0.043619
vt 0.929149 0.272285
vt 0.765415 0.651655
vt 0.756750 0.892625
vt 0.753977 0.900961
vt 0.750279 0.943085
vt 0.750769 0.927398
vt 0.751971 0.912887
vt 0.751888 0.912674
vt 0.766836 0.960217
vt 0.766247 0.957347
vt 0.780770 0.963627
vt 0.780639 0.962179
vt 0.752568 0.960691
vt 0.754170 0.961487
vt 0.752050 0.959647
vt 0.765364 0.960847
vt 0.750756 0.955264
vt 0.766327 0.960860
vt 0.780174 0.961579
vt 0.775895 0.961489
vt 0.775255 0.851912
vt 0.781263 0.889839
vt 0.764252 0.880623
vt 0.759976 0.887158
vt 0.769502 0.860781
vt 0.756354 0.893165
vt 0.751737 0.912600
vt 0.751723 0.913076
vt 0.753339 0.898593
vt 0.750167 0.943233
vt 0.750333 0.925904
vt 0.734495 0.991533
vt 0.734390 0.998641
vt 0.734147 0.675083
vt 0.296875 0.590297
vt 0.769218 0.651245
vt 0.753203 0.670910
vt 0.952455 0.290271
vt 0.955108 0.250000
vt 0.766084 0.889007
vt 0.753956 0.897626
vt 0.734495 0.991533
vt 0.781226 0.993729
vt 0.734390 0.998641
vt 0.671866 0.643720
vt 0.484375 0.643677
vt 0.359375 0.643677
vt 0.753956 0.897626
s 1
f 144/1/1 145/2/2 64/3/3
f 351/4/4 24/5/5 145/2/2
f 85/6/6 24/7/5 9/8/7
f 24/7/5 84/9/8 9/8/7
f 142/10/9 146/11/10 24/5/5
f 133/12/11 459/13/12 447/14/13
f 62/5/14 226/6/15 43/8/16
f 477/15/17 199/16/18 334/16/19
f 446/17/20 133/18/11 207/19/21
f 453/20/22 118/21/23 119/22/24
f 447/14/13 130/23/25 353/24/26
f 133/25/11 449/26/27 453/20/22
f 356/27/28 476/28/29 355/29/30
f 128/30/31 354/31/32 127/32/33
f 456/33/34 127/32/33 354/31/32
f 353/24/26 200/34/35 448/35/36
f 360/36/37 356/27/28 355/29/30
f 102/37/38 358/38/39 103/39/40
f 481/40/41 477/15/17 480/41/42
f 359/42/43 357/43/44 358/38/39
f 37/44/45 224/45/46 36/46/47
f 363/47/48 101/48/49 100/49/50
f 363/47/48 361/50/51 362/51/52
f 363/47/48 357/43/44 364/52/53
f 367/53/54 99/54/55 98/55/56
f 368/56/57 366/57/58 367/53/54
f 367/53/54 361/50/51 368/56/57
f 371/58/59 97/59/60 96/60/61
f 372/61/62 370/62/63 371/58/59
f 371/58/59 365/63/64 372/61/62
f 94/64/65 374/65/66 95/66/67
f 376/67/68 374/65/66 375/68/69
f 375/68/69 369/69/70 376/67/68
f 92/70/71 378/71/72 93/72/73
f 379/73/74 377/74/75 378/71/72
f 379/73/74 373/75/76 380/76/77
f 90/77/78 382/78/79 91/79/80
f 383/80/81 381/81/82 382/78/79
f 104/82/83 381/81/82 105/83/84
f 384/84/85 378/71/72 377/74/75
f 83/45/86 3/85/87 2/46/88
f 4/86/89 382/78/79 104/82/83
f 385/87/90 105/83/84 386/88/91
f 48/89/92 385/87/90 147/90/93
f 88/91/94 104/82/83 385/87/90
f 147/90/93 386/88/91 148/92/95
f 92/70/71 374/65/66 379/73/74
f 375/68/69 97/59/60 370/62/63
f 96/60/61 366/57/58 371/58/59
f 98/55/56 362/51/52 367/53/54
f 100/49/50 358/38/39 363/47/48
f 196/93/96 115/94/97 387/95/98
f 359/42/43 199/16/18 356/27/28
f 387/95/98 54/96/99 168/97/100
f 141/98/101 22/99/102 23/100/103
f 197/101/104 168/97/100 70/102/105
f 20/103/106 387/95/98 197/101/104
f 334/104/19 419/105/107 540/106/108
f 2/46/88 388/107/109 83/108/86
f 82/109/110 149/110/111 388/107/109
f 11/111/112 389/112/113 149/110/111
f 81/113/114 84/9/8 389/112/113
f 3/85/87 390/114/115 86/115/116
f 390/114/115 150/116/117 151/117/118
f 393/118/119 90/119/78 91/120/80
f 86/115/116 151/117/118 12/121/120
f 391/122/121 153/123/122 150/116/117
f 150/116/117 397/124/123 392/125/124
f 397/124/123 90/119/78 392/125/124
f 151/117/118 392/125/124 393/118/119
f 12/121/120 393/118/119 87/126/125
f 87/126/125 91/120/80 4/86/89
f 395/127/126 153/123/122 394/128/127
f 396/129/128 93/72/73 397/124/123
f 395/127/126 155/130/129 152/131/130
f 155/130/129 396/129/128 152/131/130
f 401/132/131 92/133/71 396/129/128
f 152/131/130 397/124/123 153/123/122
f 399/134/132 155/130/129 398/135/133
f 400/136/134 95/137/67 401/132/131
f 402/138/135 154/139/136 399/134/132
f 157/140/137 400/136/134 154/139/136
f 405/141/138 94/64/65 400/136/134
f 154/139/136 401/132/131 155/130/129
f 402/138/135 156/142/139 157/140/137
f 404/143/140 97/144/60 405/141/138
f 406/145/141 156/142/139 403/146/142
f 156/142/139 409/147/143 404/143/140
f 409/147/143 96/60/61 404/143/140
f 156/142/139 405/141/138 157/140/137
f 407/148/144 159/149/145 406/145/141
f 409/147/143 98/150/56 99/151/55
f 407/148/144 161/152/146 158/153/147
f 158/153/147 413/154/148 408/155/149
f 408/155/149 101/156/49 98/150/56
f 159/149/145 408/155/149 409/147/143
f 411/157/150 161/152/146 410/158/151
f 413/154/148 100/49/50 101/156/49
f 411/157/150 163/159/152 160/160/153
f 163/159/152 412/161/154 160/160/153
f 412/161/154 103/162/40 100/49/50
f 161/152/146 412/161/154 413/154/148
f 415/163/155 163/159/152 414/164/156
f 416/165/157 103/162/40 417/166/158
f 418/167/159 162/168/160 415/163/155
f 202/169/161 416/165/157 162/168/160
f 432/170/162 118/171/23 117/172/163
f 419/105/107 102/173/38 416/165/157
f 383/80/81 93/72/73 378/71/72
f 162/168/160 417/166/158 163/159/152
f 337/169/164 418/167/159 539/174/165
f 566/175/166 200/176/35 445/177/167
f 540/106/108 202/169/161 337/169/164
f 112/178/168 113/179/169 8/180/170
f 16/181/171 420/182/172 112/178/168
f 164/183/173 167/184/174 420/182/172
f 420/182/172 17/185/175 113/179/169
f 111/186/176 164/183/173 16/181/171
f 5/187/177 421/188/178 111/186/176
f 107/189/179 165/190/180 421/188/178
f 421/188/178 26/191/181 164/183/173
f 165/190/180 166/192/182 26/191/181
f 14/193/183 422/194/184 165/190/180
f 108/195/185 141/196/101 422/194/184
f 422/194/184 23/197/103 166/192/182
f 167/184/174 114/198/186 17/185/175
f 26/191/181 423/199/187 167/184/174
f 166/192/182 140/200/188 423/199/187
f 423/199/187 3/201/87 114/198/186
f 201/202/189 198/203/190 71/204/191
f 10/205/192 424/206/193 201/202/189
f 424/206/193 15/207/194 203/208/195
f 198/203/190 203/208/195 78/209/196
f 78/209/196 425/210/197 204/211/198
f 203/208/195 110/212/199 425/210/197
f 425/210/197 4/86/89 88/213/94
f 204/211/198 88/213/94 48/89/92
f 138/214/200 7/215/201 6/216/202
f 23/100/103 139/217/203 140/218/188
f 139/217/203 3/85/87 140/218/188
f 7/219/201 136/220/204 6/221/202
f 10/205/192 426/222/205 109/223/206
f 135/224/207 169/225/208 426/222/205
f 426/222/205 27/226/209 172/227/210
f 109/223/206 172/227/210 15/207/194
f 19/228/211 427/229/212 169/225/208
f 8/180/170 427/229/212 134/230/213
f 113/231/169 170/232/214 427/229/212
f 427/229/212 27/226/209 169/225/208
f 170/232/214 171/233/215 27/226/209
f 17/234/175 428/235/216 170/232/214
f 114/236/186 86/237/116 428/235/216
f 428/235/216 12/238/120 171/233/215
f 15/207/194 429/239/217 110/212/199
f 172/227/210 171/240/215 429/239/217
f 429/239/217 12/121/120 87/241/125
f 110/212/199 87/241/125 4/86/89
f 1/242/218 430/243/219 131/244/220
f 116/245/221 205/246/222 430/243/219
f 430/243/219 79/247/223 206/248/224
f 131/244/220 206/248/224 18/249/225
f 105/83/84 173/250/226 18/251/225
f 386/88/91 18/251/225 206/252/224
f 431/253/227 173/250/226 174/254/228
f 119/20/24 431/253/227 434/255/229
f 117/172/163 131/256/220 432/170/162
f 432/170/162 18/251/225 173/250/226
f 434/255/229 120/257/230 119/20/24
f 173/250/226 384/84/85 174/254/228
f 174/254/228 377/74/75 175/258/231
f 434/255/229 174/254/228 175/258/231
f 175/258/231 380/76/77 176/259/232
f 433/260/233 175/258/231 176/259/232
f 121/261/234 433/260/233 436/262/235
f 436/262/235 122/263/236 121/261/234
f 380/76/77 177/264/237 176/259/232
f 436/262/235 176/259/232 177/264/237
f 177/264/237 376/67/68 178/265/238
f 435/266/239 177/264/237 178/265/238
f 123/267/240 435/266/239 438/268/241
f 438/268/241 124/269/242 123/267/240
f 178/265/238 369/69/70 179/270/243
f 435/266/239 179/270/243 438/268/241
f 369/69/70 180/271/244 179/270/243
f 438/268/241 180/271/244 437/272/245
f 125/273/246 437/272/245 440/274/247
f 440/274/247 126/275/248 125/273/246
f 180/271/244 365/63/64 181/276/249
f 437/272/245 181/276/249 440/274/247
f 365/63/64 182/277/250 181/276/249
f 440/274/247 182/277/250 439/278/251
f 127/32/33 439/278/251 442/279/252
f 442/279/252 128/280/31 127/32/33
f 368/56/57 183/281/253 182/277/250
f 439/278/251 183/281/253 442/279/252
f 361/50/51 184/282/254 183/281/253
f 442/279/252 184/282/254 441/283/255
f 128/280/31 444/284/256 129/285/257
f 129/285/257 443/286/258 130/287/25
f 364/52/53 185/288/259 184/282/254
f 441/283/255 185/288/259 444/284/256
f 185/288/259 360/36/37 186/289/260
f 459/13/12 129/14/257 447/14/13
f 444/284/256 186/289/260 443/286/258
f 130/287/25 445/177/167 200/176/35
f 186/289/260 355/29/30 187/290/261
f 443/286/258 187/291/261 445/177/167
f 507/88/262 56/292/263 246/293/264
f 187/291/261 566/175/166 445/177/167
f 335/294/265 448/35/36 200/34/35
f 133/295/11 353/24/26 448/35/36
f 476/28/29 322/296/266 323/297/267
f 132/298/268 116/299/221 1/300/218
f 273/301/269 133/302/11 572/303/270
f 132/298/268 133/304/11 446/17/20
f 446/17/20 55/305/271 116/299/221
f 133/306/11 354/31/32 459/13/12
f 353/24/26 133/307/11 447/14/13
f 450/308/272 133/309/11 453/20/22
f 455/310/273 120/311/230 121/312/234
f 449/26/27 117/313/163 118/21/23
f 133/314/11 450/308/272 455/310/273
f 452/263/274 133/315/11 455/310/273
f 457/316/275 122/317/236 123/318/240
f 450/308/272 119/22/24 120/311/230
f 133/319/11 452/263/274 457/316/275
f 449/26/27 133/320/11 451/321/276
f 451/321/276 1/300/218 117/313/163
f 454/269/277 133/322/11 457/316/275
f 125/323/246 454/269/277 124/324/242
f 452/263/274 121/312/234 122/317/236
f 133/325/11 454/269/277 458/326/278
f 456/33/34 133/327/11 458/326/278
f 457/316/275 124/324/242 454/269/277
f 133/328/11 456/33/34 354/31/32
f 458/326/278 126/329/248 456/33/34
f 108/330/185 20/331/106 136/220/204
f 196/332/96 14/333/183 107/334/179
f 5/335/177 196/332/96 107/334/179
f 2/336/88 460/337/279 106/338/280
f 139/339/203 188/340/281 460/337/279
f 460/337/279 28/341/282 190/342/283
f 106/338/280 190/342/283 13/343/284
f 22/344/102 461/345/285 188/340/281
f 138/346/200 136/220/204 461/345/285
f 461/345/285 20/331/106 189/347/286
f 188/340/281 189/347/286 28/341/282
f 81/348/114 137/349/287 9/350/7
f 81/348/114 191/351/288 462/352/289
f 462/352/289 29/353/290 193/354/291
f 462/352/289 21/355/292 137/349/287
f 11/356/112 463/357/293 191/351/288
f 82/358/110 106/338/280 463/357/293
f 463/357/293 13/343/284 192/359/294
f 191/351/288 192/359/294 29/353/290
f 25/360/295 464/361/296 143/362/297
f 209/363/298 208/364/299 464/361/296
f 464/361/296 46/365/300 85/366/6
f 143/362/297 85/366/6 9/367/7
f 194/368/301 195/369/302 30/370/303
f 194/368/301 143/371/297 465/372/304
f 143/371/297 137/373/287 465/372/304
f 465/372/304 21/374/292 195/369/302
f 221/375/305 194/376/301 30/377/303
f 74/378/306 466/379/307 221/375/305
f 214/380/308 209/363/298 466/379/307
f 466/379/307 25/360/295 194/376/301
f 70/102/105 467/381/309 197/382/104
f 216/383/310 210/384/311 467/381/309
f 210/384/311 215/385/312 467/381/309
f 197/382/104 215/385/312 20/103/106
f 28/386/282 468/387/313 217/388/314
f 189/389/286 215/390/312 468/387/313
f 468/387/313 33/391/315 213/392/316
f 217/388/314 213/392/316 32/393/317
f 217/388/314 190/394/283 28/386/282
f 217/388/314 212/395/318 469/396/319
f 469/396/319 34/397/320 218/398/321
f 469/396/319 13/399/284 190/394/283
f 29/353/290 470/400/322 219/401/323
f 192/359/294 218/402/321 470/400/322
f 218/402/321 211/403/324 470/400/322
f 470/400/322 31/404/325 219/401/323
f 219/405/323 193/406/291 29/407/290
f 219/405/323 220/408/326 471/409/327
f 471/409/327 30/377/303 195/410/302
f 193/406/291 195/410/302 21/374/292
f 284/411/328 144/1/1 64/3/3
f 62/412/14 472/413/329 284/411/328
f 225/414/330 62/5/14 43/8/16
f 284/415/328 46/365/300 226/6/15
f 285/416/331 282/417/332 62/412/14
f 133/418/11 568/419/333 580/420/334
f 448/35/36 569/421/335 133/422/11
f 570/423/336 133/424/11 574/425/337
f 568/419/333 271/426/338 270/427/339
f 259/428/340 574/425/337 260/429/341
f 479/430/342 243/431/343 244/432/344
f 335/294/265 474/433/345 569/421/335
f 577/434/346 268/435/347 267/436/348
f 269/437/349 475/438/350 580/420/334
f 478/439/351 480/41/42 479/430/342
f 484/440/352 242/48/353 483/441/354
f 485/442/355 479/430/342 484/440/352
f 482/443/356 484/440/352 483/441/354
f 488/444/357 240/54/358 487/445/359
f 482/443/356 488/444/357 489/446/360
f 486/447/361 488/444/357 487/445/359
f 491/448/362 237/60/363 238/449/364
f 493/450/365 487/445/359 492/58/366
f 493/450/365 491/448/362 490/451/367
f 496/68/368 236/66/369 495/452/370
f 490/451/367 496/68/368 497/453/371
f 497/453/371 495/452/370 494/454/372
f 499/455/373 233/456/374 234/72/375
f 494/454/372 500/457/376 501/458/377
f 498/459/378 500/457/376 499/455/373
f 503/460/379 231/461/380 232/462/381
f 502/463/382 245/464/383 246/293/264
f 502/463/382 504/465/384 503/460/379
f 505/84/385 499/455/373 504/465/384
f 246/293/264 506/87/386 507/88/262
f 503/460/379 38/466/387 245/464/383
f 148/92/95 206/252/224 79/247/223
f 507/88/262 147/90/93 148/92/95
f 245/464/383 229/91/388 506/87/386
f 506/87/386 48/89/92 147/90/93
f 500/457/376 236/66/369 233/456/374
f 496/68/368 238/449/364 235/467/389
f 487/445/359 237/60/363 492/58/366
f 483/441/354 239/468/390 488/444/357
f 479/430/342 241/469/391 484/440/352
f 54/96/99 508/470/392 168/97/100
f 480/41/42 334/16/19 243/431/343
f 256/471/393 332/93/394 508/470/392
f 41/472/395 278/214/396 40/216/397
f 46/473/300 145/474/2 85/6/6
f 168/97/100 333/475/398 70/102/105
f 508/470/392 58/103/399 333/475/398
f 36/46/47 509/107/400 223/109/401
f 223/109/401 286/476/402 45/111/403
f 45/111/403 510/477/404 222/113/405
f 222/113/405 225/414/330 43/8/16
f 37/44/45 511/478/406 230/479/407
f 227/480/408 288/117/409 511/478/406
f 514/481/410 231/482/380 513/483/411
f 287/484/412 511/478/406 288/117/409
f 518/124/413 287/484/412 513/483/411
f 290/485/414 512/486/415 287/484/412
f 288/117/409 513/483/411 287/484/412
f 231/482/380 518/124/413 513/483/411
f 47/121/416 514/481/410 288/117/409
f 228/487/417 232/79/381 514/481/410
f 234/72/375 517/488/418 518/124/413
f 516/489/419 290/485/414 289/490/420
f 522/491/421 289/490/420 517/488/418
f 289/490/420 519/492/422 516/489/419
f 518/124/413 289/490/420 290/485/414
f 236/137/369 517/488/418 233/493/374
f 236/137/369 521/494/423 522/491/421
f 520/495/424 292/496/425 291/497/426
f 521/494/423 294/498/427 291/497/426
f 291/497/426 523/499/428 520/495/424
f 522/491/421 291/497/426 292/496/425
f 238/500/364 521/494/423 235/467/389
f 526/501/429 237/60/363 525/143/430
f 524/502/431 294/498/427 293/503/432
f 530/147/433 293/503/432 525/143/430
f 296/504/434 524/502/431 293/503/432
f 526/501/429 293/503/432 294/498/427
f 240/54/358 525/143/430 237/60/363
f 530/147/433 239/505/390 529/506/435
f 528/507/436 296/504/434 295/508/437
f 534/509/438 295/508/437 529/506/435
f 298/510/439 528/507/436 295/508/437
f 296/504/434 529/506/435 295/508/437
f 242/511/353 529/506/435 239/505/390
f 534/509/438 241/469/391 533/512/440
f 297/513/441 531/514/442 298/510/439
f 533/512/440 300/515/443 297/513/441
f 300/515/443 532/516/444 297/513/441
f 534/509/438 297/513/441 298/510/439
f 241/469/391 538/517/445 533/512/440
f 244/518/344 537/165/446 538/517/445
f 536/519/447 300/515/443 299/520/448
f 537/165/446 337/169/164 299/520/448
f 299/520/448 539/174/165 536/519/447
f 553/521/449 259/522/340 552/523/450
f 538/517/445 299/520/448 300/515/443
f 504/465/384 234/72/375 231/461/380
f 243/37/343 540/106/108 537/165/446
f 254/179/451 253/524/452 42/180/453
f 53/185/454 541/525/455 254/179/451
f 304/526/456 301/527/457 541/525/455
f 541/525/455 52/528/458 253/524/452
f 301/527/457 252/529/459 52/528/458
f 65/530/460 542/531/461 301/527/457
f 302/532/462 248/189/463 542/531/461
f 542/531/461 39/187/464 252/529/459
f 303/533/465 302/532/462 65/530/460
f 61/197/466 543/534/467 303/533/465
f 281/196/468 249/195/469 543/534/467
f 543/534/467 50/193/470 302/532/462
f 255/198/471 304/526/456 53/185/454
f 37/201/45 544/535/472 255/198/471
f 280/200/473 303/533/465 544/535/472
f 544/535/472 65/530/460 304/526/456
f 198/203/190 336/536/474 71/204/191
f 198/203/190 338/537/475 545/538/476
f 545/538/476 51/207/477 250/539/478
f 545/538/476 44/205/479 336/536/474
f 78/209/196 546/540/480 338/537/475
f 204/211/198 229/91/388 546/540/480
f 546/540/480 38/466/387 251/541/481
f 338/537/475 251/541/481 51/207/477
f 281/98/468 60/99/482 278/214/396
f 279/217/483 37/44/45 36/46/47
f 58/542/399 249/330/469 276/543/484
f 279/217/483 61/100/466 280/544/473
f 44/205/479 547/545/485 275/546/486
f 250/539/478 308/227/487 547/545/485
f 547/545/485 66/226/488 305/225/489
f 275/546/486 305/225/489 57/228/490
f 57/228/490 548/547/491 274/548/492
f 66/226/488 548/547/491 305/225/489
f 306/549/493 254/231/451 548/547/491
f 548/547/491 42/180/453 274/548/492
f 307/233/494 306/549/493 66/226/488
f 47/238/416 549/550/495 307/233/494
f 227/237/408 255/236/471 549/550/495
f 549/550/495 53/234/454 306/549/493
f 51/207/477 550/239/496 308/227/487
f 251/541/481 228/551/417 550/239/496
f 550/239/496 47/121/416 307/240/494
f 308/227/487 307/240/494 66/226/488
f 35/552/497 551/553/498 257/554/499
f 272/555/500 339/556/501 551/553/498
f 551/553/498 79/247/223 205/557/222
f 257/554/499 205/557/222 55/305/271
f 148/92/95 339/558/501 507/88/262
f 246/293/264 309/559/502 502/463/382
f 260/560/341 552/523/450 259/522/340
f 309/559/502 552/523/450 310/561/503
f 553/521/449 56/292/263 272/562/500
f 258/563/504 272/562/500 35/564/497
f 555/565/505 261/566/506 554/567/507
f 498/459/378 310/561/503 311/568/508
f 505/84/385 309/559/502 310/561/503
f 555/565/505 310/561/503 552/523/450
f 501/458/377 311/568/508 312/569/509
f 262/570/510 554/567/507 261/566/506
f 311/568/508 554/567/507 312/569/509
f 557/571/511 263/572/512 556/573/513
f 501/458/377 313/574/514 494/454/372
f 313/574/514 554/567/507 557/571/511
f 494/454/372 314/575/515 497/453/371
f 559/576/516 263/572/512 264/577/517
f 557/571/511 314/575/515 313/574/514
f 559/576/516 265/578/518 558/579/519
f 490/451/367 314/575/515 315/270/520
f 315/270/520 556/573/513 559/576/516
f 490/451/367 316/580/521 493/450/365
f 266/581/522 558/579/519 265/578/518
f 315/270/520 558/579/519 316/580/521
f 561/582/523 267/583/348 560/584/524
f 493/450/365 317/585/525 486/447/361
f 317/585/525 558/579/519 561/582/523
f 486/447/361 318/277/526 489/446/360
f 268/586/347 560/584/524 267/583/348
f 561/582/523 318/277/526 317/585/525
f 563/587/527 269/588/349 562/589/528
f 489/446/360 319/281/529 482/443/356
f 319/281/529 560/584/524 563/587/527
f 482/443/356 320/590/530 485/442/355
f 565/591/531 269/588/349 270/592/339
f 563/587/527 320/590/530 319/281/529
f 564/593/532 270/592/339 271/594/338
f 485/442/355 321/595/533 478/439/351
f 321/595/533 562/589/528 565/591/531
f 481/40/41 321/595/533 322/296/266
f 580/420/334 270/427/339 269/437/349
f 566/175/166 271/594/338 335/294/265
f 565/591/531 322/296/266 321/595/533
f 474/433/345 133/596/11 569/421/335
f 476/28/29 187/290/261 355/29/30
f 323/597/267 564/593/532 566/175/166
f 451/321/276 133/598/11 132/298/268
f 257/599/499 273/301/269 35/552/497
f 55/305/271 567/600/534 257/599/499
f 567/600/534 133/601/11 273/301/269
f 133/602/11 474/433/345 568/419/333
f 133/603/11 580/420/334 475/438/350
f 133/604/11 571/605/535 574/425/337
f 571/605/535 133/606/11 576/607/536
f 258/608/504 570/423/336 259/428/340
f 261/609/506 576/607/536 262/610/510
f 133/611/11 573/612/537 576/607/536
f 573/612/537 133/613/11 578/614/538
f 260/429/341 571/605/535 261/609/506
f 263/615/512 578/614/538 264/616/517
f 35/552/497 572/303/270 258/608/504
f 133/617/11 570/423/336 572/303/270
f 133/618/11 575/619/539 578/614/538
f 575/619/539 133/620/11 579/621/540
f 262/610/510 573/612/537 263/615/512
f 266/622/522 575/619/539 579/621/540
f 133/623/11 577/434/346 579/621/540
f 577/434/346 133/624/11 475/438/350
f 578/614/538 265/625/518 264/616/517
f 579/621/540 267/436/348 266/622/522
f 207/19/21 133/626/11 567/600/534
f 276/543/484 41/627/395 40/221/397
f 332/332/394 39/335/464 248/334/463
f 332/332/394 50/333/470 58/542/399
f 36/336/47 581/628/541 279/339/483
f 247/629/542 326/342/543 581/628/541
f 581/628/541 67/341/544 324/340/545
f 279/339/483 324/340/545 60/344/482
f 60/344/482 582/345/546 278/346/396
f 324/340/545 325/347/547 582/345/546
f 582/345/546 58/542/399 276/543/484
f 278/346/396 276/543/484 40/221/397
f 277/349/548 222/348/405 43/350/16
f 59/355/549 583/630/550 277/349/548
f 583/630/550 68/353/551 327/631/552
f 222/348/405 327/631/552 45/356/403
f 45/356/403 584/632/553 223/358/401
f 327/631/552 328/633/554 584/632/553
f 584/632/553 49/343/555 247/629/542
f 223/358/401 247/629/542 36/336/47
f 63/360/556 585/361/557 340/634/558
f 283/362/559 226/635/15 585/361/557
f 585/361/557 46/473/300 208/636/299
f 340/634/558 208/636/299 80/637/560
f 331/369/561 330/368/562 69/370/563
f 59/374/549 586/638/564 331/369/561
f 277/373/548 283/371/559 586/638/564
f 330/368/562 283/371/559 63/639/556
f 330/640/562 350/641/565 69/642/563
f 63/360/556 587/643/566 330/640/562
f 340/634/558 214/644/308 587/643/566
f 587/643/566 74/645/306 350/641/565
f 70/102/105 588/381/567 216/383/310
f 333/646/398 345/385/568 588/381/567
f 345/385/568 341/384/569 588/381/567
f 216/383/310 341/384/569 72/647/570
f 67/386/544 589/648/571 325/389/547
f 346/649/572 344/392/573 589/648/571
f 589/648/571 76/391/574 345/390/568
f 325/389/547 345/390/568 58/650/399
f 326/394/543 346/649/572 67/386/544
f 49/399/555 590/651/575 326/394/543
f 590/651/575 77/397/576 343/395/577
f 346/649/572 343/395/577 75/393/578
f 68/353/551 591/652/579 328/633/554
f 73/404/580 591/652/579 348/401/581
f 342/653/582 347/654/583 591/652/579
f 328/633/554 347/654/583 49/343/555
f 329/406/584 348/405/581 68/407/551
f 329/406/584 331/410/561 592/655/585
f 592/655/585 69/377/563 349/408/586
f 348/405/581 349/408/586 73/656/580
f 144/1/1 351/4/4 145/2/2
f 351/4/4 142/10/9 24/5/5
f 85/6/6 145/474/2 24/7/5
f 24/7/5 146/657/10 84/9/8
f 142/10/9 352/658/587 146/11/10
f 62/5/14 284/415/328 226/6/15
f 477/15/17 356/27/28 199/16/18
f 453/20/22 449/26/27 118/21/23
f 447/14/13 129/14/257 130/23/25
f 356/27/28 477/15/17 476/28/29
f 128/30/31 459/13/12 354/31/32
f 456/33/34 126/329/248 127/32/33
f 353/24/26 130/23/25 200/34/35
f 360/36/37 359/42/43 356/27/28
f 102/37/38 359/42/43 358/38/39
f 481/40/41 476/28/29 477/15/17
f 359/42/43 360/36/37 357/43/44
f 37/44/45 230/479/407 224/45/46
f 363/47/48 362/51/52 101/48/49
f 363/47/48 364/52/53 361/50/51
f 363/47/48 358/38/39 357/43/44
f 367/53/54 366/57/58 99/54/55
f 368/56/57 365/63/64 366/57/58
f 367/53/54 362/51/52 361/50/51
f 371/58/59 370/62/63 97/59/60
f 372/61/62 369/69/70 370/62/63
f 371/58/59 366/57/58 365/63/64
f 94/64/65 375/68/69 374/65/66
f 376/67/68 373/75/76 374/65/66
f 375/68/69 370/62/63 369/69/70
f 92/70/71 379/73/74 378/71/72
f 379/73/74 380/76/77 377/74/75
f 379/73/74 374/65/66 373/75/76
f 90/77/78 383/80/81 382/78/79
f 383/80/81 384/84/85 381/81/82
f 104/82/83 382/78/79 381/81/82
f 384/84/85 383/80/81 378/71/72
f 83/45/86 89/659/588 3/85/87
f 4/86/89 91/79/80 382/78/79
f 385/87/90 104/82/83 105/83/84
f 48/89/92 88/91/94 385/87/90
f 88/91/94 4/86/89 104/82/83
f 147/90/93 385/87/90 386/88/91
f 92/70/71 95/66/67 374/65/66
f 375/68/69 94/64/65 97/59/60
f 96/60/61 99/54/55 366/57/58
f 98/55/56 101/48/49 362/51/52
f 100/49/50 103/39/40 358/38/39
f 196/93/96 5/335/177 115/94/97
f 359/42/43 102/37/38 199/16/18
f 387/95/98 115/94/97 54/96/99
f 141/98/101 138/214/200 22/99/102
f 197/101/104 387/95/98 168/97/100
f 20/103/106 196/93/96 387/95/98
f 334/104/19 199/660/18 419/105/107
f 2/46/88 82/109/110 388/107/109
f 82/109/110 11/111/112 149/110/111
f 11/111/112 81/113/114 389/112/113
f 81/113/114 9/8/7 84/9/8
f 3/85/87 89/659/588 390/114/115
f 390/114/115 391/122/121 150/116/117
f 393/118/119 392/125/124 90/119/78
f 86/115/116 390/114/115 151/117/118
f 391/122/121 394/128/127 153/123/122
f 150/116/117 153/123/122 397/124/123
f 397/124/123 93/72/73 90/119/78
f 151/117/118 150/116/117 392/125/124
f 12/121/120 151/117/118 393/118/119
f 87/126/125 393/118/119 91/120/80
f 395/127/126 152/131/130 153/123/122
f 396/129/128 92/133/71 93/72/73
f 395/127/126 398/135/133 155/130/129
f 155/130/129 401/132/131 396/129/128
f 401/132/131 95/137/67 92/133/71
f 152/131/130 396/129/128 397/124/123
f 399/134/132 154/139/136 155/130/129
f 400/136/134 94/64/65 95/137/67
f 402/138/135 157/140/137 154/139/136
f 157/140/137 405/141/138 400/136/134
f 405/141/138 97/144/60 94/64/65
f 154/139/136 400/136/134 401/132/131
f 402/138/135 403/146/142 156/142/139
f 404/143/140 96/60/61 97/144/60
f 406/145/141 159/149/145 156/142/139
f 156/142/139 159/149/145 409/147/143
f 409/147/143 99/151/55 96/60/61
f 156/142/139 404/143/140 405/141/138
f 407/148/144 158/153/147 159/149/145
f 409/147/143 408/155/149 98/150/56
f 407/148/144 410/158/151 161/152/146
f 158/153/147 161/152/146 413/154/148
f 408/155/149 413/154/148 101/156/49
f 159/149/145 158/153/147 408/155/149
f 411/157/150 160/160/153 161/152/146
f 413/154/148 412/161/154 100/49/50
f 411/157/150 414/164/156 163/159/152
f 163/159/152 417/166/158 412/161/154
f 412/161/154 417/166/158 103/162/40
f 161/152/146 160/160/153 412/161/154
f 415/163/155 162/168/160 163/159/152
f 416/165/157 102/173/38 103/162/40
f 418/167/159 202/169/161 162/168/160
f 202/169/161 419/105/107 416/165/157
f 432/170/162 431/253/227 118/171/23
f 419/105/107 199/660/18 102/173/38
f 383/80/81 90/77/78 93/72/73
f 162/168/160 416/165/157 417/166/158
f 337/169/164 202/169/161 418/167/159
f 566/175/166 335/294/265 200/176/35
f 540/106/108 419/105/107 202/169/161
f 112/178/168 420/182/172 113/179/169
f 16/181/171 164/183/173 420/182/172
f 164/183/173 26/191/181 167/184/174
f 420/182/172 167/184/174 17/185/175
f 111/186/176 421/188/178 164/183/173
f 5/187/177 107/189/179 421/188/178
f 107/189/179 14/193/183 165/190/180
f 421/188/178 165/190/180 26/191/181
f 165/190/180 422/194/184 166/192/182
f 14/193/183 108/195/185 422/194/184
f 108/195/185 7/661/201 141/196/101
f 422/194/184 141/196/101 23/197/103
f 167/184/174 423/199/187 114/198/186
f 26/191/181 166/192/182 423/199/187
f 166/192/182 23/197/103 140/200/188
f 423/199/187 140/200/188 3/201/87
f 201/202/189 424/206/193 198/203/190
f 10/205/192 109/223/206 424/206/193
f 424/206/193 109/223/206 15/207/194
f 198/203/190 424/206/193 203/208/195
f 78/209/196 203/208/195 425/210/197
f 203/208/195 15/207/194 110/212/199
f 425/210/197 110/212/199 4/86/89
f 204/211/198 425/210/197 88/213/94
f 138/214/200 141/98/101 7/215/201
f 23/100/103 22/99/102 139/217/203
f 139/217/203 2/46/88 3/85/87
f 7/219/201 108/330/185 136/220/204
f 10/205/192 135/224/207 426/222/205
f 135/224/207 19/228/211 169/225/208
f 426/222/205 169/225/208 27/226/209
f 109/223/206 426/222/205 172/227/210
f 19/228/211 134/230/213 427/229/212
f 8/180/170 113/231/169 427/229/212
f 113/231/169 17/234/175 170/232/214
f 427/229/212 170/232/214 27/226/209
f 170/232/214 428/235/216 171/233/215
f 17/234/175 114/236/186 428/235/216
f 114/236/186 3/662/87 86/237/116
f 428/235/216 86/237/116 12/238/120
f 15/207/194 172/227/210 429/239/217
f 172/227/210 27/226/209 171/240/215
f 429/239/217 171/240/215 12/121/120
f 110/212/199 429/239/217 87/241/125
f 1/242/218 116/245/221 430/243/219
f 116/245/221 55/663/271 205/246/222
f 430/243/219 205/246/222 79/247/223
f 131/244/220 430/243/219 206/248/224
f 105/83/84 381/81/82 173/250/226
f 386/88/91 105/83/84 18/251/225
f 431/253/227 432/170/162 173/250/226
f 119/20/24 118/171/23 431/253/227
f 117/172/163 1/664/218 131/256/220
f 432/170/162 131/256/220 18/251/225
f 434/255/229 433/260/233 120/257/230
f 173/250/226 381/81/82 384/84/85
f 174/254/228 384/84/85 377/74/75
f 434/255/229 431/253/227 174/254/228
f 175/258/231 377/74/75 380/76/77
f 433/260/233 434/255/229 175/258/231
f 121/261/234 120/257/230 433/260/233
f 436/262/235 435/266/239 122/263/236
f 380/76/77 373/75/76 177/264/237
f 436/262/235 433/260/233 176/259/232
f 177/264/237 373/75/76 376/67/68
f 435/266/239 436/262/235 177/264/237
f 123/267/240 122/263/236 435/266/239
f 438/268/241 437/272/245 124/269/242
f 178/265/238 376/67/68 369/69/70
f 435/266/239 178/265/238 179/270/243
f 369/69/70 372/61/62 180/271/244
f 438/268/241 179/270/243 180/271/244
f 125/273/246 124/269/242 437/272/245
f 440/274/247 439/278/251 126/275/248
f 180/271/244 372/61/62 365/63/64
f 437/272/245 180/271/244 181/276/249
f 365/63/64 368/56/57 182/277/250
f 440/274/247 181/276/249 182/277/250
f 127/32/33 126/275/248 439/278/251
f 442/279/252 441/283/255 128/280/31
f 368/56/57 361/50/51 183/281/253
f 439/278/251 182/277/250 183/281/253
f 361/50/51 364/52/53 184/282/254
f 442/279/252 183/281/253 184/282/254
f 128/280/31 441/283/255 444/284/256
f 129/285/257 444/284/256 443/286/258
f 364/52/53 357/43/44 185/288/259
f 441/283/255 184/282/254 185/288/259
f 185/288/259 357/43/44 360/36/37
f 459/13/12 128/30/31 129/14/257
f 444/284/256 185/288/259 186/289/260
f 130/287/25 443/286/258 445/177/167
f 186/289/260 360/36/37 355/29/30
f 443/286/258 186/289/260 187/291/261
f 507/88/262 339/558/501 56/292/263
f 187/291/261 323/597/267 566/175/166
f 335/294/265 569/421/335 448/35/36
f 476/28/29 481/40/41 322/296/266
f 132/298/268 446/17/20 116/299/221
f 446/17/20 207/19/21 55/305/271
f 455/310/273 450/308/272 120/311/230
f 449/26/27 451/321/276 117/313/163
f 457/316/275 452/263/274 122/317/236
f 450/308/272 453/20/22 119/22/24
f 451/321/276 132/298/268 1/300/218
f 125/323/246 458/326/278 454/269/277
f 452/263/274 455/310/273 121/312/234
f 457/316/275 123/318/240 124/324/242
f 458/326/278 125/323/246 126/329/248
f 108/330/185 14/333/183 20/331/106
f 196/332/96 20/331/106 14/333/183
f 2/336/88 139/339/203 460/337/279
f 139/339/203 22/344/102 188/340/281
f 460/337/279 188/340/281 28/341/282
f 106/338/280 460/337/279 190/342/283
f 22/344/102 138/346/200 461/345/285
f 138/346/200 6/221/202 136/220/204
f 461/345/285 136/220/204 20/331/106
f 188/340/281 461/345/285 189/347/286
f 81/348/114 462/352/289 137/349/287
f 81/348/114 11/356/112 191/351/288
f 462/352/289 191/351/288 29/353/290
f 462/352/289 193/354/291 21/355/292
f 11/356/112 82/358/110 463/357/293
f 82/358/110 2/336/88 106/338/280
f 463/357/293 106/338/280 13/343/284
f 191/351/288 463/357/293 192/359/294
f 25/360/295 209/363/298 464/361/296
f 209/363/298 80/637/560 208/364/299
f 464/361/296 208/364/299 46/365/300
f 143/362/297 464/361/296 85/366/6
f 194/368/301 465/372/304 195/369/302
f 194/368/301 25/639/295 143/371/297
f 143/371/297 9/350/7 137/373/287
f 465/372/304 137/373/287 21/374/292
f 221/375/305 466/379/307 194/376/301
f 74/378/306 214/380/308 466/379/307
f 214/380/308 80/637/560 209/363/298
f 466/379/307 209/363/298 25/360/295
f 70/102/105 216/383/310 467/381/309
f 216/383/310 72/647/570 210/384/311
f 210/384/311 33/665/315 215/385/312
f 197/382/104 467/381/309 215/385/312
f 28/386/282 189/389/286 468/387/313
f 189/389/286 20/650/106 215/390/312
f 468/387/313 215/390/312 33/391/315
f 217/388/314 468/387/313 213/392/316
f 217/388/314 469/396/319 190/394/283
f 217/388/314 32/393/317 212/395/318
f 469/396/319 212/395/318 34/397/320
f 469/396/319 218/398/321 13/399/284
f 29/353/290 192/359/294 470/400/322
f 192/359/294 13/343/284 218/402/321
f 218/402/321 34/666/320 211/403/324
f 470/400/322 211/403/324 31/404/325
f 219/405/323 471/409/327 193/406/291
f 219/405/323 31/656/325 220/408/326
f 471/409/327 220/408/326 30/377/303
f 193/406/291 471/409/327 195/410/302
f 284/411/328 472/413/329 144/1/1
f 62/412/14 282/417/332 472/413/329
f 225/414/330 285/667/331 62/5/14
f 284/415/328 64/668/3 46/365/300
f 285/416/331 473/669/589 282/417/332
f 568/419/333 474/433/345 271/426/338
f 259/428/340 570/423/336 574/425/337
f 479/430/342 480/41/42 243/431/343
f 335/294/265 271/426/338 474/433/345
f 577/434/346 475/438/350 268/435/347
f 269/437/349 268/435/347 475/438/350
f 478/439/351 481/40/41 480/41/42
f 484/440/352 241/469/391 242/48/353
f 485/442/355 478/439/351 479/430/342
f 482/443/356 485/442/355 484/440/352
f 488/444/357 239/468/390 240/54/358
f 482/443/356 483/441/354 488/444/357
f 486/447/361 489/446/360 488/444/357
f 491/448/362 492/58/366 237/60/363
f 493/450/365 486/447/361 487/445/359
f 493/450/365 492/58/366 491/448/362
f 496/68/368 235/467/389 236/66/369
f 490/451/367 491/448/362 496/68/368
f 497/453/371 496/68/368 495/452/370
f 499/455/373 500/457/376 233/456/374
f 494/454/372 495/452/370 500/457/376
f 498/459/378 501/458/377 500/457/376
f 503/460/379 504/465/384 231/461/380
f 502/463/382 503/460/379 245/464/383
f 502/463/382 505/84/385 504/465/384
f 505/84/385 498/459/378 499/455/373
f 246/293/264 245/464/383 506/87/386
f 503/460/379 232/462/381 38/466/387
f 148/92/95 386/88/91 206/252/224
f 507/88/262 506/87/386 147/90/93
f 245/464/383 38/466/387 229/91/388
f 506/87/386 229/91/388 48/89/92
f 500/457/376 495/452/370 236/66/369
f 496/68/368 491/448/362 238/449/364
f 487/445/359 240/54/358 237/60/363
f 483/441/354 242/48/353 239/468/390
f 479/430/342 244/432/344 241/469/391
f 54/96/99 256/471/393 508/470/392
f 480/41/42 477/15/17 334/16/19
f 256/471/393 39/335/464 332/93/394
f 41/472/395 281/98/468 278/214/396
f 46/473/300 64/668/3 145/474/2
f 168/97/100 508/470/392 333/475/398
f 508/470/392 332/93/394 58/103/399
f 36/46/47 224/108/46 509/107/400
f 223/109/401 509/107/400 286/476/402
f 45/111/403 286/476/402 510/477/404
f 222/113/405 510/477/404 225/414/330
f 37/44/45 227/480/408 511/478/406
f 227/480/408 47/121/416 288/117/409
f 514/481/410 232/79/381 231/482/380
f 287/484/412 512/486/415 511/478/406
f 518/124/413 290/485/414 287/484/412
f 290/485/414 515/670/590 512/486/415
f 288/117/409 514/481/410 513/483/411
f 231/482/380 234/72/375 518/124/413
f 47/121/416 228/487/417 514/481/410
f 228/487/417 38/466/387 232/79/381
f 234/72/375 233/493/374 517/488/418
f 516/489/419 515/670/590 290/485/414
f 522/491/421 292/496/425 289/490/420
f 289/490/420 292/496/425 519/492/422
f 518/124/413 517/488/418 289/490/420
f 236/137/369 522/491/421 517/488/418
f 236/137/369 235/467/389 521/494/423
f 520/495/424 519/492/422 292/496/425
f 521/494/423 526/501/429 294/498/427
f 291/497/426 294/498/427 523/499/428
f 522/491/421 521/494/423 291/497/426
f 238/500/364 526/501/429 521/494/423
f 526/501/429 238/500/364 237/60/363
f 524/502/431 523/499/428 294/498/427
f 530/147/433 296/504/434 293/503/432
f 296/504/434 527/671/591 524/502/431
f 526/501/429 525/143/430 293/503/432
f 240/54/358 530/147/433 525/143/430
f 530/147/433 240/54/358 239/505/390
f 528/507/436 527/671/591 296/504/434
f 534/509/438 298/510/439 295/508/437
f 298/510/439 531/514/442 528/507/436
f 296/504/434 530/147/433 529/506/435
f 242/511/353 534/509/438 529/506/435
f 534/509/438 242/511/353 241/469/391
f 297/513/441 532/516/444 531/514/442
f 533/512/440 538/517/445 300/515/443
f 300/515/443 535/672/592 532/516/444
f 534/509/438 533/512/440 297/513/441
f 241/469/391 244/518/344 538/517/445
f 244/518/344 243/37/343 537/165/446
f 536/519/447 535/672/592 300/515/443
f 537/165/446 540/106/108 337/169/164
f 299/520/448 337/169/164 539/174/165
f 553/521/449 258/563/504 259/522/340
f 538/517/445 537/165/446 299/520/448
f 504/465/384 499/455/373 234/72/375
f 243/37/343 334/104/19 540/106/108
f 254/179/451 541/525/455 253/524/452
f 53/185/454 304/526/456 541/525/455
f 304/526/456 65/530/460 301/527/457
f 541/525/455 301/527/457 52/528/458
f 301/527/457 542/531/461 252/529/459
f 65/530/460 302/532/462 542/531/461
f 302/532/462 50/193/470 248/189/463
f 542/531/461 248/189/463 39/187/464
f 303/533/465 543/534/467 302/532/462
f 61/197/466 281/196/468 543/534/467
f 281/196/468 41/661/395 249/195/469
f 543/534/467 249/195/469 50/193/470
f 255/198/471 544/535/472 304/526/456
f 37/201/45 280/200/473 544/535/472
f 280/200/473 61/197/466 303/533/465
f 544/535/472 303/533/465 65/530/460
f 198/203/190 545/538/476 336/536/474
f 198/203/190 78/209/196 338/537/475
f 545/538/476 338/537/475 51/207/477
f 545/538/476 250/539/478 44/205/479
f 78/209/196 204/211/198 546/540/480
f 204/211/198 48/89/92 229/91/388
f 546/540/480 229/91/388 38/466/387
f 338/537/475 546/540/480 251/541/481
f 281/98/468 61/100/466 60/99/482
f 279/217/483 280/544/473 37/44/45
f 58/542/399 50/333/470 249/330/469
f 279/217/483 60/99/482 61/100/466
f 44/205/479 250/539/478 547/545/485
f 250/539/478 51/207/477 308/227/487
f 547/545/485 308/227/487 66/226/488
f 275/546/486 547/545/485 305/225/489
f 57/228/490 305/225/489 548/547/491
f 66/226/488 306/549/493 548/547/491
f 306/549/493 53/234/454 254/231/451
f 548/547/491 254/231/451 42/180/453
f 307/233/494 549/550/495 306/549/493
f 47/238/416 227/237/408 549/550/495
f 227/237/408 37/662/45 255/236/471
f 549/550/495 255/236/471 53/234/454
f 51/207/477 251/541/481 550/239/496
f 251/541/481 38/466/387 228/551/417
f 550/239/496 228/551/417 47/121/416
f 308/227/487 550/239/496 307/240/494
f 35/552/497 272/555/500 551/553/498
f 272/555/500 56/292/263 339/556/501
f 551/553/498 339/556/501 79/247/223
f 257/554/499 551/553/498 205/557/222
f 148/92/95 79/247/223 339/558/501
f 246/293/264 56/292/263 309/559/502
f 260/560/341 555/565/505 552/523/450
f 309/559/502 553/521/449 552/523/450
f 553/521/449 309/559/502 56/292/263
f 258/563/504 553/521/449 272/562/500
f 555/565/505 260/560/341 261/566/506
f 498/459/378 505/84/385 310/561/503
f 505/84/385 502/463/382 309/559/502
f 555/565/505 311/568/508 310/561/503
f 501/458/377 498/459/378 311/568/508
f 262/570/510 557/571/511 554/567/507
f 311/568/508 555/565/505 554/567/507
f 557/571/511 262/570/510 263/572/512
f 501/458/377 312/569/509 313/574/514
f 313/574/514 312/569/509 554/567/507
f 494/454/372 313/574/514 314/575/515
f 559/576/516 556/573/513 263/572/512
f 557/571/511 556/573/513 314/575/515
f 559/576/516 264/577/517 265/578/518
f 490/451/367 497/453/371 314/575/515
f 315/270/520 314/575/515 556/573/513
f 490/451/367 315/270/520 316/580/521
f 266/581/522 561/582/523 558/579/519
f 315/270/520 559/576/516 558/579/519
f 561/582/523 266/581/522 267/583/348
f 493/450/365 316/580/521 317/585/525
f 317/585/525 316/580/521 558/579/519
f 486/447/361 317/585/525 318/277/526
f 268/586/347 563/587/527 560/584/524
f 561/582/523 560/584/524 318/277/526
f 563/587/527 268/586/347 269/588/349
f 489/446/360 318/277/526 319/281/529
f 319/281/529 318/277/526 560/584/524
f 482/443/356 319/281/529 320/590/530
f 565/591/531 562/589/528 269/588/349
f 563/587/527 562/589/528 320/590/530
f 564/593/532 565/591/531 270/592/339
f 485/442/355 320/590/530 321/595/533
f 321/595/533 320/590/530 562/589/528
f 481/40/41 478/439/351 321/595/533
f 580/420/334 568/419/333 270/427/339
f 566/175/166 564/593/532 271/594/338
f 565/591/531 564/593/532 322/296/266
f 476/28/29 323/297/267 187/290/261
f 323/597/267 322/296/266 564/593/532
f 257/599/499 567/600/534 273/301/269
f 55/305/271 207/19/21 567/600/534
f 258/608/504 572/303/270 570/423/336
f 261/609/506 571/605/535 576/607/536
f 260/429/341 574/425/337 571/605/535
f 263/615/512 573/612/537 578/614/538
f 35/552/497 273/301/269 572/303/270
f 262/610/510 576/607/536 573/612/537
f 266/622/522 265/625/518 575/619/539
f 578/614/538 575/619/539 265/625/518
f 579/621/540 577/434/346 267/436/348
f 276/543/484 249/330/469 41/627/395
f 332/332/394 248/334/463 50/333/470
f 36/336/47 247/629/542 581/628/541
f 247/629/542 49/343/555 326/342/543
f 581/628/541 326/342/543 67/341/544
f 279/339/483 581/628/541 324/340/545
f 60/344/482 324/340/545 582/345/546
f 324/340/545 67/341/544 325/347/547
f 582/345/546 325/347/547 58/542/399
f 278/346/396 582/345/546 276/543/484
f 277/349/548 583/630/550 222/348/405
f 59/355/549 329/354/584 583/630/550
f 583/630/550 329/354/584 68/353/551
f 222/348/405 583/630/550 327/631/552
f 45/356/403 327/631/552 584/632/553
f 327/631/552 68/353/551 328/633/554
f 584/632/553 328/633/554 49/343/555
f 223/358/401 584/632/553 247/629/542
f 63/360/556 283/362/559 585/361/557
f 283/362/559 43/367/16 226/635/15
f 585/361/557 226/635/15 46/473/300
f 340/634/558 585/361/557 208/636/299
f 331/369/561 586/638/564 330/368/562
f 59/374/549 277/373/548 586/638/564
f 277/373/548 43/350/16 283/371/559
f 330/368/562 586/638/564 283/371/559
f 330/640/562 587/643/566 350/641/565
f 63/360/556 340/634/558 587/643/566
f 340/634/558 80/637/560 214/644/308
f 587/643/566 214/644/308 74/645/306
f 70/102/105 333/646/398 588/381/567
f 333/646/398 58/103/399 345/385/568
f 345/385/568 76/665/574 341/384/569
f 216/383/310 588/381/567 341/384/569
f 67/386/544 346/649/572 589/648/571
f 346/649/572 75/393/578 344/392/573
f 589/648/571 344/392/573 76/391/574
f 325/389/547 589/648/571 345/390/568
f 326/394/543 590/651/575 346/649/572
f 49/399/555 347/398/583 590/651/575
f 590/651/575 347/398/583 77/397/576
f 346/649/572 590/651/575 343/395/577
f 68/353/551 348/401/581 591/652/579
f 73/404/580 342/653/582 591/652/579
f 342/653/582 77/673/576 347/654/583
f 328/633/554 591/652/579 347/654/583
f 329/406/584 592/655/585 348/405/581
f 329/406/584 59/374/549 331/410/561
f 592/655/585 331/410/561 69/377/563
f 348/405/581 592/655/585 349/408/586
o spoon
v 15.907746 13.571653 0.225901
v 22.232986 12.852291 0.225936
v 17.012218 24.303471 0.120958
v 23.645365 23.531345 0.120976
v 15.294394 19.623966 0.140176
v 19.031687 12.885931 -0.362869
v 24.243706 18.594782 0.140240
v 20.509588 25.470222 0.118523
v 19.761530 19.053514 -1.902283
v 15.104297 -8.799221 0.262397
v 17.896448 -9.124336 0.262398
v 16.458639 -9.320192 0.315276
v 18.831829 1.245913 0.262361
v 17.650721 0.919273 0.315094
v 16.576212 1.508953 0.262361
v 19.773994 7.486958 0.259974
v 18.374987 7.226924 0.304698
v 17.071007 7.824755 0.259990
v 14.645141 -14.273033 0.262272
v 17.085648 -14.557205 0.262272
v 15.731450 -15.565460 0.262146
v 17.474171 23.622044 -1.103583
v 16.873554 19.395651 -1.252185
v 17.131086 13.348973 -0.179342
v 20.990282 12.910743 -0.179342
v 22.653177 18.730425 -1.252185
v 23.039198 22.974289 -1.103583
v 20.341051 24.022930 -1.435073
v 19.158403 7.419312 0.302553
v 17.111067 1.266909 0.313201
v 15.720237 -8.993017 0.313388
v 17.252459 -9.171425 0.313388
v 18.255722 1.133369 0.313201
v 17.655035 7.608608 0.302554
v 15.148119 -13.926430 0.312255
v 15.867844 -14.394077 0.313136
v 16.675762 -14.104309 0.312255
v 19.785925 10.129111 0.251653
v 18.675663 10.002803 0.252429
v 17.618925 10.418342 0.251654
v 20.565355 10.309123 0.261778
v 16.900248 10.794786 0.261800
v 15.678745 13.518438 -0.118206
v 22.444033 12.748894 -0.117929
v 16.793270 24.569025 -0.067670
v 23.919546 23.739403 -0.067513
v 14.973932 19.687202 -0.103170
v 19.022068 12.808870 -0.865790
v 24.570511 18.582542 -0.102611
v 20.549377 25.811916 -0.059022
v 19.765152 19.084892 -2.349968
v 15.042484 -8.775917 -0.175741
v 17.961960 -9.115856 -0.175733
v 16.458637 -9.320211 -0.228621
v 18.893377 1.260607 -0.175704
v 17.650585 0.918102 -0.228786
v 16.519596 1.537296 -0.175699
v 19.852158 7.485288 -0.176047
v 18.373920 7.218945 -0.238858
v 16.993822 7.840963 -0.175909
v 14.568439 -14.291737 -0.175742
v 17.156000 -14.593029 -0.175740
v 15.711250 -15.738941 -0.175742
v 17.249104 23.891138 -1.433023
v 16.624416 19.450550 -1.654894
v 16.957457 13.278383 -0.656446
v 21.142466 12.802890 -0.656423
v 22.908419 18.726484 -1.654631
v 23.320194 23.184355 -1.432888
v 20.375767 24.320704 -1.785531
v 19.108799 7.421568 -0.240304
v 17.168352 1.258549 -0.228800
v 15.781885 -8.995558 -0.228621
v 17.191877 -9.159733 -0.228619
v 18.198048 1.138462 -0.228802
v 17.703207 7.598174 -0.240252
v 15.229465 -13.860073 -0.228621
v 15.876707 -14.317955 -0.228621
v 16.611837 -14.021038 -0.228620
v 19.799063 10.112451 -0.282672
v 18.670803 9.966257 -0.282887
v 17.600771 10.401391 -0.282519
v 20.664530 10.118140 -0.162630
v 16.759033 10.632345 -0.162323
v 17.254608 22.270000 -1.358810
v 16.872787 16.175737 -0.756558
v 21.910448 15.605057 -0.756558
v 22.942381 21.609144 -1.358810
v 21.946316 23.470266 -1.378264
v 18.651756 23.853788 -1.378264
v 19.373539 15.747257 -1.217898
v 20.133291 22.239573 -1.975009
v 20.312445 11.132122 0.163955
v 17.043922 -4.293638 0.315276
v 16.428629 -3.947481 0.313388
v 17.722290 -4.098110 0.313388
v 18.097095 4.770313 0.313088
v 17.505743 5.128824 0.311146
v 18.753925 4.980404 0.311146
v 18.549410 8.846905 0.286825
v 17.683586 9.256184 0.284257
v 16.915464 -12.534290 0.313388
v 16.072752 -12.634281 0.315276
v 15.275558 -12.343342 0.313388
v 15.834635 22.386875 0.121983
v 15.409348 16.393108 0.182265
v 23.386887 15.490401 0.182327
v 24.351522 21.398014 0.122026
v 22.275980 24.883127 0.119678
v 18.655563 25.304684 0.119674
v 21.273825 11.227451 0.249004
v 15.864958 -3.704769 0.262399
v 18.326645 -3.991400 0.262399
v 16.955473 5.356833 0.261903
v 19.341314 5.074063 0.261899
v 17.066420 9.466835 0.256187
v 15.006521 -15.305531 0.239546
v 16.496706 -15.479053 0.239546
v 17.541885 -12.638088 0.262398
v 14.642048 -12.300434 0.262397
v 15.727220 19.550661 -0.448671
v 17.233334 24.003811 -0.543232
v 16.301464 13.564554 0.065115
v 23.805561 18.621284 -0.448669
v 21.848225 12.934223 0.065116
v 23.361307 23.290485 -0.543231
v 20.454796 24.999649 -0.597082
v 19.474810 9.015454 0.284256
v 18.811115 11.107746 0.114815
v 17.349926 11.495897 0.163956
v 20.118254 9.059253 0.256153
v 16.438278 11.815702 0.249011
v 17.019966 22.454231 -1.721543
v 16.645996 16.143431 -1.197711
v 22.123610 15.521671 -1.197529
v 23.213264 21.734371 -1.721341
v 22.128046 23.720985 -1.726062
v 18.532604 24.139591 -1.726124
v 19.367384 15.697306 -1.697763
v 20.153984 22.416622 -2.378117
v 20.340740 11.140487 -0.363479
v 17.043896 -4.293873 -0.228618
v 16.487885 -3.955473 -0.228616
v 17.662785 -4.092264 -0.228615
v 18.096664 4.766837 -0.230741
v 17.560066 5.120844 -0.231025
v 18.699160 4.985482 -0.231038
v 18.547047 8.829685 -0.255000
v 17.717854 9.236912 -0.258138
v 16.857073 -12.507702 -0.228620
v 16.072752 -12.634285 -0.228621
v 15.338496 -12.330881 -0.228621
v 15.538752 22.553246 -0.086681
v 15.116177 16.379341 -0.109619
v 23.669579 15.409850 -0.109094
v 24.677919 21.491764 -0.086299
v 22.448797 25.180882 -0.060026
v 18.555805 25.634195 -0.060060
v 21.389343 11.123998 -0.139410
v 15.807711 -3.675764 -0.175731
v 18.389013 -3.976295 -0.175726
v 16.891954 5.381223 -0.175744
v 19.408495 5.083471 -0.175782
v 16.965652 9.469221 -0.173814
v 14.998039 -15.345879 -0.175742
v 16.495691 -15.520264 -0.175742
v 17.602413 -12.651527 -0.175736
v 14.580051 -12.299610 -0.175742
v 15.373566 19.618372 -0.791623
v 16.983801 24.303568 -0.826117
v 16.053677 13.495653 -0.379269
v 24.165672 18.605747 -0.791163
v 22.073641 12.811283 -0.379118
v 23.673138 23.524784 -0.825970
v 20.498699 25.376595 -0.875288
v 19.559126 7.528571 -0.234135
v 15.353657 -8.809269 -0.226732
v 16.811802 1.479530 -0.226822
v 18.595753 1.271551 -0.226825
v 17.651451 -9.076818 -0.226727
v 17.288334 7.812310 -0.234031
v 15.766557 -15.263958 -0.226733
v 14.870689 -14.115486 -0.226733
v 16.902330 -14.352055 -0.226731
v 19.436226 9.007488 -0.258255
v 18.802946 11.043909 -0.406918
v 17.325546 11.503715 -0.363373
v 20.215599 9.038590 -0.174100
v 16.301075 11.740160 -0.139338
v 17.058760 10.618889 -0.251748
v 20.369881 10.183549 -0.252007
v 15.716290 13.541636 0.101144
v 22.412605 12.779890 0.101319
v 16.860060 24.491570 0.193299
v 23.836708 23.679413 0.193390
v 15.057894 19.669554 0.160138
v 24.484522 18.585066 0.160468
v 20.538465 25.718208 0.201275
v 14.972729 -8.773497 0.043328
v 18.030405 -9.129528 0.043333
v 18.958828 1.253262 0.043367
v 16.454248 1.545250 0.043370
v 19.908241 7.476143 0.044097
v 16.937668 7.846189 0.044180
v 14.504704 -14.333340 0.043328
v 17.208471 -14.648155 0.043329
v 15.701622 -15.821625 0.043328
v 20.691122 10.125317 0.055790
v 16.735985 10.648633 0.055970
v 16.205164 22.228588 -0.545876
v 15.840919 16.364864 -0.200896
v 22.960312 15.558876 -0.200894
v 23.954514 21.328756 -0.545875
v 22.116972 24.475351 -0.575939
v 18.716625 24.871283 -0.575939
v 16.734909 11.832069 0.217944
v 20.989698 11.315210 0.217943
v 15.875427 22.417336 -0.850963
v 15.519608 16.341045 -0.593222
v 23.267921 15.462078 -0.592836
v 24.319023 21.436478 -0.850628
v 22.315529 24.804625 -0.853706
v 18.599075 25.237389 -0.853743
v 19.928333 9.096137 -0.244262
v 16.105402 -3.736101 -0.226723
v 18.085430 -3.966629 -0.226720
v 17.185942 5.337440 -0.228225
v 19.112417 5.109099 -0.228253
v 16.633581 11.725101 -0.273798
v 15.158699 -15.052021 -0.225788
v 16.406847 -15.197353 -0.225788
v 17.305769 -12.530544 -0.226729
v 14.896557 -12.250015 -0.226733
v 17.256804 9.451226 -0.244039
v 21.062195 11.190377 -0.273909
v 15.622093 22.502209 0.180756
v 15.182972 16.388826 0.131857
v 23.606438 15.434975 0.132174
v 24.584972 21.461409 0.180979
v 22.394455 25.099222 0.199540
v 18.589920 25.542229 0.199521
v 21.389660 11.145937 0.074404
v 15.740515 -3.667393 0.043334
v 18.456341 -3.983599 0.043337
v 16.829414 5.386868 0.043525
v 19.470749 5.074216 0.043501
v 16.922068 9.478240 0.046970
v 14.955979 -15.414722 0.043328
v 16.520809 -15.596928 0.043328
v 17.668449 -12.681747 0.043331
v 14.508838 -12.313852 0.043328
v 20.260502 9.034542 0.046799
v 16.306396 11.763559 0.074439
v 16.655663 23.235268 -0.546668
v 19.568733 17.406424 -1.623741
v 15.633278 14.874352 0.205691
v 23.886442 17.036592 0.159282
v 19.941570 20.595308 -2.001759
v 22.404293 14.142285 -0.059484
v 21.103029 23.884405 -1.411543
v 24.093712 22.559000 0.120625
v 21.423298 25.269958 0.118859
v 23.158646 22.447178 -1.184487
v 17.987556 -1.383106 0.313364
v 18.691458 25.128143 -0.174402
v 19.567635 24.063175 -1.411543
v 21.445896 14.151473 -0.451761
v 20.105186 12.853384 -0.303933
v 22.330256 17.170847 -1.040887
v 20.259335 23.321426 -1.769244
v 22.846489 20.185610 -1.352337
v 21.702375 21.636103 -1.767012
v 17.900059 23.831772 -1.193210
v 18.160192 19.240410 -1.690336
v 17.236788 23.136171 -1.184486
v 18.253309 6.138544 0.309987
v 16.056108 -6.608654 0.313388
v 16.734737 -6.948996 0.315276
v 21.163937 11.292229 0.251835
v 16.794214 -1.244125 0.313364
v 15.466402 -6.381344 0.262398
v 18.573570 -1.268772 0.262395
v 17.358553 -1.591320 0.315253
v 17.601948 6.507582 0.307970
v 18.513950 3.258595 0.312664
v 19.628725 9.616560 0.271366
v 18.969467 6.340979 0.307970
v 17.385103 1.051218 0.314846
v 17.346905 3.395477 0.312664
v 17.473408 -6.773682 0.313388
v 17.939510 0.986528 0.314846
v 19.322443 8.295276 0.294522
v 17.659700 9.883280 0.271367
v 17.067612 -11.097208 0.313388
v 17.897619 3.044250 0.314569
v 16.498646 -12.603035 0.315040
v 18.007011 7.379218 0.303801
v 17.681866 8.509702 0.294523
v 16.118668 19.493225 -0.830018
v 15.289201 -15.443504 0.258167
v 15.174047 -13.334984 0.313196
v 15.665432 -12.506020 0.315040
v 16.749735 -15.143555 0.258183
v 15.955793 -13.638748 0.315009
v 16.237797 -11.216833 0.315276
v 15.457667 -10.909750 0.313388
v 16.538296 22.163528 -0.942368
v 16.607658 13.502312 -0.053470
v 14.976110 19.685997 0.070861
v 17.113232 24.172165 -0.164611
v 16.165895 23.612480 0.187943
v 23.411081 18.654045 -0.830018
v 15.661094 13.527285 -0.003484
v 23.184782 23.122389 -0.889493
v 24.568016 18.582184 0.071336
v 22.070879 12.898046 0.172298
v 23.013927 13.997198 0.116640
v 20.406183 24.582165 -1.030347
v 23.907946 23.733234 0.116211
v 17.927544 24.540987 -0.555618
v 20.548708 25.806168 0.126943
v 18.906584 11.869391 -0.068812
v 21.000010 10.604489 0.063888
v 14.983463 -8.773777 -0.081787
v 16.127777 -0.960344 0.043345
v 18.949295 1.254198 -0.081735
v 18.231724 -6.684387 0.043334
v 16.905470 6.754906 0.043734
v 17.550932 10.901450 0.219909
v 19.903158 7.474679 -0.080884
v 20.596598 11.943547 0.020589
v 16.856920 10.101487 0.050421
v 15.703074 -15.809162 -0.081788
v 14.680995 -14.967487 0.043328
v 17.200346 -14.639793 -0.081785
v 22.591787 15.583554 -0.462032
v 17.366512 23.799662 -0.889493
v 15.591462 16.387697 0.032837
v 19.572786 25.020206 -0.591343
v 15.989588 22.312168 -0.158527
v 16.205267 16.306839 -0.462033
v 15.720362 17.970812 -0.337786
v 16.645075 11.265695 0.254166
v 22.031803 24.103865 -0.981068
v 21.535681 12.942532 -0.053470
v 24.183540 21.360779 -0.158518
v 19.967817 10.590218 0.219908
v 23.208443 15.525681 0.032849
v 23.615273 21.341663 -0.942368
v 18.714157 24.490156 -0.981068
v 23.976034 20.053345 -0.516970
v 22.200483 24.719557 -0.174401
v 22.809059 23.972616 -0.555618
v 20.303247 9.661459 0.255173
v 17.322693 9.405372 0.285353
v 16.814205 1.424158 0.304061
v 17.320917 7.757425 0.297160
v 16.958776 11.773371 0.180834
v 17.624870 -9.124905 0.304181
v 18.066669 -4.018225 0.304182
v 17.197634 5.280769 0.302729
v 19.088326 5.056375 0.302728
v 17.283293 -12.564167 0.304181
v 14.909117 -14.134594 0.303769
v 14.910707 -12.287907 0.304181
v 20.179657 10.162998 0.263530
v 18.471394 8.114397 0.296856
v 18.615353 9.462755 0.273908
v 16.780691 14.597310 -0.911325
v 17.277124 12.330223 0.020589
v 19.600788 11.109377 0.124726
v 19.516035 7.482189 0.297157
v 16.549500 12.562318 0.156514
v 20.758892 11.311726 0.180833
v 19.264576 10.030318 0.249950
v 16.088858 23.678093 -0.076397
v 16.994122 23.372581 -1.524723
v 15.163518 21.210848 -0.096108
v 19.181690 14.133934 -1.261039
v 16.585167 17.804800 -1.463014
v 15.368883 14.836044 -0.112657
v 23.061733 13.966990 -0.112233
v 19.952400 20.687912 -2.428761
v 24.195852 16.984577 -0.106582
v 22.920609 23.509012 -1.527462
v 16.774561 20.973776 -1.735451
v 24.400581 22.711069 -0.076133
v 21.532074 25.596317 -0.059163
v 17.928877 -1.377985 -0.228633
v 17.626827 25.218483 -0.062466
v 19.566675 17.390200 -2.089037
v 21.629967 14.049131 -0.911220
v 21.207916 24.169329 -1.760262
v 23.112228 20.239723 -1.735202
v 17.712576 24.115377 -1.527563
v 17.859730 15.917933 -1.534029
v 20.184526 12.761772 -0.798333
v 19.531105 24.364582 -1.760284
v 18.252619 6.133181 -0.233770
v 16.852495 -1.252647 -0.228633
v 15.468668 -14.142235 -0.228621
v 17.358488 -1.591890 -0.228636
v 16.314205 -14.240685 -0.228621
v 21.878836 11.817170 -0.127428
v 16.092022 -9.189362 -0.228621
v 16.194027 -0.969009 -0.175716
v 15.406968 -6.354010 -0.175739
v 18.163685 -6.674990 -0.175731
v 16.845509 -9.277096 -0.228620
v 18.634857 -1.253202 -0.175714
v 17.653790 6.498937 -0.234479
v 19.603748 9.600407 -0.268728
v 16.965437 6.749900 -0.175862
v 18.916868 6.345226 -0.234507
v 16.749733 3.657623 -0.175694
v 17.095005 11.130842 0.234324
v 16.822920 11.314853 0.254915
v 20.770290 10.813746 0.254909
v 18.409729 4.833077 -0.230899
v 18.457544 3.263817 -0.229379
v 19.642914 6.426483 -0.175940
v 17.678562 9.858613 -0.268585
v 17.007305 -11.079308 -0.228619
v 16.995785 8.732365 -0.175550
v 18.611906 9.437347 -0.265475
v 17.897366 3.042137 -0.229292
v 18.082382 10.149950 -0.284105
v 15.801026 19.555218 -1.202490
v 14.735613 -14.911358 -0.175742
v 17.956451 23.127106 -1.453350
v 15.332211 -15.618740 -0.175742
v 15.673300 -12.504456 -0.228621
v 19.219986 23.146025 -1.743282
v 16.850933 -15.157661 -0.175741
v 17.781422 -11.110647 -0.175735
v 15.520474 -10.906179 -0.228621
v 15.542056 21.115585 -0.839251
v 14.515373 -13.448795 -0.175742
v 16.387033 13.431995 -0.514214
v 15.794827 13.557304 0.191203
v 16.359074 23.483368 -0.838402
v 23.734743 18.641233 -1.202123
v 24.377853 18.588989 0.206022
v 23.480297 23.343475 -1.201088
v 23.749060 23.612419 0.218963
v 22.673103 14.025579 -0.477890
v 20.446041 24.924267 -1.346465
v 20.525568 25.607447 0.222773
v 17.738512 24.880512 -0.834418
v 17.679253 25.132233 0.197076
v 20.143782 10.179402 -0.271947
v 21.863693 11.845026 0.087043
v 18.897247 11.795421 -0.581634
v 14.991212 -8.776684 0.168443
v 20.677444 10.656543 -0.257386
v 18.412886 1.235716 -0.228537
v 18.940435 1.253017 0.168457
v 16.487789 -1.030453 -0.226727
v 17.042400 3.606197 -0.227175
v 16.685514 3.664405 0.043420
v 17.855986 -6.655766 -0.226725
v 19.347794 6.461037 -0.230485
v 19.885887 7.481277 0.168436
v 17.260336 6.713977 -0.230427
v 17.480818 10.917505 -0.307002
v 16.945007 8.738946 0.045084
v 21.529926 11.882089 -0.311945
v 15.705599 -15.787479 0.168412
v 16.732660 -14.202396 -0.228384
v 17.191551 -14.635311 0.168428
v 15.027551 -14.699982 -0.226571
v 17.472425 -11.038706 -0.226728
v 17.849566 -11.131237 0.043332
v 14.822018 -13.331696 -0.226733
v 14.446302 -13.475872 0.043328
v 17.288368 8.709764 -0.238959
v 20.452654 9.618674 0.050229
v 17.129837 24.082817 -1.201226
v 23.788132 17.026020 -0.703998
v 15.650131 22.503510 -0.426639
v 18.575130 25.505602 -0.411462
v 15.761009 14.806753 -0.478171
v 19.534412 25.399076 -0.869308
v 15.816850 -14.832027 -0.228385
v 15.257384 16.368423 -0.327736
v 21.734043 12.824327 -0.514139
v 21.442354 25.176908 -0.869294
v 23.529675 15.430391 -0.327250
v 24.092869 22.583513 -0.838164
v 20.040501 10.594666 -0.307143
v 24.345034 20.096306 -0.838835
v 24.558113 21.468790 -0.426261
v 23.071102 24.259565 -0.834337
v 20.127762 9.680208 -0.248442
v 22.400448 25.060165 -0.411426
v 19.282513 5.101703 -0.218231
v 20.036276 8.340508 -0.175765
v 15.546096 -8.869421 -0.228385
v 18.858477 3.393526 -0.227186
v 16.981573 1.402613 -0.228535
v 15.936252 -3.695059 -0.217515
v 17.018698 5.369716 -0.218196
v 18.334856 -1.245520 -0.226726
v 17.473410 7.745173 -0.238729
v 17.450338 -9.091150 -0.228381
v 16.872921 11.137318 -0.257179
v 18.259481 -3.965546 -0.217511
v 17.475834 -12.595623 -0.217521
v 17.129787 -13.600410 -0.226730
v 17.086712 9.469145 -0.224134
v 17.184048 10.074169 -0.248182
v 15.070206 -14.008827 -0.228385
v 15.076210 -15.211708 -0.217404
v 14.716089 -12.274281 -0.217526
v 16.615372 -14.884865 -0.226570
v 15.077126 -10.759800 -0.226733
v 16.147833 -15.246471 -0.226571
v 16.450439 -15.371719 -0.217403
v 19.277153 8.293787 -0.248584
v 20.415909 9.617841 -0.169975
v 18.731003 10.469069 -0.319045
v 15.162502 19.648897 0.205844
v 15.999529 12.502018 -0.127531
v 16.559385 11.150820 -0.151649
v 22.456104 22.603615 -1.453350
v 16.549719 11.171085 0.064012
v 19.746546 8.391593 -0.239124
v 17.145742 12.262955 -0.474671
v 16.879639 10.633812 -0.220618
v 16.353558 12.483897 -0.311960
v 20.788219 11.192876 -0.322678
v 20.985649 10.589892 -0.151866
v 20.097588 9.069832 -0.224404
v 19.364372 7.508185 -0.238807
v 21.230591 22.912027 -1.743282
v 15.717661 22.449018 0.212889
v 15.047117 18.035671 0.146707
v 20.658737 10.156437 0.174489
v 24.310463 22.665007 0.188097
v 20.702446 10.111958 -0.064824
v 19.555851 25.733311 0.200862
v 15.421988 14.854210 0.116381
v 24.643776 20.089403 0.171803
v 16.929943 24.406210 0.218914
v 16.803122 24.560337 0.116080
v 24.119625 17.000294 0.147047
v 22.339642 12.812841 0.191298
v 22.463163 12.753493 -0.003236
v 21.498262 25.507133 0.200868
v 23.186575 24.490973 0.197123
v 16.472122 1.540819 0.168458
v 16.463715 1.543932 -0.081731
v 17.462322 -13.827053 0.043330
v 18.011684 -9.128384 0.168446
v 18.019894 -9.127333 -0.081780
v 16.960770 7.846139 0.168481
v 18.701338 -1.260019 0.043346
v 16.942057 7.843180 -0.080765
v 19.219173 3.367815 0.043410
v 16.774796 10.671751 0.174586
v 19.702576 6.416819 0.043687
v 16.721481 10.637208 -0.064564
v 14.688815 -10.763205 0.043328
v 16.891193 -15.224842 0.043328
v 16.115841 -15.791145 0.043328
v 14.524123 -14.324722 0.168427
v 14.514535 -14.327065 -0.081788
v 20.087536 8.333166 0.044955
v 15.338593 -6.347523 0.043330
v 16.020847 12.526705 0.086972
v 15.305490 -15.696793 0.043328
v 19.190321 14.203690 -0.768897
v 16.827795 17.799191 -1.040887
v 20.772894 15.641112 -1.066843
v 21.363976 18.871622 -1.690336
v 22.672873 23.276163 -1.193210
v 17.020525 20.859934 -1.352336
v 18.467484 22.011839 -1.767012
v 16.853075 -9.278534 0.315040
v 16.736673 -4.160761 0.315040
v 16.084328 -9.189024 0.315040
v 17.802172 4.908888 0.312715
v 18.766020 7.283365 0.303801
v 19.022610 8.890645 0.284812
v 18.107655 10.184134 0.249950
v 18.098053 9.015160 0.284813
v 16.786419 -13.522724 0.313196
v 16.340738 -14.319656 0.312921
v 15.424700 -14.212997 0.312921
v 15.890965 20.988838 -0.516971
v 15.474349 19.592022 -0.099813
v 16.352419 23.459478 0.120595
v 16.049314 14.859198 -0.059485
v 16.076229 13.579576 0.172291
v 15.282324 18.017963 0.159216
v 23.449226 17.088800 -0.337784
v 24.061230 18.604399 -0.099800
v 22.812704 14.064466 0.205742
v 23.747051 22.410360 -0.546667
v 23.516878 23.426758 -0.164607
v 24.402540 20.065353 0.128006
v 21.317932 24.817005 -0.591343
v 20.487700 25.282227 -0.180627
v 23.028624 24.305296 0.120616
v 17.373482 -4.234915 0.315040
v 17.790293 24.915215 0.120607
v 19.574312 25.485252 0.118857
v 19.856363 9.065964 0.285346
v 19.950363 8.350535 0.258234
v 16.111816 -3.790606 0.304181
v 15.368479 -8.862175 0.304181
v 16.250141 -0.998192 0.262395
v 18.580740 1.218115 0.304061
v 18.099566 -6.687944 0.262399
v 16.808870 3.630846 0.262244
v 17.034966 6.728953 0.261190
v 18.415518 4.835853 0.312715
v 19.570856 6.421767 0.261181
v 19.091484 3.363470 0.262242
v 17.241516 10.556613 0.263536
v 16.560364 11.851131 0.251837
v 16.187794 12.563278 0.240146
v 15.791468 -15.050014 0.303615
v 14.837346 -14.920872 0.258182
v 16.860542 -14.361813 0.303770
v 16.189888 -15.548378 0.258167
v 17.716272 -11.111219 0.262398
v 17.347092 -13.752724 0.262382
v 14.575531 -13.430008 0.262382
v 14.823143 -10.774349 0.262397
v 17.082722 8.722375 0.258259
v 17.012234 10.105719 0.255209
v 21.357550 12.001781 0.156515
v 21.709566 11.918560 0.240160
v 20.930443 10.720461 0.254143
v 18.041849 11.298674 0.124726
v 18.737547 10.519321 0.210306
v 17.879772 13.023602 -0.798336
v 21.506527 18.884451 -2.123344
v 20.887590 15.574199 -1.533941
v 21.863171 21.770279 -2.159990
v 20.288181 23.568657 -2.148655
v 23.449291 22.621365 -1.524551
v 17.413214 -6.765839 -0.228618
v 17.366131 -4.234415 -0.228617
v 16.734730 -6.949072 -0.228620
v 17.391598 1.049126 -0.228796
v 16.743944 -4.161972 -0.228617
v 16.116493 -6.614855 -0.228620
v 17.807093 4.904739 -0.230893
v 18.009043 7.370599 -0.239596
v 17.402952 3.387447 -0.229374
v 19.280258 9.992513 -0.284187
v 18.761799 7.275885 -0.239622
v 19.022463 8.872927 -0.256837
v 18.469797 8.102730 -0.246200
v 20.461142 10.697458 0.234319
v 18.093233 8.997128 -0.256777
v 17.724575 8.495900 -0.248500
v 16.491346 -12.599709 -0.228621
v 16.729649 -13.479290 -0.228620
v 15.956902 -13.629234 -0.228621
v 15.239280 -13.305752 -0.228621
v 16.239119 22.345299 -1.277571
v 15.108053 19.663080 -0.406936
v 16.860399 24.477524 -0.410195
v 15.917361 16.279022 -0.878272
v 15.816700 13.514685 -0.245489
v 14.969711 18.038345 -0.107154
v 22.865753 15.490521 -0.877992
v 24.434471 18.589214 -0.406396
v 18.024424 19.285709 -2.123482
v 22.308874 12.776384 -0.245255
v 23.948425 21.449631 -1.277291
v 23.833200 23.665754 -0.410037
v 24.735361 20.102911 -0.095619
v 22.222418 24.402910 -1.294142
v 20.533188 25.672852 -0.416163
v 18.342003 22.179430 -2.160104
v 23.257435 24.562847 -0.062386
v 18.597422 24.825024 -1.294186
v 19.543440 25.827877 -0.059173
v 19.724598 9.084675 -0.254283
v 20.547245 10.151430 -0.220918
v 15.376488 17.987526 -0.704447
v 19.729259 7.511047 -0.221027
v 15.710855 -6.405998 -0.226730
v 15.175919 -8.783836 -0.217525
v 16.646326 1.519327 -0.217540
v 17.894905 -4.000784 -0.228376
v 18.765919 1.272253 -0.217544
v 17.932713 0.986015 -0.228796
v 17.830276 -9.092907 -0.217518
v 17.360640 5.265403 -0.230516
v 17.118961 7.836338 -0.220898
v 18.926046 5.079606 -0.230536
v 16.900909 11.661631 -0.322558
v 19.155064 3.376143 -0.175710
v 17.278215 10.556092 -0.271736
v 16.429331 11.740341 -0.215590
v 15.731367 -15.566170 -0.217526
v 14.692501 -14.212692 -0.217526
v 17.053417 -14.487595 -0.217524
v 16.107767 -15.709038 -0.175742
v 17.115097 -12.487587 -0.228382
v 16.237797 -11.216839 -0.228621
v 17.401321 -13.784828 -0.175738
v 15.091997 -12.252020 -0.228385
v 14.759867 -10.758821 -0.175742
v 17.452820 9.387372 -0.254112
v 16.891291 10.089114 -0.169650
v 20.708521 11.849419 -0.474720
v 21.264393 11.155711 -0.215683
v 17.987522 11.243994 -0.394325
v 16.282990 -3.813110 -0.228378
v 19.640205 11.045007 -0.394387
v 15.249332 21.176430 0.171516
v 15.545849 22.545609 0.098273
v 22.567722 17.120544 -1.462777
v 15.280374 16.392115 0.199033
v 15.109604 16.384928 0.035317
v 23.512245 15.460396 0.199205
v 23.677120 15.414286 0.035771
v 24.479683 21.431641 0.213010
v 24.669209 21.486063 0.098596
v 22.339540 25.002720 0.221990
v 22.439575 25.175846 0.124697
v 18.621185 25.435686 0.221980
v 18.563618 25.627172 0.124669
v 21.342518 11.176946 0.181741
v 21.418682 11.123908 -0.039016
v 15.758177 -3.672165 0.168447
v 15.750753 -3.668615 -0.081778
v 18.438059 -3.984194 0.168448
v 18.446089 -3.982431 -0.081774
v 16.849106 5.383945 0.168462
v 16.837200 5.385345 -0.081547
v 19.450972 5.075808 0.168449
v 19.462765 5.074685 -0.081580
v 16.951370 9.482668 0.169276
v 16.919880 9.471725 -0.077075
v 14.965366 -15.395237 0.165511
v 14.962458 -15.404373 -0.081788
v 16.516150 -15.575813 0.165511
v 16.516882 -15.585361 -0.081787
v 17.650719 -12.675385 0.168445
v 17.658285 -12.677059 -0.081782
v 14.527557 -12.311726 0.168443
v 14.519808 -12.311626 -0.081788
v 20.233227 9.045465 0.169183
v 20.260950 9.028596 -0.077320
v 16.359552 11.783277 0.181760
v 16.272896 11.748045 -0.038963
v 15.399498 -15.159344 -0.226571
v 16.983793 14.654953 -0.451761
v 17.987236 15.956724 -1.066843
v 17.979149 13.094767 -0.303933
v 15.478476 21.097700 0.127950
v 22.682835 22.791983 -1.812995
v 21.348034 23.126953 -2.122464
v 17.779236 23.362604 -1.813120
v 19.155207 23.382204 -2.122508
v 18.901663 8.164745 0.295469
v 22.812626 22.776104 -1.300547
v 20.851501 23.368841 -1.696392
v 20.026424 9.661994 0.277221
v 15.545340 -13.498413 0.314774
v 16.104403 17.914297 -0.668512
v 22.061924 14.158670 -0.245449
v 21.554781 20.361790 -1.789187
v 17.047749 3.550072 0.303714
v 18.317879 20.736460 -1.789187
v 17.974037 24.240826 -0.922688
v 17.625660 3.178379 0.314289
v 21.825823 22.426147 -1.678871
v 19.693922 23.503613 -1.696393
v 22.694845 23.691177 -0.922688
v 18.049036 17.608503 -1.432925
v 19.691069 8.351756 0.291961
v 20.644409 10.895267 0.230035
v 17.660610 -1.527012 0.315016
v 19.826946 11.860602 -0.041265
v 17.098013 -6.898193 0.315040
v 17.832972 -6.705929 0.304181
v 17.924389 6.283405 0.309421
v 18.042143 10.661002 -0.316679
v 17.445047 -11.082804 0.304181
v 14.833288 -13.350639 0.304114
v 19.315151 6.410541 0.300668
v 16.490898 -1.085299 0.304167
v 16.402086 -14.980091 0.300760
v 16.387510 -13.596478 0.314774
v 18.192974 3.111801 0.314289
v 21.095798 17.260534 -1.432925
v 17.281235 6.657522 0.300670
v 18.319244 -1.298229 0.304167
v 18.112057 9.638647 0.271300
v 17.114466 -13.616253 0.304114
v 16.704098 3.660583 0.168465
v 18.683138 -1.260643 0.168452
v 16.970629 8.740949 0.168657
v 17.830944 -11.128063 0.168445
v 21.706673 20.433445 -2.202048
v 16.653456 -11.183456 0.315040
v 16.128603 14.743773 -0.684275
v 19.565235 25.622349 0.222592
v 17.257629 10.903119 0.240424
v 18.529028 22.809618 -1.678871
v 18.898844 8.153230 -0.247484
v 23.365221 17.060532 -1.062021
v 16.250559 23.542452 0.216184
v 15.840927 -11.088852 0.315040
v 17.281616 10.033445 0.277229
v 17.079353 -1.459312 0.315016
v 15.351566 21.140121 0.209366
v 15.511024 14.865149 0.195345
v 16.483303 23.356945 -0.163973
v 15.649479 21.046619 -0.138863
v 17.929218 12.003302 -0.548123
v 20.965372 10.635882 0.177511
v 24.017742 17.016727 0.202640
v 15.465689 18.001108 -0.039777
v 15.810204 14.877109 0.107131
v 14.699757 -10.762455 -0.081788
v 24.211939 22.616339 0.216267
v 22.641197 14.106569 0.107141
v 23.704136 17.061291 -0.039763
v 21.802954 11.877380 0.186584
v 24.224369 20.054600 -0.138851
v 23.942764 22.489248 -0.163967
v 15.356606 -6.351826 0.168444
v 22.925995 24.168072 -0.168542
v 21.374577 25.089500 -0.178908
v 16.926651 6.753223 0.168452
v 15.795865 17.926062 -1.062367
v 23.592138 20.081978 -0.920035
v 19.681671 6.419938 0.168426
v 20.421644 9.636163 0.170908
v 19.580267 25.298428 -0.178908
v 17.858643 24.758080 -0.168543
v 17.446129 -13.816578 0.168442
v 18.008213 12.072225 -0.041265
v 18.840500 3.339960 0.303713
v 16.087421 12.544647 0.186545
v 19.200245 3.368301 0.168459
v 15.213252 -14.841660 0.300760
v 17.213333 3.531532 -0.229041
v 17.271336 -11.031218 -0.228382
v 18.605637 6.200212 0.309421
v 16.378222 -13.582607 -0.228621
v 16.590900 11.193949 0.177578
v 17.967592 14.414772 -0.665569
v 20.063250 8.340882 0.168587
v 15.305323 -15.663437 0.167678
v 18.063587 8.274605 0.295469
v 17.649132 23.376989 -1.300546
v 22.946218 23.955610 -1.233000
v 16.873167 -15.211510 0.167681
v 15.721731 -6.460098 0.304181
v 19.411043 10.534408 0.210539
v 16.822680 12.498001 0.087235
v 15.093639 -10.809011 0.304181
v 17.335257 8.658334 0.291967
v 17.914467 17.605373 -1.884161
v 21.077145 12.002420 0.087235
v 16.392853 -6.816084 0.315040
v 19.140032 9.499361 0.271300
v 21.562271 11.967726 0.220000
v 19.549417 24.611086 -1.016715
v 21.463633 25.401300 0.222595
v 16.645918 -11.181229 -0.228620
v 16.342449 12.576763 0.219998
v 18.149357 -1.282038 -0.228390
v 20.528238 14.051089 -1.146952
v 23.925676 20.126871 -1.272489
v 17.852219 14.353612 -1.146998
v 20.934202 23.617090 -2.069549
v 17.440126 6.644525 -0.233603
v 15.957169 21.049675 -1.272830
v 22.300068 14.046202 -0.684091
v 17.928108 6.277431 -0.234143
v 23.813938 22.517729 -1.231117
v 16.659950 -1.108610 -0.228390
v 21.364670 24.739937 -1.331855
v 20.247143 10.511929 0.240421
v 17.086308 -1.460892 -0.228636
v 16.615429 23.355347 -1.231324
v 18.063078 8.262188 -0.247441
v 19.509642 24.955946 -1.331874
v 17.790237 24.555992 -1.233084
v 18.404499 23.024012 -2.056942
v 17.653482 -1.526939 -0.228636
v 16.097687 23.669304 0.108401
v 19.157295 6.435971 -0.233645
v 15.333022 -14.638229 -0.228287
v 16.400358 -6.816925 -0.228620
v 18.099812 9.612870 -0.267540
v 19.441303 10.484612 -0.316756
v 16.114550 -15.778767 -0.081788
v 15.895827 -6.477783 -0.228383
v 19.145105 9.472601 -0.267613
v 18.221298 -6.682858 -0.081778
v 16.911839 6.752866 -0.081305
v 15.848778 -11.088406 -0.228621
v 18.186659 20.841162 -2.202179
v 17.090517 -6.897284 -0.228619
v 17.478355 8.644526 -0.245958
v 18.186626 3.110374 -0.229340
v 18.600517 6.195506 -0.234157
v 20.430780 14.136827 -0.665570
v 16.959667 -13.505638 -0.228383
v 16.684505 11.414779 0.267108
v 16.386335 14.799015 -0.245449
v 15.557566 -13.487049 -0.228621
v 15.274558 -10.798716 -0.228385
v 16.332262 -14.754578 -0.228287
v 15.168514 21.205978 0.085731
v 16.132971 12.500567 -0.223841
v 19.886887 11.776157 -0.548157
v 15.009359 -13.278549 -0.228385
v 20.930183 10.880961 0.267101
v 15.356859 14.843811 0.015929
v 15.288893 21.176050 -0.424401
v 16.180046 23.608591 -0.418820
v 23.075092 13.972185 0.016300
v 24.197977 16.987026 0.054353
v 15.509579 14.829225 -0.282412
v 15.108877 18.021893 -0.372347
v 24.729309 20.099508 0.086144
v 24.389942 22.704592 0.108623
v 24.056669 16.999504 -0.371804
v 22.923246 13.991510 -0.282034
v 17.636492 25.210552 0.121371
v 21.526630 25.591106 0.126429
v 24.295879 22.664322 -0.418557
v 24.605373 20.097490 -0.423922
v 19.547537 25.821554 0.126420
v 21.500269 25.462559 -0.414712
v 23.190500 24.463209 -0.408435
v 20.084734 8.329828 -0.079795
v 20.457706 9.609355 -0.072586
v 17.669086 25.106138 -0.408518
v 19.543665 25.690392 -0.414724
v 16.526390 11.157266 -0.053333
v 20.299208 9.650575 -0.223801
v 15.349091 -6.348429 -0.081785
v 19.915888 8.369378 -0.223095
v 19.547915 8.375815 -0.246082
v 18.691372 -1.259003 -0.081762
v 15.537678 -6.369778 -0.217523
v 16.321278 -0.988701 -0.217508
v 19.915564 9.672624 -0.262470
v 18.506495 -1.243134 -0.217506
v 18.032850 -6.660301 -0.217516
v 16.694298 3.663073 -0.081668
v 16.876453 3.642590 -0.217695
v 17.091761 6.741999 -0.219254
v 15.976463 12.510815 -0.022072
v 19.518150 6.448581 -0.219327
v 19.028297 3.390717 -0.217710
v 19.210283 3.368622 -0.081682
v 17.113287 11.074279 -0.286953
v 16.683006 11.151980 -0.216367
v 23.246197 24.557360 0.121438
v 16.884935 -15.214687 -0.081786
v 15.377552 -15.454853 -0.217495
v 14.845388 -14.806915 -0.217495
v 17.839090 -11.127993 -0.081781
v 16.768093 -15.030785 -0.217494
v 16.101294 -15.539127 -0.217495
v 14.456951 -13.471745 -0.081788
v 14.967980 18.040808 0.053863
v 17.650375 -11.074121 -0.217519
v 17.284828 -13.704361 -0.217522
v 16.137697 -0.961660 -0.081763
v 14.647240 -13.397247 -0.217526
v 14.895800 -10.753382 -0.217526
v 15.309591 -15.685036 -0.081788
v 21.903305 11.819866 -0.021973
v 17.118906 8.730382 -0.222893
v 17.011221 10.090181 -0.223491
v 17.452908 -13.820595 -0.081784
v 21.224281 11.889112 -0.394591
v 21.748531 11.847049 -0.223774
v 20.865381 10.622795 -0.216590
v 20.430496 10.655546 -0.287135
v 16.965582 11.359495 0.230038
v 17.631487 3.175478 -0.229338
v 21.225842 17.226583 -1.884039
v 17.389217 10.011127 -0.262266
v 14.689419 -14.959042 -0.081788
v 18.675047 3.360260 -0.229050
v 17.659472 -6.683132 -0.228380
v 16.652599 12.420128 -0.394561
v 23.491703 22.349684 -0.910789
v 17.731026 25.034428 0.220813
v 23.061993 17.120010 -0.668512
v 16.890242 23.117640 -0.910789
v 21.246672 24.413462 -1.016715
v 16.271166 20.929201 -0.920035
v 15.149934 18.028357 0.202456
v 22.929632 14.028048 0.195486
v 24.535851 20.077587 0.209521
v 23.113705 24.407692 0.220838
v 14.707668 -10.764393 0.168443
v 14.464470 -13.469395 0.168441
v 16.145361 -0.965118 0.168452
v 18.213205 -6.684441 0.168446
v 16.891350 10.111495 0.171012
v 14.701602 -14.958656 0.167680
v 16.123667 -15.758720 0.167678
v 16.849434 10.092597 -0.072309
v 19.695824 6.416582 -0.081372
v 16.946657 8.734426 -0.079610
v 21.019436 10.586664 -0.053512
v 18.084339 10.703588 0.210539
v 23.071726 22.973497 -1.646862
v 21.996431 22.606102 -2.056848
v 17.442478 23.628719 -1.646996
v 19.670589 23.764223 -2.069568
vn 0.0023 0.0169 0.9999
vn 0.0005 0.0116 0.9999
vn -0.0003 0.0180 0.9998
vn 0.0014 0.0109 0.9999
vn 0.0012 0.0068 1.0000
vn 0.0078 0.0054 1.0000
vn 0.0024 0.0107 0.9999
vn -0.0039 0.0180 0.9998
vn -0.5712 -0.3347 0.7495
vn -0.3883 -0.2065 0.8981
vn -0.5527 -0.1333 0.8227
vn -0.3129 -0.1572 0.9367
vn -0.4102 -0.3884 0.8252
vn -0.2869 -0.3726 0.8825
vn -0.4324 -0.0254 0.9013
vn -0.1886 -0.4729 0.8607
vn -0.1977 -0.2023 0.9591
vn -0.0596 -0.5117 0.8571
vn -0.1655 -0.3221 0.9321
vn -0.0340 -0.2921 0.9558
vn -0.0102 -0.0876 0.9961
vn -0.0247 0.0619 0.9978
vn 0.0306 0.0109 0.9995
vn -0.0129 0.0387 0.9992
vn -0.0123 0.0324 0.9994
vn 0.0516 -0.0014 0.9987
vn 0.3540 -0.0916 0.9308
vn 0.3061 -0.1094 0.9457
vn 0.1895 -0.0964 0.9771
vn -0.0002 -0.0015 1.0000
vn -0.0093 -0.0096 0.9999
vn -0.0012 -0.0104 0.9999
vn -0.0000 -0.0001 1.0000
vn -0.0027 -0.0010 1.0000
vn -0.0023 0.0001 1.0000
vn -0.0157 0.0002 0.9999
vn -0.0184 -0.0062 0.9998
vn 0.3965 0.1360 0.9079
vn 0.5117 0.1598 0.8441
vn 0.3628 0.1870 0.9129
vn 0.4123 0.0602 0.9091
vn 0.5675 0.1067 0.8164
vn 0.6014 0.0238 0.7986
vn 0.7121 0.0778 0.6978
vn 0.6397 0.1348 0.7567
vn -0.3108 0.2669 0.9122
vn -0.3792 0.2879 0.8794
vn -0.4617 0.2752 0.8433
vn -0.2553 0.2840 0.9242
vn -0.2858 0.2738 0.9183
vn -0.3608 0.2689 0.8930
vn -0.4850 0.2899 0.8250
vn -0.5919 0.2808 0.7555
vn 0.0131 0.1135 0.9934
vn -0.2198 0.0502 0.9742
vn 0.0026 0.0227 0.9997
vn -0.2093 0.1386 0.9680
vn -0.4066 0.0704 0.9109
vn -0.2303 -0.0254 0.9728
vn -0.4248 0.0418 0.9043
vn -0.0935 0.0082 0.9956
vn -0.4213 0.0308 0.9064
vn -0.4247 0.0512 0.9039
vn -0.0965 0.0100 0.9953
vn -0.0970 0.0118 0.9952
vn -0.0165 0.0023 0.9999
vn -0.0146 0.0028 0.9999
vn 0.2255 -0.0017 0.9742
vn 0.2354 0.0865 0.9681
vn 0.2184 -0.0776 0.9728
vn 0.4119 -0.0250 0.9109
vn 0.3101 -0.4721 0.8252
vn 0.5562 -0.5453 0.6271
vn 0.4792 -0.4568 0.7495
vn 0.1936 -0.4285 0.8826
vn 0.3608 -0.6263 0.6911
vn 0.2060 -0.6366 0.7431
vn 0.4228 -0.7161 0.5554
vn 0.6070 -0.5999 0.5213
vn 0.0001 0.0005 1.0000
vn -0.0031 0.0005 1.0000
vn -0.0000 0.0001 1.0000
vn 0.0002 0.0014 1.0000
vn -0.0029 0.0009 1.0000
vn -0.0022 0.0018 1.0000
vn -0.0170 0.0022 0.9999
vn -0.2592 -0.1275 0.9574
vn 0.1460 -0.2423 0.9591
vn 0.0872 -0.3515 0.9321
vn 0.0749 -0.5035 0.8607
vn -0.4950 -0.5267 0.6911
vn -0.3468 -0.5723 0.7431
vn -0.6665 -0.4031 0.6272
vn -0.7285 -0.4445 0.5213
vn -0.5759 -0.5998 0.5554
vn -0.4056 -0.6902 0.5993
vn 0.2337 0.1662 0.9580
vn 0.2183 0.2201 0.9507
vn 0.0225 0.1969 0.9802
vn 0.0785 -0.0103 0.9969
vn 0.3972 -0.0763 0.9145
vn 0.0666 -0.0064 0.9978
vn 0.3803 -0.0804 0.9214
vn -0.0848 0.1738 0.9811
vn -0.1050 0.1338 0.9854
vn -0.1371 0.1798 0.9741
vn -0.0745 0.0633 0.9952
vn -0.0718 0.0938 0.9930
vn -0.1667 0.1667 0.9718
vn 0.0030 -0.0003 1.0000
vn 0.0031 -0.0002 1.0000
vn -0.0000 -0.0000 1.0000
vn 0.0028 -0.0003 1.0000
vn 0.0161 -0.0015 0.9999
vn 0.0168 -0.0016 0.9999
vn 0.0171 -0.0017 0.9999
vn -0.0958 0.2826 0.9544
vn -0.1352 0.2383 0.9617
vn -0.1931 0.2750 0.9418
vn 0.0317 0.2780 0.9601
vn -0.0624 0.2482 0.9667
vn 0.0291 0.2480 0.9683
vn -0.0349 0.1901 0.9811
vn 0.0146 -0.0014 0.9999
vn 0.0026 -0.0003 1.0000
vn 0.0024 -0.0002 1.0000
vn 0.0153 -0.0014 0.9999
vn 0.4057 -0.0354 0.9133
vn 0.0910 -0.0078 0.9958
vn 0.0888 -0.0079 0.9960
vn 0.4111 -0.0344 0.9109
vn 0.0937 -0.0083 0.9956
vn -0.0113 0.0042 0.9999
vn 0.0005 0.0069 1.0000
vn -0.0062 0.0069 1.0000
vn -0.0011 0.0037 1.0000
vn 0.0004 0.0033 1.0000
vn 0.0008 0.0065 1.0000
vn -0.0417 -0.0450 -0.9981
vn -0.0456 -0.0997 -0.9940
vn -0.0197 -0.0475 -0.9987
vn -0.0787 -0.0922 -0.9926
vn -0.0825 -0.1690 -0.9821
vn -0.0221 -0.1812 -0.9832
vn -0.0134 -0.1052 -0.9944
vn -0.0065 -0.0491 -0.9988
vn 0.4046 -0.0412 0.9136
vn 0.0904 -0.0121 0.9958
vn 0.4120 -0.0586 0.9093
vn 0.0881 -0.0089 0.9961
vn 0.0143 -0.0015 0.9999
vn 0.0145 -0.0018 0.9999
vn -0.0969 -0.0002 0.9953
vn -0.0868 -0.0201 0.9960
vn -0.0908 0.0090 0.9958
vn -0.4145 0.0376 0.9093
vn -0.4262 -0.0032 0.9046
vn -0.3861 -0.0702 0.9198
vn 0.4175 -0.0653 0.9063
vn 0.0871 -0.0128 0.9961
vn 0.0930 -0.0132 0.9956
vn 0.4087 -0.0725 0.9098
vn 0.0120 0.0016 0.9999
vn 0.0149 -0.0006 0.9999
vn -0.4211 0.0575 0.9052
vn -0.4150 0.0605 0.9078
vn -0.0956 0.0130 0.9953
vn -0.0931 0.0134 0.9956
vn -0.0167 0.0023 0.9999
vn 0.0069 -0.0115 0.9999
vn 0.0798 -0.0395 0.9960
vn 0.0165 -0.0102 0.9998
vn 0.0429 -0.0610 0.9972
vn 0.0906 -0.2805 0.9556
vn -0.0059 -0.0509 0.9987
vn -0.0292 -0.2505 0.9677
vn 0.2508 -0.3632 0.8973
vn 0.2781 -0.2109 0.9371
vn 0.3597 -0.1570 0.9198
vn 0.0024 -0.0016 1.0000
vn 0.0153 -0.0034 0.9999
vn 0.0023 -0.0004 1.0000
vn 0.0026 0.0012 1.0000
vn 0.0166 -0.0016 0.9999
vn 0.0030 0.0002 1.0000
vn -0.1898 0.2161 0.9577
vn -0.1630 0.2653 0.9503
vn -0.3548 0.2245 0.9076
vn -0.3874 0.1538 0.9090
vn -0.4144 0.0201 0.9099
vn -0.0788 0.0069 0.9969
vn -0.4043 0.0114 0.9146
vn -0.0877 0.0069 0.9961
vn 0.0961 -0.0093 0.9953
vn 0.0971 -0.0107 0.9952
vn 0.4178 -0.0364 0.9078
vn 0.4231 -0.0407 0.9052
vn 0.4251 -0.0476 0.9039
vn 0.0205 0.0289 0.9994
vn 0.0222 0.0574 0.9981
vn 0.0403 0.0552 0.9977
vn 0.0085 0.0165 0.9998
vn 0.0103 0.0298 0.9995
vn 0.0051 0.0174 0.9998
vn 0.0039 0.0290 0.9996
vn 0.0076 0.0574 0.9983
vn 0.4141 -0.1011 0.9046
vn 0.0943 -0.0225 0.9953
vn -0.6545 0.0780 0.7520
vn -0.6554 0.0631 0.7526
vn -0.9852 0.0692 0.1567
vn -0.9946 0.0957 0.0397
vn -0.9842 0.0952 0.1491
vn -0.9923 0.1187 0.0345
vn -0.9825 0.1179 0.1445
vn 0.6524 -0.0632 0.7553
vn 0.6550 -0.0742 0.7520
vn 0.6459 -0.0563 0.7614
vn 0.9852 -0.0947 0.1429
vn 0.9958 -0.0862 0.0309
vn 0.9949 -0.0958 0.0318
vn 0.9833 -0.1106 0.1443
vn 0.9931 -0.1121 0.0343
vn -0.3891 0.0017 0.9212
vn -0.6363 0.0142 0.7713
vn -0.3665 -0.0150 0.9303
vn -0.6234 -0.0035 0.7819
vn -0.9788 -0.0100 0.2048
vn -0.9892 -0.0687 0.1296
vn -0.9953 -0.0122 0.0962
vn -0.9829 0.0186 0.1830
vn -0.9971 0.0180 0.0746
vn 0.6299 -0.0547 0.7748
vn 0.6271 -0.0644 0.7763
vn 0.9787 -0.1442 0.1461
vn 0.9942 -0.1030 0.0318
vn 0.9836 -0.1016 0.1490
vn 0.9958 -0.0860 0.0318
vn 0.9853 -0.0852 0.1482
vn 0.4023 -0.0571 -0.9137
vn 0.2283 0.0376 -0.9729
vn 0.4275 0.0367 -0.9033
vn 0.2076 -0.1241 -0.9703
vn 0.2180 -0.0359 -0.9753
vn -0.0113 -0.0988 -0.9950
vn -0.0010 -0.0086 -1.0000
vn 0.0115 0.0984 -0.9951
vn 0.0023 -0.0002 1.0000
vn -0.4497 -0.1801 -0.8748
vn -0.4356 -0.1848 -0.8810
vn -0.3466 -0.1940 -0.9177
vn -0.5624 -0.1678 -0.8097
vn -0.5096 -0.1528 -0.8467
vn -0.3585 -0.1775 -0.9165
vn -0.3100 -0.2078 -0.9278
vn -0.2501 -0.2147 -0.9441
vn 0.0648 -0.7286 0.6819
vn 0.1816 -0.5754 0.7975
vn 0.2226 -0.7006 0.6779
vn -0.0845 -0.7254 0.6831
vn 0.0531 -0.6003 0.7980
vn 0.0219 0.1882 0.9819
vn -0.0406 0.4426 0.8958
vn -0.0180 0.1909 0.9814
vn -0.1381 0.4271 0.8936
vn -0.0623 0.1887 0.9801
vn -0.2074 -0.0513 0.9769
vn 0.0587 0.0669 0.9960
vn 0.0937 0.0761 0.9927
vn 0.0714 0.1004 0.9924
vn 0.0225 0.0352 0.9991
vn 0.1247 0.1512 0.9806
vn 0.2684 -0.2248 0.9367
vn 0.4151 -0.1240 0.9013
vn 0.2230 -0.1836 0.9574
vn 0.0048 -0.0081 -1.0000
vn -0.0003 -0.0108 -0.9999
vn 0.0071 -0.0126 -0.9999
vn -0.0001 -0.0068 -1.0000
vn -0.0013 -0.0100 -0.9999
vn -0.0020 -0.0144 -0.9999
vn -0.0005 -0.0153 -0.9999
vn 0.0100 -0.0178 -0.9998
vn 0.6850 -0.2374 -0.6888
vn 0.5734 -0.1538 -0.8047
vn 0.7448 -0.1602 -0.6478
vn 0.6071 -0.2816 -0.7431
vn 0.5252 -0.2262 -0.8204
vn 0.4612 -0.2679 -0.8459
vn 0.3516 -0.2125 -0.9117
vn 0.3835 -0.1405 -0.9128
vn 0.6266 -0.3890 0.6753
vn 0.5319 -0.2052 0.8216
vn 0.6764 -0.2516 0.6923
vn 0.5248 -0.5236 0.6711
vn 0.4992 -0.3180 0.8060
vn -0.1648 0.1580 0.9736
vn -0.4155 0.2544 0.8733
vn -0.2172 0.1288 0.9676
vn -0.4799 0.1762 0.8594
vn -0.2704 0.0953 0.9580
vn -0.0023 0.0003 1.0000
vn -0.0024 0.0003 1.0000
vn -0.0143 0.0019 0.9999
vn -0.0145 0.0016 0.9999
vn -0.3246 -0.0405 0.9450
vn -0.0268 0.0170 0.9995
vn -0.0504 0.0093 0.9987
vn -0.0160 0.0022 0.9999
vn -0.0030 0.0004 1.0000
vn -0.0028 0.0004 1.0000
vn 0.6767 -0.1300 0.7247
vn 0.4443 -0.0285 0.8954
vn 0.6316 -0.0340 0.7745
vn 0.5142 -0.1049 0.8512
vn -0.5330 0.1014 0.8400
vn -0.3294 0.0593 0.9423
vn -0.5821 0.0323 0.8124
vn -0.3988 0.0196 0.9168
vn -0.0894 -0.0106 0.9959
vn -0.5268 -0.1348 0.8392
vn -0.2912 -0.0684 0.9542
vn 0.1235 0.0200 0.9921
vn -0.0779 -0.0079 0.9969
vn -0.5669 -0.0726 0.8206
vn -0.7417 -0.1455 0.6547
vn -0.6518 -0.1279 0.7475
vn -0.7892 -0.2128 0.5760
vn 0.6195 -0.6150 0.4878
vn 0.7432 -0.4531 0.4923
vn 0.8061 -0.2893 0.5163
vn 0.7301 -0.4228 0.5369
vn 0.7691 -0.2566 0.5853
vn 0.8216 -0.1469 0.5508
vn 0.7721 -0.1188 0.6243
vn 0.8024 -0.0316 0.5959
vn 0.7547 -0.0104 0.6560
vn -0.0281 -0.2403 -0.9703
vn -0.1308 -0.1522 -0.9797
vn -0.1200 -0.2211 -0.9678
vn -0.1891 -0.1962 -0.9622
vn -0.1558 -0.2448 -0.9570
vn -0.0308 -0.2699 -0.9624
vn 0.3138 -0.2524 0.9153
vn 0.6407 -0.4263 0.6385
vn 0.2967 -0.1677 0.9401
vn 0.6604 -0.4792 0.5782
vn 0.6699 -0.3587 0.6501
vn 0.7845 -0.5425 0.3002
vn 0.7546 -0.5288 0.3886
vn -0.6229 0.1124 0.7742
vn -0.3046 0.0879 0.9484
vn -0.4395 0.0746 0.8951
vn -0.5167 0.1538 0.8422
vn -0.1264 0.0519 0.9906
vn 0.4599 -0.1344 0.8777
vn 0.6470 -0.2457 0.7218
vn 0.6077 -0.1757 0.7745
vn 0.3912 -0.0726 0.9174
vn 0.5727 -0.1024 0.8133
vn 0.5375 0.0299 0.8428
vn 0.6391 0.0930 0.7635
vn 0.7493 0.0539 0.6601
vn 0.6593 0.1081 0.7441
vn 0.5283 0.1342 0.8384
vn 0.5374 0.1676 0.8265
vn 0.4900 0.1134 0.8643
vn 0.3067 0.1034 0.9462
vn 0.3664 0.1323 0.9210
vn 0.4119 0.1759 0.8941
vn -0.9912 0.1282 0.0318
vn -0.9454 0.0799 -0.3161
vn -0.9960 0.0842 0.0303
vn -0.9889 0.1451 0.0318
vn -0.9404 0.1215 -0.3175
vn -0.9387 0.1376 -0.3161
vn -0.8392 0.1095 -0.5326
vn -0.8437 0.0752 -0.5315
vn -0.6310 -0.3892 0.6711
vn -0.5590 -0.1951 0.8059
vn -0.5076 -0.3195 0.8001
vn -0.6992 -0.2350 0.6753
vn -0.5650 -0.0779 0.8214
vn 0.2403 0.0754 0.9678
vn 0.5067 0.0614 0.8599
vn 0.4622 0.1522 0.8736
vn 0.1963 0.1158 0.9737
vn 0.4008 0.2435 0.8832
vn -0.2747 0.1735 0.9457
vn -0.4838 0.2553 0.8371
vn -0.3263 0.2157 0.9203
vn -0.4514 0.2261 0.8632
vn -0.6172 0.2593 0.7428
vn -0.6752 0.2408 0.6972
vn -0.6012 0.2399 0.7623
vn -0.7171 0.2261 0.6593
vn -0.7884 0.1542 0.5956
vn -0.7369 0.1638 0.6558
vn 0.2666 -0.1356 0.9542
vn 0.5665 -0.3513 0.7454
vn 0.4801 -0.2557 0.8391
vn 0.4064 -0.2444 0.8804
vn 0.7357 -0.4715 0.4863
vn 0.7179 -0.3922 0.5751
vn -0.8334 0.0457 0.5508
vn -0.6886 0.0288 0.7245
vn -0.8509 -0.0968 0.5163
vn -0.8074 -0.0734 0.5854
vn -0.7787 0.0617 0.6244
vn -0.8075 -0.2441 0.5370
vn -0.7161 -0.0898 0.6922
vn -0.8273 -0.2706 0.4923
vn -0.7441 -0.4564 0.4878
vn -0.4080 0.0610 0.9109
vn -0.6256 0.0914 0.7747
vn -0.4030 0.0587 0.9133
vn -0.6326 0.0947 0.7687
vn -0.9792 0.1435 0.1437
vn -0.9884 0.1486 0.0313
vn -0.9783 0.1471 0.1459
vn -0.9785 0.1435 0.1482
vn -0.6034 -0.6183 0.5036
vn -0.5177 -0.5282 0.6731
vn -0.4343 -0.7304 0.5271
vn -0.2439 -0.7434 0.6227
vn -0.3776 -0.6307 0.6779
vn -0.2633 -0.7970 0.5436
vn -0.2305 -0.6942 0.6819
vn -0.0967 -0.8304 0.5488
vn -0.0898 -0.7715 0.6298
vn -0.6524 0.0458 0.7565
vn -0.6459 0.0286 0.7629
vn -0.9974 0.0423 0.0591
vn -0.9849 0.0428 0.1675
vn -0.9965 0.0692 0.0477
vn -0.6548 -0.1321 -0.7441
vn -0.5628 -0.0983 -0.8207
vn -0.7209 -0.0723 -0.6893
vn -0.5933 -0.0174 -0.8048
vn -0.4055 -0.0482 -0.9128
vn -0.3907 -0.1251 -0.9120
vn -0.6572 -0.0378 0.7528
vn -0.6163 0.0735 0.7841
vn -0.5798 0.1618 0.7985
vn 0.6360 -0.1153 0.7630
vn 0.6239 -0.1233 0.7717
vn 0.6458 -0.1029 0.7565
vn 0.9700 -0.1770 0.1666
vn 0.9863 -0.1579 0.0471
vn 0.9819 -0.1802 0.0581
vn 0.9640 -0.1943 0.1817
vn 0.9775 -0.1979 0.0728
vn 0.5805 -0.1608 0.7982
vn 0.7513 -0.2985 0.5886
vn 0.9346 -0.2668 0.2352
vn 0.9137 -0.3665 0.1758
vn 0.8472 -0.4730 0.2420
vn 0.0731 -0.8361 0.5436
vn 0.2549 -0.8107 0.5271
vn 0.0666 -0.7796 0.6227
vn 0.2362 -0.7649 0.5993
vn 0.4453 -0.7403 0.5036
vn 0.3825 -0.6329 0.6731
vn 0.6327 -0.0938 0.7687
vn 0.6198 -0.1620 0.7679
vn 0.9090 -0.3840 0.1619
vn 0.9707 -0.2383 0.0300
vn 0.9617 -0.2331 0.1442
vn 0.9887 -0.1469 0.0303
vn 0.1179 0.2279 0.9665
vn 0.1567 0.2529 0.9547
vn 0.1862 0.2012 0.9617
vn 0.0797 0.1779 0.9808
vn 0.0233 0.1896 0.9816
vn 0.0963 -0.0123 0.9953
vn 0.4233 -0.0564 0.9043
vn -0.4528 -0.1410 0.8804
vn -0.7225 -0.2639 0.6390
vn -0.3283 -0.0926 0.9400
vn -0.6331 -0.2071 0.7459
vn -0.8256 -0.2842 0.4875
vn -0.8563 -0.3373 0.3912
vn 0.6526 -0.0883 0.7526
vn 0.9800 -0.1321 0.1488
vn 0.9902 -0.1340 0.0393
vn 0.9754 -0.1555 0.1562
vn -0.3276 -0.2958 0.8973
vn -0.0557 -0.0495 0.9972
vn -0.3191 -0.1414 0.9371
vn -0.1526 -0.2522 0.9556
vn -0.0319 0.0037 -0.9995
vn -0.0064 -0.0000 -1.0000
vn -0.0055 0.0005 -1.0000
vn -0.0332 0.0027 -0.9994
vn -0.0085 -0.0010 -1.0000
vn -0.0022 -0.0015 -1.0000
vn -0.0012 -0.0005 -1.0000
vn -0.0008 -0.0001 -1.0000
vn 0.0296 -0.0030 -0.9996
vn 0.0046 -0.0004 -1.0000
vn 0.0297 -0.0026 -0.9996
vn 0.0047 -0.0006 -1.0000
vn 0.0046 -0.0005 -1.0000
vn 0.0005 -0.0000 -1.0000
vn 0.0020 0.0033 1.0000
vn -0.0000 -0.0000 -1.0000
vn 0.0002 -0.0004 -1.0000
vn -0.0000 -0.0003 -1.0000
vn 0.0005 -0.0001 -1.0000
vn 0.0006 -0.0004 -1.0000
vn -0.7528 -0.3143 0.5784
vn -0.7335 -0.1997 0.6497
vn -0.3654 -0.1747 0.9143
vn -0.8871 -0.3473 0.3040
vn -0.9307 -0.2709 0.2460
vn 0.0315 0.2790 0.9598
vn 0.0285 0.2515 0.9674
vn 0.1915 0.2495 0.9492
vn 0.3122 0.2163 0.9251
vn 0.2496 0.2224 0.9425
vn 0.6078 -0.1345 0.7826
vn 0.9706 -0.2219 0.0936
vn 0.9550 -0.2164 0.2028
vn 0.9530 -0.2755 0.1261
vn -0.1772 -0.3834 0.9064
vn -0.0447 -0.3841 0.9222
vn -0.6335 -0.5894 0.5012
vn -0.4706 -0.8532 0.2249
vn -0.7457 -0.6653 0.0358
vn -0.4638 -0.8834 0.0671
vn -0.1116 -0.9584 0.2625
vn -0.1153 -0.9899 0.0823
vn 0.0025 0.0113 0.9999
vn 0.0004 0.0108 0.9999
vn 0.3305 -0.2901 0.8981
vn 0.5073 -0.2566 0.8226
vn 0.5766 0.6093 -0.5443
vn 0.3445 0.5751 -0.7420
vn 0.4070 0.6986 -0.5885
vn 0.7291 0.4552 -0.5110
vn 0.4906 0.5308 -0.6911
vn 0.6599 0.4094 -0.6300
vn 0.4059 0.3939 -0.8247
vn 0.2848 0.3779 -0.8810
vn 0.5334 -0.2416 0.8106
vn 0.6828 -0.4977 0.5348
vn 0.4811 -0.7192 0.5012
vn 0.7997 -0.5989 0.0435
vn 0.9188 -0.3928 0.0390
vn -0.0904 0.0133 0.9958
vn -0.0883 0.0127 0.9960
vn -0.0152 0.0022 0.9999
vn -0.0159 0.1174 0.9930
vn 0.0147 0.1147 0.9933
vn -0.0066 0.0603 0.9982
vn -0.0439 0.1122 0.9927
vn 0.2483 0.1814 0.9516
vn 0.3397 0.1988 0.9193
vn 0.2920 0.1595 0.9430
vn 0.2019 0.1243 0.9715
vn 0.1761 0.1444 0.9737
vn -0.4032 0.0529 0.9136
vn -0.0878 0.0116 0.9961
vn -0.0146 0.0020 0.9999
vn -0.0663 0.0077 0.9978
vn -0.2293 -0.1537 -0.9611
vn -0.2304 -0.0727 -0.9704
vn -0.0210 -0.1836 -0.9828
vn -0.2147 -0.2094 -0.9540
vn -0.2000 0.2342 0.9514
vn -0.2471 0.2237 0.9428
vn -0.0026 0.0003 1.0000
vn -0.0021 0.0311 0.9995
vn -0.0705 0.0922 0.9932
vn -0.1823 0.1534 0.9712
vn -0.1129 0.0982 0.9887
vn -0.0758 -0.6511 0.7552
vn 0.0603 -0.6575 0.7510
vn -0.1896 -0.5721 0.7980
vn -0.0697 -0.5983 0.7982
vn -0.3089 -0.5183 0.7975
vn 0.0614 0.1816 0.9814
vn 0.2325 0.3839 0.8936
vn 0.1412 0.4214 0.8958
vn 0.0512 0.4398 0.8966
vn 0.0906 0.0743 0.9931
vn 0.2129 0.1064 0.9713
vn 0.1328 0.0692 0.9887
vn 0.0314 -0.0031 -0.9995
vn 0.0055 -0.0008 -1.0000
vn 0.0319 -0.0037 -0.9995
vn 0.0308 -0.0027 -0.9995
vn 0.0051 -0.0005 -1.0000
vn 0.0049 -0.0004 -1.0000
vn 0.0006 -0.0001 -1.0000
vn 0.0007 -0.0002 -1.0000
vn 0.1952 -0.2679 -0.9435
vn 0.1302 -0.2784 -0.9516
vn 0.2549 -0.2752 -0.9270
vn 0.0967 -0.2747 -0.9567
vn -0.0305 -0.2696 -0.9625
vn -0.0273 -0.2403 -0.9703
vn 0.1619 -0.2541 -0.9535
vn 0.3087 -0.2566 -0.9159
vn 0.8107 0.0843 -0.5793
vn 0.6099 -0.0585 -0.7903
vn 0.6517 0.0489 -0.7569
vn 0.7853 -0.0492 -0.6171
vn -0.1891 -0.2404 -0.9521
vn 0.0348 0.2989 -0.9537
vn 0.1962 0.2102 -0.9578
vn 0.0600 0.5149 -0.8552
vn 0.1641 0.3274 -0.9305
vn 0.1878 0.4764 -0.8589
vn -0.0362 0.0013 -0.9993
vn -0.0125 -0.0030 -0.9999
vn -0.0422 -0.0010 -0.9991
vn -0.0191 -0.0061 -0.9998
vn -0.0067 -0.0067 -1.0000
vn -0.0040 -0.0035 -1.0000
vn -0.7616 0.0157 -0.6479
vn -0.6071 0.0832 -0.7903
vn -0.7698 0.2680 -0.5793
vn -0.7757 0.1324 -0.6171
vn -0.6231 0.1971 -0.7569
vn -0.4047 0.0370 -0.9137
vn 0.5091 -0.2959 -0.8082
vn 0.3964 -0.2821 -0.8736
vn 0.3821 -0.2826 -0.8799
vn 0.2935 -0.2709 -0.9168
vn -0.0009 -0.0035 -1.0000
vn -0.0004 -0.0015 -1.0000
vn -0.0016 -0.0066 -1.0000
vn -0.0008 -0.0062 -1.0000
vn -0.0004 -0.0033 -1.0000
vn -0.0002 -0.0014 -1.0000
vn 0.8094 0.2552 -0.5289
vn 0.7090 0.1839 -0.6808
vn 0.5469 0.1418 -0.8251
vn 0.5644 0.3413 -0.7516
vn -0.0306 0.0044 -0.9995
vn -0.0051 0.0007 -1.0000
vn -0.0049 0.0007 -1.0000
vn -0.0312 0.0042 -0.9995
vn -0.0006 -0.0000 -1.0000
vn -0.0005 0.0001 -1.0000
vn 0.2455 0.7514 -0.6124
vn 0.0760 0.6527 -0.7538
vn 0.0908 0.7795 -0.6197
vn 0.2092 0.6279 -0.7496
vn -0.0398 0.0766 0.9963
vn -0.0001 -0.0001 -1.0000
vn -0.0000 -0.0001 -1.0000
vn -0.7293 0.4341 -0.5289
vn -0.5483 0.5500 -0.6300
vn -0.6479 0.3417 -0.6808
vn -0.4710 0.4617 -0.7517
vn -0.4997 0.2635 -0.8251
vn -0.4077 0.1339 -0.9033
vn -0.0025 -0.0105 -0.9999
vn -0.0102 -0.0107 -0.9999
vn -0.0037 -0.0149 -0.9999
vn -0.2356 0.7734 -0.5885
vn -0.0593 0.6592 -0.7496
vn -0.2031 0.6389 -0.7420
vn -0.0663 0.7878 -0.6124
vn -0.0733 0.5068 -0.8589
vn -0.1903 0.4332 -0.8810
vn -0.6052 0.6104 -0.5110
vn -0.3555 0.6293 -0.6911
vn -0.4212 0.7254 -0.5443
vn -0.3046 0.4765 -0.8247
vn -0.2136 0.0890 -0.9729
vn -0.1427 0.2497 -0.9578
vn -0.2634 0.2329 -0.9362
vn -0.2186 0.1930 -0.9565
vn -0.0000 -0.0002 -1.0000
vn -0.6442 0.2446 0.7247
vn -0.3345 0.3291 0.8831
vn -0.5676 0.3568 0.7419
vn -0.8449 0.5309 0.0653
vn -0.6978 0.7061 -0.1207
vn -0.8388 0.5299 -0.1255
vn -0.9246 0.3531 -0.1432
vn -0.9336 0.3549 0.0499
vn 0.0408 -0.0104 -0.9991
vn 0.0170 -0.0101 -0.9998
vn 0.0500 -0.0153 -0.9986
vn 0.0355 -0.0070 -0.9993
vn 0.0114 -0.0057 -0.9999
vn 0.0080 -0.0029 -1.0000
vn 0.0030 -0.0043 -1.0000
vn -0.0244 -0.0214 -0.9995
vn -0.0028 -0.0022 -1.0000
vn -0.0103 -0.0183 -0.9998
vn -0.0289 -0.0044 -0.9996
vn -0.0240 -0.0085 -0.9997
vn -0.0003 -0.0003 -1.0000
vn -0.0046 -0.0011 -1.0000
vn -0.0007 -0.0002 -1.0000
vn -0.0003 -0.0023 -1.0000
vn -0.0021 -0.0184 -0.9998
vn -0.0032 -0.0239 -0.9997
vn -0.0145 -0.0151 -0.9998
vn -0.0077 -0.0240 -0.9997
vn -0.0228 -0.0236 -0.9995
vn 0.0537 -0.1063 -0.9929
vn 0.0402 -0.1824 -0.9824
vn 0.0914 -0.1771 -0.9799
vn 0.0288 -0.0524 -0.9982
vn 0.0196 -0.1064 -0.9941
vn 0.0069 -0.0501 -0.9987
vn 0.5729 -0.8189 0.0357
vn 0.2388 -0.9065 -0.3482
vn 0.5422 -0.7705 -0.3353
vn 0.2484 -0.9663 0.0671
vn -0.1082 -0.9292 -0.3535
vn -0.0924 -0.7933 -0.6018
vn 0.2187 -0.7752 -0.5926
vn 0.4924 -0.6583 -0.5693
vn -0.0295 0.0043 -0.9996
vn -0.0047 0.0007 -1.0000
vn -0.0046 0.0007 -1.0000
vn -0.0300 0.0045 -0.9995
vn 0.0010 -0.0249 -0.9997
vn 0.0158 -0.0277 -0.9995
vn 0.9464 -0.0784 -0.3134
vn 0.9471 -0.0821 -0.3103
vn 0.9961 -0.0825 0.0312
vn 0.9452 -0.0817 -0.3161
vn 0.8450 -0.0729 -0.5298
vn 0.8478 -0.0703 -0.5257
vn 0.8502 -0.0738 -0.5213
vn -0.9590 0.0394 -0.2805
vn -0.9543 0.0656 -0.2916
vn -0.9644 0.0158 -0.2641
vn -0.8779 0.0134 -0.4786
vn -0.8688 0.0351 -0.4939
vn -0.8619 0.0589 -0.5037
vn -0.0005 -0.0000 -1.0000
vn -0.2204 0.0152 -0.9753
vn -0.0525 -0.0040 -0.9986
vn -0.0282 -0.0098 -0.9996
vn -0.0674 -0.0079 -0.9977
vn -0.0395 -0.0145 -0.9991
vn -0.0001 -0.0005 -1.0000
vn -0.0000 -0.0005 -1.0000
vn -0.0000 -0.0016 -1.0000
vn 0.0010 -0.0007 -1.0000
vn 0.0017 -0.0020 -1.0000
vn -0.0000 -0.0036 -1.0000
vn -0.1307 0.2878 0.9487
vn 0.0303 -0.0041 -0.9995
vn 0.0050 -0.0011 -1.0000
vn 0.0309 -0.0069 -0.9995
vn 0.0042 -0.0021 -1.0000
vn 0.0122 0.0041 0.9999
vn 0.0883 0.0454 0.9951
vn 0.4338 0.1908 0.8806
vn -0.0295 0.0039 -0.9996
vn -0.0047 0.0005 -1.0000
vn -0.0304 0.0030 -0.9995
vn -0.0045 0.0006 -1.0000
vn 0.0271 -0.0109 -0.9996
vn 0.0023 -0.0028 -1.0000
vn 0.0188 -0.0264 -0.9995
vn 0.0215 -0.0138 -0.9997
vn 0.0058 -0.0201 -0.9998
vn -0.7322 0.0443 0.6797
vn -0.6963 0.1385 0.7043
vn -0.9664 0.1945 -0.1680
vn -0.9799 0.1971 0.0316
vn -0.9781 0.0621 -0.1986
vn -0.9978 0.0654 0.0129
vn -0.3977 -0.1730 -0.9011
vn -0.3396 -0.1695 -0.9252
vn -0.2484 -0.1380 -0.9588
vn -0.5050 -0.2039 -0.8387
vn -0.4832 -0.1880 -0.8551
vn -0.8093 -0.2853 -0.5134
vn -0.5888 -0.1836 -0.7871
vn 0.0662 -0.2425 -0.9679
vn 0.1393 -0.2346 -0.9620
vn -0.0317 0.0003 -0.9995
vn -0.0051 0.0001 -1.0000
vn -0.0107 0.0073 0.9999
vn -0.9511 -0.1862 0.2465
vn -0.9490 -0.2569 0.1827
vn -0.6875 -0.0881 0.7208
vn -0.9478 -0.1213 -0.2947
vn -0.9127 -0.1841 -0.3648
vn -0.8643 -0.2388 -0.4427
vn -0.8779 0.1670 -0.4489
vn -0.8713 0.0433 -0.4889
vn -0.8529 0.3171 -0.4147
vn -0.7817 0.4883 -0.3879
vn -0.6499 0.6574 -0.3814
vn 0.8793 -0.4058 0.2494
vn 0.7429 -0.2827 0.6068
vn 0.6861 -0.3174 0.6546
vn 0.8619 -0.4723 0.1847
vn 0.8447 -0.3939 -0.3624
vn 0.8940 -0.3393 -0.2927
vn 0.9362 -0.3495 -0.0370
vn 0.7311 -0.2100 0.6492
vn 0.7216 -0.1253 0.6809
vn 0.9340 -0.2662 -0.2384
vn 0.9626 -0.2707 -0.0078
vn 0.9663 -0.1648 -0.1979
vn 0.9860 -0.1661 0.0138
vn -0.6955 -0.1606 -0.7004
vn -0.7802 -0.1176 -0.6144
vn -0.8382 -0.0516 -0.5429
vn -0.9699 -0.0427 -0.2397
vn 0.7086 -0.0250 0.7052
vn 0.6825 0.0904 0.7253
vn 0.5409 -0.0236 0.8407
vn 0.9989 -0.0330 0.0320
vn 0.9853 -0.0324 -0.1678
vn 0.9900 0.1315 0.0501
vn 0.9809 0.1318 -0.1431
vn 0.6339 0.2170 0.7423
vn 0.5570 0.3456 0.7552
vn 0.9441 0.3231 0.0654
vn 0.9379 0.3234 -0.1254
vn 0.8412 0.5271 -0.1207
vn 0.8461 0.5282 0.0709
vn 0.8580 -0.1586 -0.4885
vn 0.8040 -0.2444 -0.5421
vn 0.7323 -0.2967 -0.6129
vn 0.6399 -0.3203 -0.6985
vn 0.7840 -0.4369 -0.4411
vn 0.5303 -0.3185 -0.7857
vn -0.2388 0.3893 0.8896
vn -0.4630 0.4643 0.7550
vn -0.3356 0.5535 0.7622
vn -0.5130 0.8560 0.0634
vn -0.2979 0.9430 -0.1483
vn -0.5090 0.8508 -0.1305
vn -0.7023 0.7083 0.0709
vn 0.0744 0.6387 0.7659
vn 0.2043 0.6099 0.7657
vn 0.5116 0.8579 0.0485
vn 0.3108 0.9364 -0.1629
vn 0.3145 0.9486 0.0357
vn 0.1140 0.9791 -0.1681
vn 0.1156 0.9928 0.0311
vn 0.7834 0.4907 -0.3814
vn 0.8729 0.2960 -0.3879
vn 0.9029 0.1132 -0.4147
vn 0.8928 -0.0389 -0.4488
vn -0.0587 0.6405 0.7657
vn -0.1973 0.6130 0.7650
vn -0.0881 0.9955 0.0357
vn -0.0873 0.9828 -0.1629
vn -0.3008 0.9525 0.0485
vn 0.1030 0.8848 -0.4544
vn 0.5066 0.8493 -0.1483
vn 0.2796 0.8492 -0.4479
vn 0.4595 0.7785 -0.4275
vn 0.6360 0.6603 -0.3994
vn 0.6908 0.7111 -0.1305
vn 0.9372 -0.2752 -0.2145
vn 0.9446 -0.2189 -0.2446
vn 0.9443 -0.1932 -0.2664
vn 0.8646 -0.2019 -0.4601
vn 0.8645 -0.2550 -0.4331
vn 0.8626 -0.4937 -0.1104
vn 0.9119 -0.3729 -0.1712
vn 0.8501 -0.3457 -0.3972
vn 0.8165 -0.4604 -0.3484
vn -0.4673 0.7887 -0.3994
vn -0.2683 0.8633 -0.4275
vn -0.0770 0.8908 -0.4479
vn -0.9280 -0.3714 -0.0291
vn -0.9522 -0.2882 -0.1008
vn -0.9255 -0.3763 0.0424
vn -0.9012 -0.3693 -0.2268
vn -0.8926 -0.3539 -0.2793
vn -0.9032 -0.2664 -0.3364
vn 0.3796 -0.1548 -0.9121
vn 0.2698 -0.1519 -0.9509
vn 0.3860 -0.2193 -0.8960
vn 0.3669 -0.1091 -0.9238
vn 0.2537 -0.1043 -0.9617
vn 0.2374 -0.0731 -0.9686
vn 0.0991 -0.0487 -0.9939
vn 0.1222 -0.0803 -0.9893
vn -0.9890 0.1449 0.0310
vn -0.9391 0.1411 -0.3134
vn -0.9406 0.1377 -0.3102
vn -0.8413 0.1263 -0.5257
vn -0.8391 0.1232 -0.5298
vn 0.2044 -0.0442 -0.9779
vn 0.3474 -0.0844 -0.9339
vn 0.3303 -0.0681 -0.9414
vn 0.0634 -0.0219 -0.9977
vn 0.2201 -0.0558 -0.9739
vn 0.0801 -0.0316 -0.9963
vn 0.0344 -0.0224 -0.9992
vn 0.0248 -0.0156 -0.9996
vn 0.9467 -0.1070 -0.3037
vn 0.9473 -0.0913 -0.3071
vn 0.8518 -0.0822 -0.5174
vn 0.8525 -0.0964 -0.5138
vn -0.2992 0.0448 -0.9531
vn -0.1752 0.0256 -0.9842
vn -0.2962 0.0433 -0.9541
vn -0.3028 0.0441 -0.9520
vn -0.1768 0.0265 -0.9839
vn -0.1789 0.0260 -0.9835
vn -0.1807 0.0246 -0.9832
vn -0.3060 0.0416 -0.9511
vn -0.1823 0.0216 -0.9830
vn 0.0659 -0.0614 -0.9959
vn 0.0469 -0.0348 -0.9983
vn 0.3074 -0.0297 -0.9511
vn 0.1824 -0.0207 -0.9830
vn 0.3088 -0.0351 -0.9505
vn 0.3049 -0.0266 -0.9520
vn 0.1816 -0.0176 -0.9832
vn 0.1801 -0.0158 -0.9835
vn 0.1782 -0.0149 -0.9839
vn 0.0302 -0.0026 -0.9995
vn 0.3015 -0.0251 -0.9531
vn 0.1764 -0.0153 -0.9842
vn -0.9500 0.0910 -0.2988
vn -0.9461 0.1130 -0.3036
vn -0.8565 0.0818 -0.5097
vn -0.8519 0.1017 -0.5137
vn -0.3086 0.0367 -0.9505
vn -0.1842 0.0173 -0.9827
vn -0.3114 0.0295 -0.9498
vn -0.1881 0.0121 -0.9821
vn -0.3161 0.0210 -0.9485
vn -0.1958 0.0063 -0.9806
vn -0.3247 0.0120 -0.9457
vn -0.2090 0.0004 -0.9779
vn -0.9384 -0.3264 0.1134
vn 0.3188 -0.0603 -0.9459
vn 0.3125 -0.0509 -0.9486
vn 0.1923 -0.0374 -0.9806
vn 0.1860 -0.0308 -0.9821
vn 0.1834 -0.0252 -0.9827
vn 0.0329 -0.0049 -0.9994
vn 0.3099 -0.0424 -0.9498
vn 0.9442 -0.1518 -0.2923
vn 0.9456 -0.1283 -0.2991
vn 0.8525 -0.1158 -0.5097
vn 0.8528 -0.1373 -0.5038
vn -0.1219 -0.0893 -0.9885
vn -0.1826 -0.1415 -0.9730
vn -0.0800 -0.0456 -0.9957
vn -0.1398 -0.0516 -0.9888
vn -0.1830 -0.0931 -0.9787
vn -0.4325 -0.1296 -0.8923
vn -0.3397 -0.1373 -0.9304
vn -0.3025 -0.0889 -0.9490
vn -0.4584 -0.1807 -0.8702
vn 0.4537 0.4615 0.7623
vn 0.3328 0.5513 0.7650
vn 0.3217 0.3240 0.8897
vn 0.6959 0.7153 0.0634
vn 0.7555 -0.5709 -0.3215
vn 0.8730 -0.3735 -0.3136
vn 0.6841 -0.4856 -0.5443
vn 0.7868 -0.3161 -0.5301
vn -0.1107 -0.2164 -0.9700
vn -0.0168 -0.1439 -0.9895
vn -0.0270 -0.2320 -0.9723
vn -0.1979 -0.1831 -0.9630
vn -0.0758 -0.1328 -0.9882
vn -0.1346 -0.1107 -0.9847
vn -0.1657 -0.0619 -0.9842
vn -0.2584 -0.1154 -0.9591
vn -0.2896 -0.0528 -0.9557
vn -0.1803 -0.0249 -0.9833
vn 0.9432 -0.0978 -0.3175
vn 0.9384 -0.1395 -0.3161
vn 0.8384 -0.1207 -0.5315
vn 0.8419 -0.0862 -0.5326
vn 0.2698 -0.1179 -0.9557
vn 0.1470 -0.0983 -0.9842
vn 0.1697 -0.0657 -0.9833
vn 0.2250 -0.1716 -0.9591
vn 0.1056 -0.1387 -0.9847
vn 0.1506 -0.2237 -0.9630
vn 0.0432 -0.1466 -0.9882
vn 0.0580 -0.2360 -0.9700
vn -0.9995 -0.0089 0.0300
vn -0.9355 -0.1629 -0.3136
vn -0.9845 -0.1712 0.0390
vn -0.9497 -0.0080 -0.3130
vn -0.8492 0.0029 -0.5280
vn -0.8384 -0.1268 -0.5301
vn -0.6331 -0.0303 0.7735
vn -0.7893 -0.1017 0.6055
vn -0.7610 -0.0350 0.6478
vn -0.9991 -0.0405 -0.0093
vn -0.9918 -0.1216 -0.0393
vn 0.2982 -0.0259 -0.9541
vn 0.1757 -0.0178 -0.9843
vn 0.2960 -0.0307 -0.9547
vn 0.1775 -0.0248 -0.9838
vn 0.2961 -0.0441 -0.9542
vn 0.1792 -0.0404 -0.9830
vn 0.2926 -0.0728 -0.9535
vn -0.9903 0.1353 0.0318
vn -0.9429 0.1287 -0.3071
vn -0.8479 0.1157 -0.5173
vn -0.8444 0.1235 -0.5212
vn -0.3015 -0.0037 -0.9535
vn -0.2983 0.0251 -0.9542
vn -0.1837 0.0019 -0.9830
vn -0.1785 0.0166 -0.9838
vn -0.1751 0.0230 -0.9843
vn -0.2951 0.0381 -0.9547
vn -0.4407 -0.8274 -0.3482
vn -0.7047 -0.6253 -0.3353
vn -0.3910 -0.7043 -0.5926
vn 0.8349 -0.5390 0.1118
vn 0.8122 -0.5822 0.0372
vn 0.7184 -0.4682 -0.5144
vn -0.3392 0.0034 -0.9407
vn -0.2277 -0.0074 -0.9737
vn -0.3604 -0.0080 -0.9328
vn -0.2503 -0.0215 -0.9679
vn -0.0863 -0.0140 -0.9962
vn -0.1094 -0.0264 -0.9936
vn -0.3853 -0.0302 -0.9223
vn -0.2747 -0.0476 -0.9604
vn -0.4099 -0.0708 -0.9094
vn 0.9225 -0.2260 -0.3130
vn 0.8272 -0.1923 -0.5280
vn 0.1440 -0.1790 -0.9732
vn 0.2111 -0.2352 -0.9488
vn 0.2909 -0.2450 -0.9249
vn 0.2082 -0.1911 -0.9592
vn 0.4403 -0.3148 -0.8409
vn 0.4251 -0.2970 -0.8550
vn 0.3438 -0.2596 -0.9025
vn 0.2946 -0.2090 -0.9325
vn 0.1543 -0.1310 -0.9793
vn 0.3990 -0.2778 -0.8739
vn 0.0963 -0.1134 -0.9889
vn 0.1351 0.1079 0.9849
vn -0.0002 -0.0005 -1.0000
vn 0.1883 -0.2030 -0.9609
vn -0.0549 -0.0239 -0.9982
vn -0.9159 -0.3991 0.0435
vn -0.8664 -0.3821 -0.3215
vn -0.7773 -0.3154 -0.5443
vn -0.6305 -0.5275 -0.5693
vn 0.0062 -0.0014 -1.0000
vn 0.0048 -0.0004 -1.0000
vn -0.2592 -0.1792 -0.9491
vn -0.7155 -0.1747 0.6765
vn 0.4207 -0.4274 0.8002
vn 0.3092 -0.5176 0.7978
vn -0.1119 0.1785 0.9776
vn -0.5279 0.2355 0.8160
vn 0.6563 -0.3342 0.6764
vn 0.6311 -0.1876 0.7527
vn -0.2098 -0.6261 0.7510
vn 0.6168 -0.0701 0.7840
vn 0.1339 0.0208 0.9908
vn 0.3157 0.0150 0.9488
vn -0.4799 -0.0242 0.8770
vn -0.1164 0.0486 0.9920
vn 0.0733 -0.0257 0.9970
vn 0.0837 -0.0311 0.9960
vn 0.6029 -0.2774 0.7480
vn 0.5333 -0.2025 0.8213
vn -0.5248 0.0159 0.8510
vn 0.3330 -0.0178 0.9428
vn 0.2840 0.0307 0.9583
vn -0.4199 -0.4327 0.7978
vn 0.1497 0.1479 0.9776
vn 0.1039 0.1693 0.9801
vn -0.6251 0.0815 0.7762
vn -0.6373 0.0540 0.7687
vn -0.9806 0.1271 0.1490
vn -0.9856 0.0846 0.1461
vn -0.6404 -0.0153 0.7679
vn -0.5746 -0.1126 0.8106
vn -0.9895 -0.0059 0.1442
vn -0.9729 -0.1649 0.1619
vn -0.6415 0.0935 0.7614
vn -0.6494 0.0883 0.7553
vn -0.9806 0.1341 0.1430
vn 0.6374 -0.0531 0.7687
vn 0.9859 -0.0816 0.1459
vn 0.9859 -0.0853 0.1437
vn -0.6030 -0.0354 0.7969
vn -0.7987 -0.1291 0.5877
vn -0.9706 -0.1603 0.1798
vn -0.9693 -0.0638 0.2376
vn -0.7789 -0.3276 0.5348
vn 0.0843 -0.4139 0.9064
vn 0.2620 -0.9385 0.2249
vn -0.9723 -0.1675 -0.1629
vn -0.9753 -0.0720 -0.2087
vn -0.9089 -0.1538 -0.3876
vn -0.9019 -0.0670 -0.4267
vn 0.9435 -0.1742 -0.2820
vn 0.8548 -0.1583 -0.4942
vn 0.8591 -0.1773 -0.4802
vn -0.9704 -0.0148 -0.2411
vn -0.8897 -0.0148 -0.4563
vn 0.8176 -0.5745 -0.0376
vn 0.7847 -0.5476 -0.2905
vn 0.7888 -0.5684 -0.2339
vn 0.0451 0.1113 0.9928
vn 0.3099 0.1662 -0.9361
vn 0.3845 0.2137 -0.8980
vn 0.2571 0.1376 -0.9565
vn -0.3251 0.2963 -0.8981
vn -0.0845 0.3563 -0.9305
vt 0.500019 0.000000
vt 0.625486 0.000000
vt 0.630480 0.000000
vt 0.500020 0.000000
vt 0.619899 0.000000
vt 0.741814 0.000000
vt 0.749993 0.000000
vt 0.757303 0.000000
vt 0.818327 0.827463
vt 0.791308 0.804615
vt 0.832026 0.785353
vt 0.751656 0.783567
vt 0.775159 0.844048
vt 0.690822 0.845229
vt 0.832026 0.785352
vt 0.751655 0.783567
vt 0.811144 0.712890
vt 0.590435 0.864467
vt 0.614649 0.788722
vt 0.499803 0.866035
vt 0.567362 0.819017
vt 0.590435 0.864467
vt 0.499813 0.808239
vt 0.499863 0.723846
vt 0.766024 0.001548
vt 0.877138 0.000171
vt 0.872364 0.001351
vt 0.763332 0.000194
vt 0.873304 0.000000
vt 0.957141 0.000000
vt 0.958975 0.000222
vt 0.958376 0.002293
vt 0.500000 0.000000
vt 0.365795 0.000000
vt 0.500000 0.000000
vt 0.375940 0.000000
vt 0.375718 0.000000
vt 0.261912 0.000000
vt 0.275629 0.000000
vt 0.191850 0.375966
vt 0.115798 0.268911
vt 0.198992 0.268568
vt 0.187495 0.488727
vt 0.108444 0.376833
vt 0.104219 0.490500
vt 0.062258 0.378131
vt 0.067917 0.269440
vt 0.801045 0.269218
vt 0.875367 0.175205
vt 0.884242 0.269584
vt 0.792478 0.175090
vt 0.866141 0.100823
vt 0.918018 0.100802
vt 0.925203 0.175269
vt 0.932115 0.269964
vt 0.499970 0.488306
vt 0.673710 0.598510
vt 0.499929 0.599899
vt 0.672876 0.488679
vt 0.813323 0.600430
vt 0.676224 0.696385
vt 0.053315 0.000000
vt 0.150341 0.000000
vt 0.051831 0.000000
vt 0.053692 0.000000
vt 0.154251 0.000000
vt 0.155245 0.000000
vt 0.280166 0.000000
vt 0.274850 0.000000
vt 0.499970 0.488306
vt 0.326192 0.598020
vt 0.327089 0.488159
vt 0.323600 0.695959
vt 0.186647 0.599621
vt 0.224630 0.843678
vt 0.163472 0.844386
vt 0.181522 0.827017
vt 0.308884 0.844975
vt 0.221414 0.880651
vt 0.301523 0.900076
vt 0.206946 0.908957
vt 0.141268 0.864840
vt 0.500009 0.000000
vt 0.396048 0.000000
vt 0.500005 0.000000
vt 0.500013 0.000000
vt 0.395126 0.000000
vt 0.391496 0.000000
vt 0.280166 0.000000
vt 0.281517 0.000000
vt 0.614650 0.788722
vt 0.751655 0.783567
vt 0.676225 0.696385
vt 0.683461 0.759236
vt 0.751655 0.783568
vt 0.499813 0.808239
vt 0.385041 0.788539
vt 0.499803 0.866035
vt 0.432271 0.818933
vt 0.499813 0.808239
vt 0.409194 0.864371
vt 0.778388 0.880903
vt 0.698203 0.900232
vt 0.836401 0.844758
vt 0.858644 0.865100
vt 0.792905 0.909115
vt 0.707622 0.934518
vt 0.327089 0.488159
vt 0.187495 0.488727
vt 0.198992 0.268568
vt 0.329803 0.375653
vt 0.334140 0.268468
vt 0.499994 0.375763
vt 0.499970 0.488306
vt 0.861913 0.000000
vt 0.749993 0.000000
vt 0.741814 0.000000
vt 0.952818 0.000000
vt 0.867928 0.000000
vt 0.955101 0.000000
vt 0.873304 0.000000
vt 0.793171 0.017136
vt 0.899437 0.009069
vt 0.869651 0.020948
vt 0.939228 0.007811
vt 0.882835 0.006144
vt 0.869651 0.020948
vt 0.918563 0.021268
vt 0.606282 0.000000
vt 0.603964 0.000000
vt 0.500003 0.000000
vt 0.610865 0.000000
vt 0.728599 0.000000
vt 0.721889 0.000000
vt 0.718495 0.000000
vt 0.655314 0.100705
vt 0.777867 0.050102
vt 0.783572 0.100795
vt 0.500009 0.100603
vt 0.650809 0.050338
vt 0.500009 0.050382
vt 0.647938 0.020485
vt 0.743318 0.000000
vt 0.616313 0.000000
vt 0.621079 0.000000
vt 0.736545 0.000000
vt 0.500001 0.000000
vt 0.500000 0.000000
vt 0.500000 0.000000
vt 0.951889 0.000000
vt 0.857958 0.000000
vt 0.862374 0.000000
vt 0.951180 0.000000
vt 0.852195 0.000000
vt 0.266979 0.000000
vt 0.380143 0.000000
vt 0.258228 0.000000
vt 0.386120 0.000000
vt 0.500017 0.000000
vt 0.500019 0.000000
vt 0.246838 0.000000
vt 0.359004 0.000000
vt 0.363091 0.000000
vt 0.240084 0.000000
vt 0.354968 0.000000
vt 0.500007 0.000000
vt 0.500010 0.000000
vt 0.500013 0.000000
vt 0.948946 0.000000
vt 0.856826 0.000000
vt 0.937624 0.000000
vt 0.862991 0.000000
vt 0.746683 0.000000
vt 0.745443 0.000000
vt 0.162130 0.000000
vt 0.213219 0.000000
vt 0.143174 0.000000
vt 0.062376 0.000000
vt 0.088595 0.000000
vt 0.140983 0.000000
vt 0.948176 0.000000
vt 0.855473 0.000000
vt 0.849679 0.000000
vt 0.950375 0.000000
vt 0.861913 0.000000
vt 0.741814 0.000000
vt 0.733059 0.000000
vt 0.725179 0.000000
vt 0.052743 0.000000
vt 0.050870 0.000000
vt 0.152744 0.000000
vt 0.147807 0.000000
vt 0.278117 0.000000
vt 0.634205 0.000000
vt 0.786781 0.000000
vt 0.724371 0.000000
vt 0.673917 0.000000
vt 0.634205 0.000000
vt 0.631419 0.000000
vt 0.717600 0.000000
vt 0.779904 0.000000
vt 0.859018 0.000000
vt 0.624060 0.000000
vt 0.634205 0.000000
vt 0.738088 0.000000
vt 0.624282 0.000000
vt 0.608533 0.000000
vt 0.719854 0.000000
vt 0.725179 0.000000
vt 0.500013 0.000000
vt 0.604894 0.000000
vt 0.718495 0.000000
vt 0.670202 0.376136
vt 0.672876 0.488679
vt 0.665882 0.268862
vt 0.808181 0.376764
vt 0.812516 0.489586
vt 0.049634 0.000000
vt 0.138116 0.000000
vt 0.047192 0.000000
vt 0.144552 0.000000
vt 0.847260 0.000000
vt 0.844763 0.000000
vt 0.852194 0.000000
vt 0.949131 0.000000
vt 0.947259 0.000000
vt 0.946311 0.000000
vt 0.236704 0.000193
vt 0.361456 0.001713
vt 0.234007 0.001544
vt 0.242739 0.000000
vt 0.365171 0.000214
vt 0.369561 0.000000
vt 0.500016 0.000217
vt 0.500014 0.001738
vt 0.911405 0.000000
vt 0.837870 0.000000
vt 0.856826 0.000000
vt 0.009476 0.000000
vt 0.051831 0.000000
vt 0.009402 0.000000
vt 0.009114 0.000000
vt 0.002190 0.000000
vt 0.002211 0.000000
vt 0.990709 0.000000
vt 0.990525 0.000000
vt 0.991074 0.000000
vt 0.997946 0.000000
vt 0.997842 0.000000
vt 0.997789 0.000000
vt 0.044910 0.000000
vt 0.008212 0.000000
vt 0.042870 0.000000
vt 0.007768 0.000000
vt 0.001610 0.000000
vt 0.001723 0.000000
vt 0.001850 0.000000
vt 0.948946 0.000000
vt 0.990201 0.000000
vt 0.951889 0.000000
vt 0.985577 0.000000
vt 0.971922 0.000000
vt 0.991549 0.000000
vt 0.996451 0.000000
vt 0.813315 0.600212
vt 0.676225 0.696385
vt 0.811144 0.712890
vt 0.672835 0.486939
vt 0.673705 0.598293
vt 0.499969 0.486567
vt 0.499929 0.599682
vt 0.499863 0.723846
vt 0.623835 0.000000
vt 0.745443 0.000000
vt 0.084946 0.001736
vt 0.126618 0.124514
vt 0.137666 0.000217
vt 0.076178 0.125473
vt 0.116588 0.248115
vt 0.199792 0.247731
vt 0.209460 0.124299
vt 0.220104 0.000000
vt 0.383652 0.985730
vt 0.271711 0.977751
vt 0.275033 0.971961
vt 0.499970 0.989199
vt 0.381961 0.991624
vt 0.499994 0.995098
vt 0.381588 0.992839
vt 0.270982 0.978950
vt 0.041631 0.002289
vt 0.149264 0.003839
vt 0.117180 0.006125
vt 0.231504 0.005575
vt 0.127658 0.001346
vt 0.234007 0.001544
vt 0.117180 0.006125
vt 0.231504 0.005575
vt 0.206850 0.017086
vt 0.323600 0.695959
vt 0.248144 0.783087
vt 0.188764 0.712205
vt 0.316307 0.758865
vt 0.720657 0.000000
vt 0.623008 0.000000
vt 0.730168 0.000000
vt 0.617254 0.000000
vt 0.628150 0.000000
vt 0.738668 0.000000
vt 0.937900 0.372088
vt 0.895782 0.489653
vt 0.940853 0.492180
vt 0.931771 0.249379
vt 0.891370 0.370919
vt 0.883446 0.248726
vt 0.807921 0.370016
vt 0.812448 0.487845
vt 0.058638 0.819702
vt 0.022594 0.728412
vt 0.029625 0.725526
vt 0.108112 0.893223
vt 0.052021 0.823644
vt 0.102208 0.898084
vt 0.050615 0.824489
vt 0.021112 0.729041
vt 0.376165 0.000000
vt 0.378922 0.000000
vt 0.253318 0.000000
vt 0.254557 0.000000
vt 0.375718 0.000000
vt 0.041034 0.000222
vt 0.127658 0.001346
vt 0.122887 0.000171
vt 0.126724 0.000000
vt 0.271404 0.000000
vt 0.393724 0.000000
vt 0.389138 0.000000
vt 0.015886 0.616083
vt 0.003674 0.499531
vt 0.011417 0.498566
vt 0.008556 0.617963
vt 0.007015 0.618343
vt 0.002042 0.499467
vt 0.013337 0.174556
vt 0.002997 0.097977
vt 0.014880 0.099803
vt 0.011853 0.270161
vt 0.002671 0.172275
vt 0.002364 0.266083
vt 0.000000 0.165943
vt 0.000000 0.095486
vt 0.058638 0.819702
vt 0.121718 0.881860
vt 0.108112 0.893223
vt 0.029625 0.725526
vt 0.074155 0.810665
vt 0.046340 0.719023
vt 0.097771 0.797942
vt 0.141268 0.864840
vt 0.072896 0.710383
vt 0.033399 0.611867
vt 0.061641 0.606491
vt 0.046340 0.719023
vt 0.015886 0.616083
vt 0.011417 0.498566
vt 0.029873 0.496193
vt 0.059433 0.493183
vt 0.354968 0.000000
vt 0.500003 0.000000
vt 0.500007 0.000000
vt 0.233415 0.000000
vt 0.350941 0.000000
vt 0.226760 0.000000
vt 0.346913 0.000000
vt 0.983808 0.007135
vt 0.996656 0.019654
vt 0.984282 0.020651
vt 0.996316 0.006277
vt 0.994170 0.001621
vt 0.999912 0.005751
vt 1.000000 0.018519
vt 0.988591 0.498715
vt 0.997652 0.380784
vt 0.996328 0.499564
vt 0.989198 0.380793
vt 0.997596 0.269253
vt 0.999611 0.265812
vt 0.999443 0.379718
vt 0.997958 0.499473
vt 0.010811 0.380654
vt 0.029873 0.496193
vt 0.011853 0.270161
vt 0.030832 0.379595
vt 0.034015 0.270002
vt 0.062258 0.378131
vt 0.059433 0.493183
vt 0.067917 0.269440
vt 0.038017 0.175008
vt 0.074822 0.174899
vt 0.013337 0.174556
vt 0.014880 0.099803
vt 0.042177 0.100521
vt 0.082001 0.100579
vt 0.008452 0.000000
vt 0.025739 0.000000
vt 0.022475 0.000000
vt 0.003549 0.000000
vt 0.011890 0.000000
vt 0.007163 0.000000
vt 0.030786 0.000000
vt 0.043663 0.000000
vt 0.891871 0.893274
vt 0.947978 0.823661
vt 0.897789 0.898095
vt 0.941356 0.819784
vt 0.977407 0.728437
vt 0.978888 0.729045
vt 0.949385 0.824492
vt 0.899058 0.899113
vt 0.985125 0.099851
vt 0.961998 0.175222
vt 0.957834 0.100650
vt 0.986669 0.174635
vt 0.966004 0.270306
vt 0.932115 0.269964
vt 0.925203 0.175269
vt 0.918018 0.100802
vt 0.966004 0.270306
vt 0.937778 0.378774
vt 0.988154 0.270274
vt 0.969190 0.379968
vt 0.989198 0.380793
vt 0.970148 0.496594
vt 0.940600 0.493875
vt 0.985125 0.099851
vt 0.996726 0.047271
vt 0.996994 0.094262
vt 0.983913 0.049694
vt 1.000000 0.040762
vt 1.000000 0.052373
vt 0.988591 0.498714
vt 0.966617 0.612242
vt 0.970148 0.496594
vt 0.984121 0.616221
vt 0.953662 0.719332
vt 0.927101 0.710919
vt 0.938379 0.607139
vt 0.940600 0.493875
vt 0.953662 0.719332
vt 0.902190 0.798337
vt 0.927101 0.710919
vt 0.970377 0.725640
vt 0.925826 0.810889
vt 0.941356 0.819784
vt 0.878234 0.882003
vt 0.048821 0.000000
vt 0.009800 0.000000
vt 0.048112 0.000000
vt 0.050870 0.000000
vt 0.008705 0.000000
vt 0.008927 0.000000
vt 0.002147 0.000000
vt 0.891871 0.893274
vt 0.807724 0.929860
vt 0.818606 0.942856
vt 0.717406 0.957966
vt 0.707622 0.934518
vt 0.792905 0.909115
vt 0.607574 0.946704
vt 0.724922 0.971974
vt 0.612442 0.971343
vt 0.616293 0.985736
vt 0.499920 0.974752
vt 0.499863 0.949883
vt 0.008687 0.000000
vt 0.001986 0.000000
vt 0.002108 0.000000
vt 0.068257 0.248906
vt 0.108670 0.370113
vt 0.062135 0.371465
vt 0.104250 0.488770
vt 0.187561 0.486990
vt 0.192108 0.369237
vt 0.813323 0.600430
vt 0.887907 0.704183
vt 0.812515 0.489586
vt 0.895122 0.602734
vt 0.895814 0.491389
vt 0.938379 0.607139
vt 0.927101 0.710919
vt 0.952818 0.000000
vt 0.991315 0.000000
vt 0.991790 0.000000
vt 0.990888 0.000000
vt 0.997893 0.000000
vt 0.998015 0.000000
vt 0.998150 0.000000
vt 0.992631 0.000000
vt 0.993063 0.000204
vt 0.998551 0.000154
vt 0.999293 0.001447
vt 0.383652 0.985730
vt 0.499920 0.974752
vt 0.499970 0.989199
vt 0.275033 0.971961
vt 0.387410 0.971326
vt 0.282473 0.957926
vt 0.392170 0.946665
vt 0.499862 0.949883
vt 0.292169 0.934431
vt 0.192192 0.929779
vt 0.282473 0.957926
vt 0.181363 0.942828
vt 0.108112 0.893223
vt 0.121718 0.881860
vt 0.141268 0.864840
vt 0.911405 0.000000
vt 0.971922 0.000000
vt 0.942955 0.000000
vt 0.892561 0.000000
vt 0.948120 0.000000
vt 0.977526 0.000000
vt 0.349210 0.050252
vt 0.344707 0.100539
vt 0.222155 0.049962
vt 0.352082 0.020450
vt 0.500009 0.020859
vt 0.946311 0.000000
vt 0.845763 0.000000
vt 0.946690 0.000000
vt 0.718495 0.000000
vt 0.016090 0.049669
vt 0.003345 0.019652
vt 0.015721 0.020641
vt 0.003275 0.048164
vt 0.000000 0.046152
vt 0.000000 0.018519
vt 0.948176 0.000000
vt 0.990599 0.000000
vt 0.946690 0.000000
vt 0.997810 0.000000
vt 0.282401 0.000000
vt 0.326083 0.000000
vt 0.220096 0.000000
vt 0.368581 0.000000
vt 0.213219 0.000000
vt 0.365795 0.000000
vt 0.220096 0.000000
vt 0.140983 0.000000
vt 0.154616 0.000000
vt 0.225499 0.000000
vt 0.227127 0.000000
vt 0.153348 0.000000
vt 0.219096 0.000000
vt 0.298719 0.000000
vt 0.304900 0.000000
vt 0.306472 0.000000
vt 0.869092 0.000000
vt 0.802606 0.000000
vt 0.867985 0.000000
vt 0.802885 0.000000
vt 0.806107 0.000000
vt 0.726935 0.000000
vt 0.722568 0.000000
vt 0.619899 0.000000
vt 0.613917 0.000000
vt 0.623743 0.000000
vt 0.620833 0.000000
vt 0.621941 0.000000
vt 0.719694 0.000000
vt 0.702704 0.000000
vt 0.003685 0.006276
vt 0.005832 0.001621
vt 0.016195 0.007130
vt 0.000088 0.005751
vt 0.000707 0.001447
vt 0.500010 0.174729
vt 0.344707 0.100539
vt 0.500009 0.100603
vt 0.500007 0.268585
vt 0.339323 0.174630
vt 0.334140 0.268468
vt 0.207554 0.174631
vt 0.216454 0.100519
vt 0.992234 0.000000
vt 0.992631 0.000000
vt 0.998277 0.000000
vt 0.998391 0.000000
vt 0.380736 0.000000
vt 0.273657 0.000000
vt 0.271625 0.000000
vt 0.381921 0.000000
vt 0.374557 0.000000
vt 0.500020 0.000000
vt 0.369561 0.000000
vt 0.250051 0.000000
vt 0.248144 0.783087
vt 0.208514 0.804112
vt 0.224630 0.843678
vt 0.167857 0.784777
vt 0.793113 0.909325
vt 0.698222 0.900259
vt 0.707772 0.934735
vt 0.858891 0.865292
vt 0.778414 0.880929
vt 0.836432 0.844782
vt 0.775159 0.844048
vt 0.690822 0.845229
vt 0.817872 0.000000
vt 0.726343 0.000000
vt 0.823536 0.000000
vt 0.897939 0.000000
vt 0.048821 0.000000
vt 0.142043 0.000000
vt 0.137627 0.000000
vt 0.263456 0.000000
vt 0.500009 0.020859
vt 0.642385 0.006595
vt 0.647938 0.020485
vt 0.500011 0.006736
vt 0.638574 0.001716
vt 0.768522 0.005591
vt 0.216454 0.100519
vt 0.140181 0.050288
vt 0.133883 0.100537
vt 0.087078 0.050382
vt 0.081450 0.021219
vt 0.130366 0.020886
vt 0.051055 0.000000
vt 0.137010 0.000000
vt 0.253318 0.000000
vt 0.256683 0.000000
vt 0.044910 0.000000
vt 0.042870 0.000000
vt 0.132102 0.000000
vt 0.242739 0.000000
vt 0.499969 0.486567
vt 0.329959 0.368922
vt 0.327130 0.486422
vt 0.499994 0.369027
vt 0.334623 0.247624
vt 0.199792 0.247731
vt 0.192108 0.369237
vt 0.187561 0.486990
vt 0.783572 0.100795
vt 0.859839 0.050434
vt 0.866141 0.100823
vt 0.777867 0.050102
vt 0.869651 0.020948
vt 0.918563 0.021268
vt 0.912938 0.050496
vt 0.918018 0.100802
vt 0.378922 0.000000
vt 0.383688 0.000000
vt 0.389138 0.000000
vt 0.263456 0.000000
vt 0.634865 0.000214
vt 0.630480 0.000000
vt 0.757303 0.000000
vt 0.956831 0.021272
vt 0.918563 0.021268
vt 0.984282 0.020651
vt 0.954725 0.050376
vt 0.983913 0.049694
vt 0.409194 0.864371
vt 0.499821 0.913549
vt 0.397467 0.910794
vt 0.392170 0.946665
vt 0.618027 0.991625
vt 0.616293 0.985736
vt 0.728280 0.977753
vt 0.729017 0.978950
vt 0.618411 0.992839
vt 0.499999 0.996312
vt 0.621366 0.000000
vt 0.618485 0.000000
vt 0.726935 0.000000
vt 0.726717 0.000000
vt 0.043177 0.021243
vt 0.081450 0.021219
vt 0.045284 0.050309
vt 0.042177 0.100521
vt 0.848578 0.000000
vt 0.772886 0.000000
vt 0.845394 0.000000
vt 0.854872 0.000000
vt 0.776974 0.000000
vt 0.785056 0.000000
vt 0.697489 0.000000
vt 0.693542 0.000000
vt 0.779896 0.000000
vt 0.659539 0.124474
vt 0.790558 0.124616
vt 0.653087 0.000000
vt 0.500005 0.124347
vt 0.500004 0.247726
vt 0.665394 0.247982
vt 0.800239 0.248322
vt 0.927379 0.711041
vt 0.895150 0.602527
vt 0.887942 0.704199
vt 0.940852 0.492180
vt 0.938660 0.607002
vt 0.812448 0.487845
vt 0.220104 0.000000
vt 0.340475 0.124282
vt 0.209460 0.124299
vt 0.334623 0.247624
vt 0.614650 0.788722
vt 0.499803 0.866035
vt 0.567362 0.819017
vt 0.499813 0.808239
vt 0.148361 0.000000
vt 0.209615 0.000000
vt 0.140978 0.000000
vt 0.199075 0.000000
vt 0.279392 0.000000
vt 0.289566 0.000000
vt 0.059180 0.491498
vt 0.104860 0.601693
vt 0.104250 0.488770
vt 0.072617 0.710509
vt 0.061360 0.606360
vt 0.112032 0.703500
vt 0.186655 0.599404
vt 0.187561 0.486990
vt 0.922621 0.126414
vt 0.883446 0.248726
vt 0.931771 0.249379
vt 0.900241 0.000000
vt 0.873093 0.124807
vt 0.860483 0.000000
vt 0.790558 0.124616
vt 0.800239 0.248322
vt 0.388943 0.000000
vt 0.394479 0.000000
vt 0.382788 0.000000
vt 0.500019 0.000000
vt 0.902458 0.798499
vt 0.871501 0.785878
vt 0.832026 0.785353
vt 0.145130 0.000000
vt 0.223032 0.000000
vt 0.214947 0.000000
vt 0.151427 0.000000
vt 0.302518 0.000000
vt 0.294712 0.000000
vt 0.607653 0.946921
vt 0.499821 0.913577
vt 0.499864 0.950100
vt 0.602209 0.910893
vt 0.590435 0.864467
vt 0.499803 0.866035
vt 0.872364 0.001351
vt 0.768522 0.005591
vt 0.766024 0.001548
vt 0.850757 0.003852
vt 0.872364 0.001351
vt 0.882835 0.006144
vt 0.392051 0.000000
vt 0.396774 0.000000
vt 0.302518 0.000000
vt 0.399167 0.000000
vt 0.097503 0.798106
vt 0.163442 0.844410
vt 0.128429 0.785346
vt 0.181522 0.827017
vt 0.167857 0.784777
vt 0.188764 0.712205
vt 0.377036 0.000000
vt 0.269883 0.000000
vt 0.371892 0.000000
vt 0.292021 0.934648
vt 0.397457 0.910822
vt 0.301505 0.900103
vt 0.392093 0.946883
vt 0.409194 0.864371
vt 0.308884 0.844975
vt 0.141021 0.865034
vt 0.221388 0.880678
vt 0.206740 0.909168
vt 0.323600 0.695959
vt 0.385041 0.788538
vt 0.248144 0.783087
vt 0.323600 0.695959
vt 0.316307 0.758865
vt 0.705291 0.000000
vt 0.603232 0.000000
vt 0.697489 0.000000
vt 0.607951 0.000000
vt 0.600845 0.000000
vt 0.020868 0.729151
vt 0.100941 0.899112
vt 0.050381 0.824632
vt 0.100694 0.899306
vt 0.050347 0.824653
vt 0.020833 0.729167
vt 0.859053 0.000000
vt 0.800971 0.000000
vt 0.867266 0.000000
vt 0.851663 0.000000
vt 0.790425 0.000000
vt 0.780936 0.000000
vt 0.710476 0.000000
vt 0.720657 0.000000
vt 0.318170 0.000000
vt 0.354169 0.000000
vt 0.391079 0.000000
vt 0.201946 0.000000
vt 0.268184 0.000000
vt 0.376257 0.000000
vt 0.256313 0.000000
vt 0.297296 0.000000
vt 0.376257 0.000000
vt 0.381515 0.000000
vt 0.277432 0.000000
vt 0.386437 0.000000
vt 0.285450 0.000000
vt 0.371891 0.000000
vt 0.500016 0.000000
vt 0.261380 0.000000
vt 0.367314 0.000000
vt 0.253815 0.000000
vt 0.363091 0.000000
vt 0.759942 0.000000
vt 0.645047 0.000000
vt 0.766603 0.000000
vt 0.753197 0.000000
vt 0.641018 0.000000
vt 0.636939 0.000000
vt 0.500010 0.000000
vt 0.728375 0.000000
vt 0.617284 0.000000
vt 0.726838 0.000000
vt 0.618079 0.000000
vt 0.612949 0.000000
vt 0.718453 0.000000
vt 0.132015 0.000000
vt 0.205396 0.000000
vt 0.197394 0.000000
vt 0.137762 0.000000
vt 0.632723 0.000000
vt 0.746227 0.000000
vt 0.636939 0.000000
vt 0.994019 0.000000
vt 0.993877 0.000000
vt 0.997854 0.000000
vt 0.992837 0.000000
vt 0.972982 0.000000
vt 0.972965 0.000000
vt 0.971556 0.000000
vt 0.005926 0.000000
vt 0.006277 0.000000
vt 0.005536 0.000000
vt 0.025789 0.000000
vt 0.027552 0.000000
vt 0.029139 0.000000
vt 0.273283 0.000000
vt 0.378634 0.000000
vt 0.378059 0.000000
vt 0.273066 0.000000
vt 0.323600 0.695959
vt 0.326197 0.597803
vt 0.327130 0.486422
vt 0.186655 0.599404
vt 0.613564 0.000000
vt 0.714551 0.000000
vt 0.132770 0.000000
vt 0.189226 0.000000
vt 0.125100 0.000000
vt 0.180419 0.000000
vt 0.261380 0.000000
vt 0.600845 0.000000
vt 0.601802 0.000000
vt 0.605550 0.000000
vt 0.695123 0.000000
vt 0.693542 0.000000
vt 0.617254 0.000000
vt 0.701314 0.000000
vt 0.611094 0.000000
vt 0.605550 0.000000
vt 0.660702 0.174908
vt 0.655314 0.100705
vt 0.792478 0.175090
vt 0.665882 0.268862
vt 0.861898 0.000000
vt 0.787947 0.000000
vt 0.802885 0.000000
vt 0.841424 0.000000
vt 0.743687 0.000000
vt 0.726717 0.000000
vt 0.081450 0.021219
vt 0.036163 0.009233
vt 0.060782 0.007794
vt 0.015721 0.020640
vt 0.043177 0.021243
vt 0.060782 0.007794
vt 0.016195 0.007130
vt 0.124665 0.174730
vt 0.074822 0.174899
vt 0.082001 0.100579
vt 0.379167 0.000000
vt 0.280306 0.000000
vt 0.130909 0.000000
vt 0.197115 0.000000
vt 0.138102 0.000000
vt 0.193893 0.000000
vt 0.798054 0.000000
vt 0.645832 0.000000
vt 0.681830 0.000000
vt 0.731816 0.000000
vt 0.608921 0.000000
vt 0.623743 0.000000
vt 0.001774 0.498957
vt 0.006763 0.618349
vt 0.006727 0.618273
vt 0.001736 0.498264
vt 0.046294 0.000226
vt 0.088684 0.000036
vt 0.079297 0.000072
vt 0.003712 0.000434
vt 0.044173 0.000113
vt 0.001856 0.000217
vt 0.040686 0.000000
vt 0.084417 0.000000
vt 0.766603 0.000000
vt 0.649067 0.000000
vt 0.773249 0.000000
vt 0.158576 0.000000
vt 0.256313 0.000000
vt 0.201946 0.000000
vt 0.212054 0.000000
vt 0.983808 0.007135
vt 0.984282 0.020651
vt 0.963843 0.009245
vt 0.983808 0.007135
vt 0.956831 0.021272
vt 0.001986 0.152928
vt 0.002720 0.068723
vt 0.000000 0.258681
vt 0.000000 0.169922
vt 0.000000 0.293113
vt 0.012080 0.138536
vt 0.016131 0.007017
vt 0.031573 0.612156
vt 0.027964 0.494757
vt 0.044580 0.719778
vt 0.072617 0.710509
vt 0.061360 0.606360
vt 0.044580 0.719778
vt 0.097503 0.798106
vt 0.072617 0.710509
vt 0.072482 0.811674
vt 0.120204 0.883081
vt 0.141021 0.865034
vt 0.999611 0.265812
vt 0.999955 0.145803
vt 0.999952 0.258921
vt 0.999596 0.161548
vt 1.000000 0.035192
vt 1.000000 0.125000
vt 1.000000 0.250000
vt 0.999741 0.377557
vt 0.998226 0.498958
vt 0.999952 0.258921
vt 0.999783 0.374783
vt 0.998264 0.498264
vt 0.038171 0.128833
vt 0.043961 0.005000
vt 0.032420 0.253741
vt 0.076178 0.125473
vt 0.084946 0.001736
vt 0.028833 0.374011
vt 0.000217 0.380172
vt 0.027964 0.494757
vt 0.059180 0.491498
vt 0.993237 0.618350
vt 0.979132 0.729152
vt 0.992985 0.618349
vt 0.993273 0.618273
vt 0.979167 0.729167
vt 0.949620 0.824633
vt 0.899275 0.899282
vt 0.949653 0.824653
vt 0.899306 0.899306
vt 0.999717 0.375000
vt 0.972055 0.495123
vt 0.999471 0.251736
vt 0.971175 0.373483
vt 0.967786 0.250437
vt 0.931771 0.249379
vt 0.962819 0.132091
vt 0.967786 0.250437
vt 0.998477 0.136791
vt 0.997881 0.061343
vt 0.957014 0.042875
vt 0.175554 0.949442
vt 0.100725 0.899282
vt 0.175373 0.949627
vt 0.270833 0.979167
vt 0.175347 0.949653
vt 0.500000 0.996501
vt 0.618480 0.993029
vt 0.729148 0.979140
vt 0.618490 0.993056
vt 0.500000 0.996528
vt 0.879751 0.883213
vt 0.927501 0.811880
vt 0.955422 0.720062
vt 0.902458 0.798499
vt 0.858891 0.865292
vt 0.968441 0.612500
vt 0.938660 0.607002
vt 0.955422 0.720062
vt 0.972055 0.495123
vt 0.381520 0.993029
vt 0.270852 0.979140
vt 0.381511 0.993056
vt 0.499927 0.976182
vt 0.729167 0.979167
vt 0.612904 0.972774
vt 0.718293 0.959380
vt 0.607653 0.946921
vt 0.499864 0.950100
vt 0.707772 0.934735
vt 0.808972 0.931208
vt 0.793113 0.909325
vt 0.718293 0.959380
vt 0.824653 0.949653
vt 0.879751 0.883213
vt 0.858891 0.865292
vt 0.995156 0.000000
vt 0.994830 0.000000
vt 0.994465 0.000000
vt 0.975868 0.000000
vt 0.977341 0.000000
vt 0.995806 0.000181
vt 0.998391 0.000000
vt 0.995461 0.000030
vt 0.995156 0.000000
vt 0.978654 0.000000
vt 0.979879 0.000000
vt 0.190950 0.931132
vt 0.120204 0.883081
vt 0.281596 0.959342
vt 0.292021 0.934648
vt 0.206740 0.909168
vt 0.141021 0.865034
vt 0.392093 0.946883
vt 0.386959 0.972758
vt 0.499927 0.976182
vt 0.499864 0.950100
vt 0.000000 0.000000
vt 0.003874 0.003047
vt 0.004107 0.000000
vt 0.000000 0.005570
vt 0.003388 0.010286
vt 0.018349 0.002025
vt 0.019017 0.001011
vt 0.020127 0.000000
vt 0.946333 0.000000
vt 0.940823 0.000000
vt 0.936841 0.000000
vt 0.889666 0.000000
vt 0.914779 0.000000
vt 0.002054 0.000000
vt 0.005981 0.000000
vt 0.006124 0.000000
vt 0.027035 0.000000
vt 0.027018 0.000000
vt 0.928421 0.000000
vt 0.975868 0.000000
vt 0.974219 0.000000
vt 0.874937 0.000000
vt 0.932867 0.000000
vt 0.881794 0.000000
vt 0.977341 0.000000
vt 0.819627 0.000000
vt 0.810822 0.000000
vt 0.730168 0.000000
vt 0.993426 0.000000
vt 0.993577 0.000000
vt 0.970204 0.000000
vt 0.969519 0.000000
vt 0.071947 0.000000
vt 0.028445 0.000000
vt 0.074591 0.000000
vt 0.078763 0.000000
vt 0.151427 0.000000
vt 0.082412 0.000000
vt 0.029798 0.000000
vt 0.084260 0.000000
vt 0.154616 0.000000
vt 0.836514 0.000000
vt 0.881794 0.000000
vt 0.827900 0.000000
vt 0.819627 0.000000
vt 0.746227 0.000000
vt 0.753197 0.000000
vt 0.915745 0.000000
vt 0.917591 0.000000
vt 0.921238 0.000000
vt 0.854872 0.000000
vt 0.925410 0.000000
vt 0.862239 0.000000
vt 0.971556 0.000000
vt 0.928053 0.000000
vt 0.006514 0.000000
vt 0.006574 0.000000
vt 0.030210 0.000000
vt 0.030483 0.000000
vt 0.083526 0.000000
vt 0.080636 0.000000
vt 0.080636 0.000000
vt 0.148361 0.000000
vt 0.076357 0.000000
vt 0.027552 0.000000
vt 0.071600 0.000000
vt 0.002279 0.027412
vt 0.006894 0.005199
vt 0.972454 0.000000
vt 0.974219 0.000000
vt 0.970867 0.000000
vt 0.923662 0.000000
vt 0.919379 0.000000
vt 0.916484 0.000000
vt 0.846669 0.000000
vt 0.969793 0.000000
vt 0.845394 0.000000
vt 0.993724 0.000000
vt 0.993487 0.000000
vt 0.969793 0.000000
vt 0.233415 0.000000
vt 0.157316 0.000002
vt 0.150016 0.000007
vt 0.240084 0.000000
vt 0.163518 0.000000
vt 0.085242 0.000000
vt 0.094013 0.000009
vt 0.052838 0.000196
vt 0.055999 0.000000
vt 0.049721 0.000416
vt 0.092071 0.000000
vt 0.097927 0.000000
vt 0.103784 0.000000
vt 0.824627 0.949627
vt 0.824446 0.949443
vt 0.897939 0.000000
vt 0.821360 0.000000
vt 0.895260 0.000000
vt 0.809478 0.000000
vt 0.880610 0.000000
vt 0.387052 0.000000
vt 0.281547 0.000000
vt 0.394689 0.000000
vt 0.299734 0.000000
vt 0.500000 0.000000
vt 0.218997 0.000000
vt 0.268184 0.000000
vt 0.299734 0.000000
vt 0.190523 0.000000
vt 0.119390 0.000000
vt 0.153140 0.000000
vt 0.201946 0.000000
vt 0.988110 0.000000
vt 0.974262 0.000000
vt 0.956337 0.000000
vt 0.969214 0.000000
vt 0.880610 0.000000
vt 0.781003 0.000000
vt 0.846860 0.000000
vt 0.700266 0.000000
vt 0.798054 0.000000
vt 0.700266 0.000000
vt 0.718453 0.000000
vt 0.605312 0.000000
vt 0.612948 0.000000
vt 0.051881 0.000000
vt 0.104740 0.000000
vt 0.102061 0.000000
vt 0.054909 0.000000
vt 0.071510 0.000000
vt 0.119390 0.000000
vt 0.000525 0.376331
vt 0.000000 0.250362
vt 0.000000 0.226852
vt 0.002042 0.499467
vt 0.000252 0.376326
vt 0.001736 0.498264
vt 0.000217 0.374783
vt 0.000000 0.250000
vt 0.926431 0.000000
vt 0.915827 0.000000
vt 0.861898 0.000000
vt 0.915827 0.000000
vt 0.891038 0.000000
vt 0.928490 0.000000
vt 0.002159 0.000000
vt 0.006423 0.000000
vt 0.029798 0.000000
vt 0.071510 0.000000
vt 0.043663 0.000000
vt 0.108963 0.000000
vt 0.084173 0.000000
vt 0.138102 0.000000
vt 0.073570 0.000000
vt 0.084173 0.000000
vt 0.027018 0.000000
vt 0.381921 0.000000
vt 0.271625 0.000000
vt 0.382717 0.000000
vt 0.273163 0.000000
vt 1.000000 0.043764
vt 0.998543 0.049769
vt 1.000000 0.076389
vt 0.996904 0.026240
vt 0.996381 0.010573
vt 0.984469 0.015348
vt 0.067154 0.000000
vt 0.024140 0.000000
vt 0.063179 0.000000
vt 0.118241 0.000000
vt 0.063179 0.000000
vt 0.110365 0.000000
vt 0.118241 0.000000
vt 0.022667 0.000000
vt 0.059195 0.000000
vt 0.021353 0.000000
vt 0.053681 0.000000
vt 0.945091 0.000000
vt 0.948120 0.000000
vt 0.773249 0.000000
vt 0.849016 0.000000
vt 0.779896 0.000000
vt 0.855962 0.000000
vt 0.862908 0.000000
vt 0.913792 0.000000
vt 0.907943 0.000000
vt 0.957014 0.042875
vt 0.982183 0.004437
vt 0.953466 0.007687
vt 0.950353 0.001314
vt 0.911367 0.000000
vt 0.947184 0.000307
vt 0.902093 0.000000
vt 0.981031 0.001206
vt 0.944016 0.000000
vt 0.896244 0.000000
vt 0.759942 0.000000
vt 0.836514 0.000000
vt 0.842443 0.000000
vt 0.904410 0.000000
vt 0.100577 0.009042
vt 0.117180 0.006125
vt 0.130366 0.020886
vt 0.081450 0.021219
vt 0.117180 0.006125
vt 0.060782 0.007794
vt 0.398218 0.000000
vt 0.399167 0.000000
vt 0.672835 0.486939
vt 0.670044 0.369394
vt 0.665394 0.247982
vt 0.172140 0.000000
vt 0.246838 0.000000
vt 0.253815 0.000000
vt 0.176464 0.000000
vt 0.178641 0.000000
vt 0.774522 0.000000
vt 0.862239 0.000000
vt 0.794605 0.000000
vt 0.226759 0.000000
vt 0.144185 0.000005
vt 0.137599 0.000000
vt 0.220104 0.000000
vt 0.871468 0.785858
vt 0.832026 0.785353
vt 0.902190 0.798337
vt 0.181363 0.942828
vt 0.176589 0.948299
vt 0.891598 0.377659
vt 0.895814 0.491389
vt 0.937779 0.378774
vt 0.128463 0.785326
vt 0.112067 0.703484
vt 0.167857 0.784777
vt 0.097771 0.797942
vt 0.072896 0.710382
vt 0.602199 0.910866
vt 0.607573 0.946704
vt 0.104887 0.601899
vt 0.104219 0.490499
vt 0.059433 0.493183
vt 0.010811 0.380654
vt 0.011417 0.498566
vt 0.002342 0.379935
vt 0.003674 0.499531
vt 0.997285 0.171683
vt 0.986669 0.174635
vt 0.991445 0.617993
vt 0.984121 0.616221
vt 0.823404 0.948305
vt 0.818606 0.942856
vt 0.062376 0.000000
vt 0.014424 0.000000
vt 0.028078 0.000000
vt 0.051055 0.000000
vt 0.057045 0.000000
vt 0.107439 0.000000
vt 0.051881 0.000000
vt 0.052743 0.000000
vt 0.009291 0.000000
vt 0.991296 0.000000
vt 0.951180 0.000000
vt 0.041034 0.000222
vt 0.007371 0.000000
vt 0.006939 0.000204
vt 0.001450 0.000154
vt 0.182128 0.000000
vt 0.176464 0.000000
vt 0.631419 0.000000
vt 0.619264 0.000000
vt 0.618079 0.000000
vt 0.728375 0.000000
vt 0.004541 0.000030
vt 0.004846 0.000000
vt 0.004196 0.000181
vt 0.022667 0.000000
vt 0.994075 0.000000
vt 0.005172 0.000000
vt 0.004846 0.000000
vt 1.000000 0.005570
vt 1.000000 0.000000
vt 0.996138 0.003092
vt 0.995894 0.000000
vt 0.361456 0.001713
vt 0.500013 0.001738
vt 0.500009 0.020859
vt 0.357639 0.006584
vt 0.352082 0.020450
vt 0.234007 0.001544
vt 0.791308 0.804615
vt 0.775159 0.844048
vt 0.751656 0.783567
vt 0.832026 0.785353
vt 0.614650 0.788722
vt 0.676225 0.696385
vt 0.683461 0.759236
vt 0.208514 0.804112
vt 0.167857 0.784777
vt 0.248144 0.783087
vt 0.385041 0.788538
vt 0.432271 0.818933
vt 0.409194 0.864371
vt 0.385041 0.788538
vt 0.499813 0.808239
vt 0.783572 0.100795
vt 0.274850 0.000000
vt 0.614650 0.788722
vt 0.409194 0.864371
vt 0.957141 0.000000
vt 0.949131 0.000000
vt 0.745443 0.000000
vt 0.007371 0.000000
vt 0.127658 0.001346
vt 0.248144 0.783087
vt 0.256683 0.000000
vt 0.072896 0.710383
vt 0.067917 0.269440
vt 0.988154 0.270274
vt 0.970377 0.725640
vt 0.724922 0.971975
vt 0.940600 0.493875
vt 0.275033 0.971961
vt 0.062376 0.000000
vt 0.500004 0.247726
vt 0.985125 0.099851
vt 0.895782 0.489653
vt 0.882835 0.006144
vt 0.385041 0.788538
vt 0.500013 0.000000
vt 0.705291 0.000000
vt 0.801045 0.269218
vt 0.043177 0.021243
vt 0.608922 0.000000
vt 0.000000 0.259730
vt 1.000000 0.000000
vt 0.999470 0.251736
vt 0.927379 0.711041
vt 0.707772 0.934735
vt 0.867266 0.000000
vt 0.078763 0.000000
vt 0.025789 0.000000
vt 0.970867 0.000000
vt 0.246838 0.000000
vt 0.281547 0.000000
vt 0.718453 0.000000
vt 0.001774 0.498957
vt 0.880610 0.000000
vt 0.020127 0.000000
vt 0.919642 0.000000
vt 0.130366 0.020886
vt 0.751656 0.783567
s 1
f 692/674/593 1355/675/594 1176/676/595
f 959/677/596 1175/678/597 1355/675/594
f 1355/675/594 621/679/598 884/680/599
f 1176/676/595 884/680/599 720/681/600
f 619/682/601 1356/683/602 855/684/603
f 1117/685/604 1168/686/605 681/687/606
f 855/688/603 1117/689/604 680/690/607
f 852/691/608 1127/692/609 681/687/606
f 620/693/610 1357/694/611 852/695/608
f 1127/692/609 862/696/612 684/697/613
f 630/698/614 1358/699/615 958/700/616
f 878/701/617 1200/702/618 1358/699/615
f 1358/699/615 723/703/619 946/704/620
f 958/700/616 946/704/620 633/705/621
f 896/706/622 1181/707/623 628/706/624
f 695/708/625 1359/709/626 896/706/622
f 894/710/627 893/711/628 1359/709/626
f 1359/709/626 627/712/629 1181/707/623
f 1165/713/630 933/714/631 678/715/632
f 615/716/633 1360/717/634 1165/713/630
f 891/718/635 934/719/636 1360/717/634
f 1360/717/634 803/720/637 933/714/631
f 679/721/638 1361/722/639 928/723/640
f 859/724/641 937/725/642 1361/722/639
f 1361/722/639 717/726/643 851/727/644
f 928/723/640 851/727/644 804/728/645
f 601/729/646 1362/730/647 850/731/648
f 1167/732/649 863/733/650 1362/730/647
f 863/733/650 864/734/651 1362/730/647
f 850/731/648 864/734/651 684/697/613
f 1207/735/652 953/736/653 706/737/654
f 607/738/655 1363/739/656 1207/735/652
f 948/740/657 881/741/658 1363/739/656
f 1363/739/656 690/742/659 953/736/653
f 601/743/646 1364/744/660 866/745/661
f 850/731/648 1170/746/662 1364/744/660
f 1170/746/662 1169/747/663 1364/744/660
f 866/745/661 1169/747/663 615/716/633
f 865/748/664 929/749/665 614/750/666
f 682/751/667 1365/752/668 865/748/664
f 942/753/669 912/754/670 1365/752/668
f 1365/752/668 714/755/671 929/749/665
f 887/756/672 880/757/673 606/758/674
f 689/759/675 1366/760/676 887/756/672
f 1174/761/677 881/762/658 1366/760/676
f 1366/760/676 622/763/678 880/757/673
f 864/734/651 1127/764/609 684/697/613
f 1117/765/604 864/766/651 680/690/607
f 681/687/606 1367/767/679 1117/768/604
f 862/769/612 1025/770/680 684/697/613
f 620/771/610 1368/772/681 862/773/612
f 1025/770/680 858/774/682 682/751/667
f 681/687/606 1369/775/683 936/776/684
f 1168/686/605 906/777/685 1369/775/683
f 1369/775/683 718/778/686 945/779/687
f 936/776/684 945/779/687 806/780/688
f 1165/713/630 866/781/661 615/782/633
f 678/783/632 1370/784/689 1165/713/630
f 1348/785/690 847/786/691 1370/784/689
f 1370/784/689 601/787/646 866/781/661
f 964/788/692 884/789/599 621/790/598
f 608/791/693 1371/792/694 964/788/692
f 1201/793/695 1200/794/618 1371/792/694
f 1371/792/694 720/681/600 884/789/599
f 685/795/696 1372/796/697 966/797/698
f 1010/798/699 1249/799/700 633/705/621
f 966/800/698 1010/798/699 809/801/701
f 606/758/674 1373/802/702 883/803/703
f 875/804/704 1197/805/705 1373/802/702
f 1373/802/702 688/806/706 856/807/707
f 883/803/703 856/807/707 625/808/708
f 860/809/709 923/810/710 617/811/711
f 598/812/712 1374/813/713 860/809/709
f 914/814/714 963/815/715 1374/813/713
f 1374/813/713 685/795/696 923/810/710
f 624/816/716 1375/817/717 1171/818/718
f 882/819/719 1197/805/705 1375/817/717
f 1375/817/717 686/820/704 870/821/704
f 1171/818/718 870/821/704 604/822/704
f 603/823/720 1376/824/721 951/825/722
f 1206/826/723 952/827/724 1376/824/721
f 1376/824/721 688/806/706 882/819/719
f 951/825/722 882/819/719 624/816/716
f 876/828/725 889/829/726 626/830/727
f 690/742/659 1377/831/728 876/828/725
f 1174/761/677 868/832/729 1377/831/728
f 1377/831/728 609/833/730 889/829/726
f 674/834/731 1378/835/732 1019/836/733
f 1057/837/734 1306/838/735 1378/835/732
f 1378/835/732 778/839/736 1113/840/737
f 1019/836/733 1113/840/737 673/841/738
f 1219/842/739 955/843/740 711/844/741
f 1219/842/739 951/825/722 1379/845/742
f 1379/845/742 624/816/716 886/846/743
f 955/843/740 886/846/743 694/847/744
f 627/712/629 1380/848/745 956/849/746
f 893/711/628 957/850/747 1380/848/745
f 1380/848/745 712/851/748 1221/852/749
f 956/849/746 1221/852/749 611/853/750
f 707/854/751 1381/855/752 954/856/753
f 1210/857/754 964/858/692 1381/855/752
f 1381/855/752 621/859/598 879/860/755
f 954/856/753 879/860/755 691/861/756
f 1204/862/757 948/740/657 607/738/655
f 704/863/758 1382/864/759 1204/862/757
f 1202/865/760 872/866/761 1382/864/759
f 1382/864/759 622/763/678 948/740/657
f 1180/867/762 1217/868/763 629/869/764
f 628/708/624 1383/870/765 1180/871/762
f 1218/872/766 1215/708/767 613/708/768
f 710/873/769 1383/870/765 1218/872/766
f 1217/868/763 895/874/770 612/875/771
f 629/869/764 1384/876/772 1180/877/762
f 1179/878/773 888/879/774 1384/876/772
f 1384/876/772 695/708/625 896/706/622
f 1180/877/762 896/706/622 628/706/624
f 1209/880/775 877/881/776 691/882/756
f 689/883/675 1385/884/777 1209/880/775
f 887/756/672 883/803/703 1385/884/777
f 1385/884/777 625/885/708 877/881/776
f 601/787/646 1386/886/778 1167/887/649
f 847/786/691 1166/888/779 1386/886/778
f 1386/886/778 679/721/638 861/889/780
f 1167/887/649 861/889/780 618/890/781
f 1208/891/782 949/892/783 610/893/784
f 706/737/654 1387/894/785 1208/891/782
f 953/736/653 876/828/725 1387/894/785
f 1387/894/785 626/830/727 949/892/783
f 625/808/708 1388/895/786 1205/896/787
f 856/807/707 952/897/724 1388/895/786
f 1388/895/786 705/898/788 874/899/789
f 1205/896/787 874/899/789 605/900/790
f 885/901/791 1177/902/792 632/903/793
f 693/904/794 1389/905/795 885/901/791
f 1178/906/796 960/907/797 1389/905/795
f 1389/905/795 631/908/798 1177/902/792
f 1220/909/799 1217/868/763 612/875/771
f 711/844/741 1390/910/800 1220/909/799
f 955/911/740 1179/878/773 1390/910/800
f 1390/910/800 629/869/764 1217/868/763
f 1207/735/652 1143/912/801 607/738/655
f 706/913/654 1391/914/802 1207/735/652
f 1328/915/803 1052/916/804 1391/914/805
f 1391/914/805 794/917/806 1143/912/807
f 605/900/790 1392/918/808 1049/919/809
f 874/899/789 1326/920/810 1392/918/808
f 1392/918/811 836/921/812 1149/922/813
f 1049/919/814 1149/922/813 793/923/815
f 1223/924/816 1148/925/817 610/893/784
f 708/926/818 1393/927/819 1223/924/816
f 1393/927/820 839/928/821 1058/929/822
f 1148/925/823 1058/929/822 796/930/824
f 1219/931/739 1146/932/825 603/933/720
f 711/844/741 1394/934/826 1219/931/739
f 1338/935/827 1065/936/828 1394/934/829
f 1394/934/829 792/937/830 1146/932/831
f 986/938/832 1233/939/833 728/940/834
f 986/938/832 1231/941/835 1395/942/836
f 1395/942/836 643/943/837 975/944/838
f 1233/939/833 975/944/838 732/945/839
f 1171/818/718 886/846/743 624/816/716
f 604/706/704 1396/946/840 1171/818/718
f 897/708/704 888/879/774 1396/946/840
f 1396/946/840 694/947/744 886/846/743
f 763/948/841 1397/949/842 1031/950/843
f 1074/951/844 1259/952/845 1397/949/842
f 1397/949/842 726/953/846 961/954/847
f 1031/950/843 961/954/847 658/955/848
f 1199/956/849 1320/957/850 702/958/851
f 600/959/852 1398/960/853 1199/956/849
f 1040/961/854 1133/962/855 1398/960/856
f 1398/960/856 833/963/857 1320/957/858
f 634/964/859 1399/965/860 1008/966/861
f 921/967/862 1212/968/863 632/969/793
f 1008/970/861 921/971/862 722/972/864
f 1170/973/662 1022/974/865 677/975/866
f 1025/770/680 1170/746/662 684/697/613
f 682/751/667 1400/976/867 1025/770/680
f 663/977/868 1401/978/869 1111/979/870
f 1246/980/871 1248/677/872 1401/978/869
f 1401/978/869 740/674/873 1247/981/874
f 1111/979/870 1247/981/874 777/982/875
f 1071/983/876 1034/984/877 764/985/878
f 812/986/879 1402/987/880 1071/983/876
f 1262/988/881 1311/989/882 1402/987/880
f 1402/987/880 660/990/883 1034/984/877
f 1184/991/884 1128/992/885 697/993/886
f 595/994/887 1403/995/888 1184/991/884
f 1136/996/889 903/997/890 1403/995/891
f 1403/995/891 828/998/892 1128/992/893
f 604/706/704 1404/999/894 897/708/704
f 1173/1000/895 898/1001/896 1404/999/894
f 1404/999/894 696/1002/897 894/1003/627
f 897/708/704 894/1003/627 695/708/625
f 1224/1004/898 1212/1005/863 634/964/859
f 708/926/818 1405/1006/899 1224/1004/898
f 947/1007/900 885/901/791 1405/1006/899
f 1405/1006/899 632/903/793 1212/1005/863
f 872/866/761 880/757/673 622/763/678
f 687/1008/901 1406/1009/902 872/866/761
f 1172/1010/903 875/804/704 1406/1009/902
f 1406/1009/902 606/758/674 880/757/673
f 1350/1011/904 1114/1012/905 597/1013/906
f 697/993/886 1407/1014/907 1350/1011/904
f 1128/992/893 1309/1015/908 1407/1014/909
f 1407/1014/909 788/1016/910 1114/1012/911
f 848/1017/912 1032/1018/913 593/1019/914
f 698/1020/915 1408/1021/916 848/1017/912
f 1312/1022/917 1134/1023/918 1408/1021/919
f 1408/1021/919 784/1024/920 1032/1018/913
f 1184/1025/884 902/1026/921 595/1027/887
f 697/1028/886 1409/1029/922 1184/1025/884
f 932/1030/923 846/1031/924 1409/1029/922
f 1409/1029/922 714/1032/671 902/1026/921
f 802/1033/925 1410/1034/926 1182/1035/927
f 932/1036/923 1350/1037/904 1410/1034/926
f 1410/1034/926 597/1038/906 1183/1039/928
f 1182/1035/927 1183/1039/928 713/1040/929
f 1306/1041/735 1045/1042/930 778/1043/736
f 779/1044/931 1411/1045/932 1306/1041/735
f 1120/1046/933 1230/1047/934 1411/1045/932
f 1411/1045/932 640/708/935 1045/1042/930
f 1227/1048/936 1322/1049/937 703/1050/938
f 633/705/621 1412/1051/939 1227/1048/936
f 1130/1052/940 915/1053/941 1412/1051/939
f 1412/1051/939 834/1054/942 1322/1049/937
f 599/1055/943 1413/1056/944 1035/1057/945
f 849/1058/946 1314/1059/947 1413/1056/944
f 1413/1056/948 830/1060/949 1138/1061/950
f 1035/1057/951 1138/1061/950 789/1062/952
f 1187/1063/953 1183/1064/928 597/1038/906
f 698/1065/954 1414/1066/955 1187/1063/953
f 930/1067/956 934/1068/636 1414/1066/955
f 1414/1066/955 713/1069/929 1183/1064/928
f 803/1070/637 1415/1071/957 1185/1072/958
f 930/1067/956 848/1073/959 1415/1071/957
f 1415/1071/957 593/1074/960 1186/1075/961
f 1185/1072/958 1186/1075/961 715/1076/962
f 1155/1077/963 1341/1078/964 843/1079/965
f 791/1080/966 1416/1081/967 1155/1077/963
f 916/1082/968 1301/1083/969 1416/1081/967
f 1416/1081/967 760/1084/970 1341/1078/964
f 596/1085/971 1417/1086/972 1037/1087/973
f 853/1088/974 1316/1089/975 1417/1086/972
f 1417/1086/976 831/1090/977 1131/1091/978
f 1037/1087/979 1131/1091/978 787/1092/980
f 594/1093/981 1418/1094/982 908/1095/983
f 1190/1096/984 940/1097/985 1418/1094/982
f 1418/1094/982 804/1098/645 851/1099/644
f 908/1095/983 851/1099/644 717/1100/643
f 940/1101/985 1188/1102/986 804/728/645
f 699/1103/987 1419/1104/988 940/1101/985
f 849/1105/946 1189/1106/989 1419/1104/988
f 1419/1104/988 716/1107/990 1188/1102/986
f 594/1108/991 1420/1109/992 1139/1110/993
f 1226/1111/994 1322/1049/937 1420/1109/992
f 1420/1109/992 834/1054/942 1044/1112/995
f 1139/1110/993 1044/1112/995 785/1113/996
f 599/1114/943 1421/1115/997 1189/1116/989
f 1193/1117/998 938/1118/999 1421/1115/997
f 1421/1115/997 805/1119/1000 943/1120/1001
f 1189/1116/989 943/1120/1001 716/1121/990
f 938/1122/999 1191/1123/1002 805/1124/1000
f 700/1125/1003 1422/1126/1004 938/1122/999
f 853/1127/974 1192/1128/1005 1422/1126/1004
f 1422/1126/1004 718/778/686 1191/1123/1002
f 873/1129/1006 1046/1130/1007 602/1131/1008
f 704/1132/758 1423/1133/1009 873/1129/1006
f 1324/1134/1010 1161/1135/1011 1423/1133/1012
f 1423/1133/1012 791/1080/966 1046/1130/1013
f 596/1136/971 1424/1137/1014 1192/1128/1005
f 1196/1138/1015 944/1139/1016 1424/1137/1014
f 1424/1137/1014 806/1140/688 945/1141/687
f 1192/1128/1005 945/1141/687 718/778/686
f 944/1139/1016 1194/1142/1017 806/1140/688
f 701/1143/1018 1425/1144/1019 944/1139/1016
f 854/1145/1020 1195/1146/1021 1425/1144/1019
f 1425/1144/1019 719/1147/1022 1194/1142/1017
f 1208/891/782 1328/915/1023 706/913/654
f 610/893/784 1426/1148/1024 1208/891/782
f 1148/925/823 920/1149/1025 1426/1148/1026
f 1426/1148/1026 837/1150/1027 1328/915/803
f 811/1151/1028 1427/1152/1029 1259/952/845
f 1277/1153/1030 1020/1154/1031 1427/1152/1029
f 1427/1152/1029 657/1155/1032 972/1156/1033
f 1259/952/845 972/1156/1033 726/953/846
f 863/1157/650 941/1158/1034 680/690/607
f 618/1159/781 1428/1160/1035 863/1157/650
f 904/1161/1036 943/1162/1001 1428/1160/1035
f 1428/1160/1035 805/1163/1000 941/1158/1034
f 608/1164/693 1429/1165/1037 1055/1166/1038
f 1210/857/754 1330/1167/1039 1429/1165/1037
f 1429/1165/1040 838/1168/1041 1153/1169/1042
f 1055/1166/1043 1153/1169/1042 795/1170/1044
f 946/704/620 1130/1052/940 633/705/621
f 946/704/620 1342/1171/1045 1430/1172/1046
f 1342/1171/1047 1069/1173/1048 1430/1172/1046
f 1430/1172/1046 800/1174/1049 1130/1052/940
f 1199/1175/849 1195/1176/1021 600/1177/852
f 702/1178/851 1431/1179/1050 1199/1175/849
f 857/1180/1051 931/1181/1052 1431/1179/1050
f 1431/1179/1050 719/1182/1022 1195/1176/1021
f 807/1183/1053 1432/1184/1054 912/754/670
f 857/1185/1051 1198/1186/1055 1432/1184/1054
f 1432/1184/1054 595/1187/887 902/1188/921
f 912/754/670 902/1188/921 714/1189/671
f 1220/1190/799 1338/1191/1056 711/844/741
f 612/875/771 1433/1192/1057 1220/1190/799
f 1062/1193/1058 1145/1194/1059 1433/1192/1060
f 1433/1192/1060 842/1195/1061 1338/1191/827
f 598/812/712 1434/1196/1062 914/814/714
f 1349/1197/1063 962/1198/1064 1434/1196/1062
f 1434/1196/1062 722/972/864 1228/1199/1065
f 914/814/714 1228/1199/1065 721/1200/1066
f 605/1201/790 1435/1202/1067 1205/896/787
f 1211/1203/1068 954/856/753 1435/1202/1067
f 1435/1202/1067 691/861/756 877/881/776
f 1205/896/787 877/881/776 625/1204/708
f 1214/1205/1069 1344/1206/1070 724/1207/1071
f 593/1019/914 1436/1208/1072 1214/1205/1069
f 1032/1018/913 1162/1209/1073 1436/1208/1072
f 1436/1208/1072 845/1210/1074 1344/1206/1070
f 707/1211/751 1437/1212/1075 1330/1167/1039
f 1211/1213/1068 1049/919/809 1437/1212/1075
f 1437/1212/1076 793/923/815 1151/1214/1077
f 1330/1167/1078 1151/1214/1077 838/1168/1041
f 709/1215/1079 1438/1216/1080 1216/1217/1081
f 1215/706/767 892/1218/1082 613/708/768
f 628/708/624 1438/1216/1080 1215/708/767
f 956/1219/746 1181/1220/623 627/712/629
f 1216/1221/1081 956/849/746 611/1222/750
f 770/1223/1083 1439/1224/1084 1092/1225/1085
f 1051/1226/1086 1286/1227/1087 1439/1224/1084
f 1439/1224/1084 738/1228/1088 1244/1229/1089
f 1092/1225/1085 1244/1229/1089 664/1230/1090
f 1064/1231/1091 1097/1232/1092 772/1233/1093
f 1064/1231/1091 1297/1234/1094 1440/1235/1095
f 1297/1234/1094 1015/1236/1096 1440/1235/1095
f 1440/1235/1095 666/1237/1096 1097/1232/1092
f 1175/1238/597 879/860/755 621/790/598
f 609/833/730 1441/1239/1097 1175/1238/597
f 868/832/729 1209/880/775 1441/1239/1097
f 1441/1239/1097 691/882/756 879/860/755
f 1254/708/1098 995/1240/1099 670/708/1100
f 743/708/1098 1442/1241/1098 1254/708/1098
f 1252/1242/1098 1253/1243/1101 1442/1241/1098
f 1442/1241/1098 671/1244/1102 995/1240/1099
f 634/964/859 1443/1245/1103 1152/1246/1104
f 935/1247/1105 1344/1206/1070 1443/1245/1103
f 1443/1245/1103 845/1210/1074 1118/1248/1106
f 1152/1246/1104 1118/1248/1106 801/1249/1107
f 1164/1250/1108 1349/1251/1063 598/1252/712
f 683/1253/1109 1444/1254/1110 1164/1250/1108
f 1348/1255/690 1347/1256/1111 1444/1254/1110
f 1444/1254/1110 616/1257/1112 1349/1251/1063
f 723/703/619 1445/1258/1113 1342/1259/1045
f 1201/793/695 1055/1166/1038 1445/1258/1113
f 1055/1166/1043 1160/1260/1114 1445/1258/1115
f 1445/1258/1115 844/1261/1116 1342/1259/1047
f 613/708/768 1446/1262/1117 1060/706/1118
f 892/1218/1082 1334/1263/1119 1446/1262/1117
f 1446/1262/1120 840/1264/1121 1163/1265/1122
f 1060/706/1123 1163/1265/1122 799/706/1124
f 692/674/593 1447/1266/1125 959/1267/596
f 1178/1268/796 890/1269/1126 1447/1266/1125
f 1447/1266/1125 626/830/727 889/829/726
f 959/1267/596 889/829/726 609/833/730
f 865/748/664 1022/1270/865 682/751/667
f 614/750/666 1448/1271/1127 865/1272/664
f 1022/974/865 867/1273/1128 677/975/866
f 1085/1274/1129 1269/1275/1130 814/1276/1131
f 766/1277/1132 1449/1278/1133 1085/1274/1129
f 1036/1279/1134 977/1280/1135 1449/1278/1133
f 1449/1278/1133 729/1281/1136 1269/1275/1130
f 895/874/770 1062/1193/1137 612/875/771
f 710/873/769 1450/1282/1138 895/874/770
f 1336/1283/1139 1156/1284/1140 1450/1282/1138
f 1450/1282/1138 798/1285/1141 1062/1193/1058
f 873/1286/1006 1202/865/760 704/863/758
f 602/1131/1008 1451/1287/1142 873/1286/1006
f 1203/1288/1143 869/1289/1144 1451/1287/1142
f 1451/1287/1142 687/1008/901 1202/865/760
f 721/1290/1066 1452/1291/1145 963/1292/715
f 1229/1293/1146 967/1294/1147 1452/1291/1145
f 1452/1291/1145 630/698/614 939/1295/1148
f 963/1292/715 939/1295/1148 685/795/696
f 616/1296/1112 1453/1297/1149 962/1198/1064
f 900/1298/1150 965/1299/1151 1453/1297/1149
f 1453/1297/1149 808/1300/1152 950/1301/1153
f 962/1198/1064 950/1301/1153 722/972/864
f 1222/1302/1154 1203/1288/1143 602/1131/1008
f 1222/1302/1154 957/850/747 1454/1303/1155
f 957/850/747 898/1304/896 1454/1303/1155
f 1454/1303/1155 623/1305/1156 1203/1288/1143
f 1223/1306/816 947/1007/900 708/1307/818
f 610/893/784 1455/1308/1157 1223/1306/816
f 949/892/783 890/1269/1126 1455/1308/1157
f 1455/1308/1157 693/1309/794 947/1007/900
f 643/1310/837 1456/1311/1158 1264/1312/1159
f 983/1313/1160 988/1314/1161 1456/1311/1158
f 1456/1311/1158 726/1315/846 972/1316/1033
f 1264/1312/1159 972/1316/1033 657/1317/1032
f 617/1318/711 1457/1319/1162 937/1320/642
f 923/1321/710 966/1322/698 1457/1319/1162
f 1457/1319/1162 809/1323/701 1225/1324/1163
f 937/1320/642 1225/1324/1163 717/1325/643
f 870/821/704 1173/1326/895 604/822/704
f 686/820/704 1458/1327/1164 870/821/704
f 1172/1328/903 869/1329/1144 1458/1327/1164
f 1458/1327/1164 623/1305/1156 1173/1326/895
f 631/908/798 1459/1330/1165 967/1294/1147
f 960/907/797 1176/1331/595 1459/1330/1165
f 1459/1330/1165 720/1332/600 878/701/617
f 967/1294/1147 878/701/617 630/698/614
f 871/1333/1166 1225/1324/1163 809/1334/701
f 703/1335/938 1460/1336/1167 871/1333/1166
f 1226/1337/1168 908/1095/983 1460/1336/1167
f 1460/1336/1167 717/1325/643 1225/1324/1163
f 858/1338/682 942/753/669 682/751/667
f 858/1338/682 910/1339/1169 1461/1340/1170
f 910/1339/1169 931/1341/1052 1461/1340/1170
f 1461/1340/1170 807/1183/1053 942/753/669
f 600/959/852 1462/1342/1171 1040/961/1172
f 854/1343/1020 1318/1344/1173 1462/1342/1171
f 1462/1342/1174 832/1345/1175 1141/1346/1176
f 1040/961/854 1141/1346/1176 790/1347/1177
f 1298/706/1098 1252/1242/1098 743/708/1098
f 646/706/1098 1463/1348/1098 1298/706/1098
f 1001/1349/1098 1015/1350/1096 1463/1348/1098
f 1463/1348/1098 742/1351/1101 1252/1242/1098
f 965/1299/1151 1213/1352/1178 808/1353/1152
f 715/1076/962 1464/1354/1179 965/1299/1151
f 1186/1355/961 1214/1205/1180 1464/1354/1179
f 1464/1354/1179 724/1207/1071 1213/1352/1178
f 1095/1356/1181 1048/1357/1182 771/1358/1183
f 818/1359/1184 1465/1360/1185 1095/1356/1181
f 1282/1361/1186 981/1362/1187 1465/1360/1185
f 1465/1360/1185 667/1363/1188 1048/1357/1182
f 659/1364/1189 1466/1365/1190 984/1366/1191
f 989/1367/1192 971/1368/1193 1466/1365/1190
f 1466/1365/1190 731/1369/1194 1232/1370/1195
f 984/1366/1191 1232/1370/1195 727/1371/1196
f 813/1372/1197 1467/1373/1198 1266/1374/1199
f 764/1375/878 1467/1373/1198 1083/1376/1200
f 1467/1373/1198 660/1377/883 986/938/832
f 1266/1374/1199 986/938/832 728/940/834
f 1230/1047/934 971/1368/1193 640/708/935
f 658/1378/848 1468/1379/1201 1230/1047/934
f 961/1380/847 988/1381/1161 1468/1379/1201
f 1468/1379/1201 731/1369/1194 971/1368/1193
f 1234/773/1202 1352/1382/1203 732/945/839
f 662/1383/1204 1469/1384/1205 1234/1385/1202
f 1352/692/1203 985/691/1206 729/1281/1136
f 819/1386/1207 1470/1387/1208 1286/1227/1087
f 1056/1388/1209 1096/1389/1210 1470/1387/1208
f 1470/1387/1208 668/1390/1211 1003/1391/1212
f 1286/1227/1087 1003/1391/1212 738/1228/1088
f 761/1392/1213 1471/1393/1214 1020/1394/1031
f 810/1395/1215 1471/1393/1214 1029/1396/1216
f 1256/1397/1217 978/1398/1218 1471/1393/1214
f 1471/1393/1214 657/1399/1032 1020/1394/1031
f 1038/1400/1219 1262/1401/881 812/1402/879
f 765/1403/1220 1472/1404/1221 1038/1400/1219
f 1078/1405/1222 984/1406/1191 1472/1404/1221
f 1472/1404/1221 727/1407/1196 1262/1401/881
f 738/1228/1088 1473/1408/1223 1242/1409/1224
f 1003/1391/1212 1243/1410/1225 1473/1408/1223
f 1473/1408/1223 651/1411/1226 991/832/1227
f 1242/1409/1224 991/832/1227 737/883/1228
f 1081/1412/1229 1036/1279/1134 766/1277/1132
f 1081/1412/1229 1266/1374/1199 1474/1413/1230
f 1474/1413/1230 728/940/834 1235/1414/1231
f 1474/1413/1230 661/682/1232 1036/1279/1134
f 817/1415/1233 1475/1416/1234 1307/1417/1235
f 1050/1418/1236 1092/1225/1085 1475/1416/1234
f 1475/1416/1234 664/1230/1090 992/1419/1237
f 1307/1417/1235 992/1419/1237 735/1420/1238
f 1079/1421/1239 1039/1422/1240 767/1423/1241
f 814/1276/1131 1476/1424/1242 1079/1421/1239
f 1269/1275/1130 985/1425/1206 1476/1424/1242
f 1039/1422/1240 985/1425/1206 662/1426/1204
f 958/1427/616 939/1428/1148 630/1429/614
f 633/705/621 1477/1430/1243 958/1431/616
f 939/1295/1148 1249/1432/700 685/795/696
f 1240/1433/1098 994/804/1098 734/820/1098
f 735/1420/1238 1478/1434/1098 1240/1433/1098
f 992/1435/1237 1239/1436/1244 1478/1434/1098
f 1478/1434/1098 648/758/1245 994/804/1098
f 1033/1437/1246 1256/1397/1217 810/1395/1215
f 1033/1437/1246 1070/1438/1247 1479/1439/1248
f 1479/1439/1248 656/1440/1249 969/1441/1250
f 1479/1439/1248 725/1442/1251 1256/1397/1217
f 668/1390/1211 1480/1443/1252 1243/1410/1225
f 1251/1444/1253 1250/1445/1254 1480/1443/1252
f 1480/1443/1252 740/674/873 1248/677/872
f 1243/1410/1225 1248/677/872 651/1411/1226
f 815/1446/1255 1481/1447/1256 1273/1448/1257
f 1075/1449/1258 1039/1422/1240 1481/1447/1256
f 1039/1422/1240 990/1450/1259 1481/1447/1256
f 1273/1448/1257 990/1450/1259 730/1451/1260
f 762/1452/1261 1482/1453/1262 1070/1438/1247
f 1041/1454/1263 1273/1448/1257 1482/1453/1262
f 1482/1453/1262 730/1451/1260 987/1272/1264
f 1070/1438/1247 987/1272/1264 656/1440/1249
f 1271/1455/1265 1354/1456/1266 732/945/839
f 1353/1457/1267 1271/1458/1265 725/1442/1251
f 730/1451/1260 1483/1459/1268 1353/974/1267
f 736/1460/1101 1484/1461/1098 981/1462/1187
f 1237/1463/1098 994/804/1098 1484/1461/1098
f 1484/1461/1098 648/758/1245 1284/1464/1269
f 981/1462/1187 1284/1464/1269 667/1363/1188
f 903/997/890 1310/1465/1270 828/998/892
f 786/1466/1271 1485/1467/1272 903/997/890
f 1485/1467/1273 637/1468/1274 968/1469/1275
f 1485/1467/1273 745/1470/1276 1310/1465/1277
f 1054/1471/1278 1126/1472/1279 768/1473/1280
f 820/1474/1281 1486/1475/1282 1054/1471/1278
f 1288/1476/1283 1006/1477/1284 1486/1475/1282
f 1486/1475/1282 663/1478/868 1126/1472/1279
f 822/1479/1285 1487/1480/1286 1346/1481/1287
f 775/1482/1288 1487/1480/1286 1063/1483/1289
f 993/1484/1290 1104/1485/1291 669/1486/1292
f 670/708/1100 1487/1480/1286 993/1487/1290
f 1346/1481/1287 1076/708/1293 774/708/1294
f 997/1488/1098 1238/821/1098 646/706/1098
f 665/1489/1238 1488/1490/1098 997/1488/1098
f 1241/1491/1238 1240/1433/1098 1488/1490/1098
f 1488/1490/1098 734/820/1098 1238/821/1098
f 1250/1492/1254 1017/1493/1295 740/674/873
f 741/1494/1296 1489/1495/1297 1250/1492/1254
f 1014/1496/1298 1019/1497/733 1489/1495/1297
f 1489/1495/1297 673/841/738 1017/1493/1295
f 1082/1498/1299 1308/1499/1300 733/1500/1301
f 672/1501/1302 1490/1502/1303 1082/1498/1299
f 1245/1503/1304 1113/1504/737 1490/1502/1303
f 1490/1502/1303 778/839/736 1308/1499/1300
f 841/1505/1305 1491/1506/1306 1337/1507/1307
f 1157/1508/1308 925/706/1309 1491/1506/1306
f 1491/1506/1306 655/706/1310 1296/1509/1311
f 1337/1507/1307 1296/1509/1311 758/1510/1312
f 769/1511/1313 1492/1512/1314 1090/1513/1315
f 1279/1514/1316 1307/1417/1235 1492/1512/1314
f 1492/1512/1314 735/1420/1238 1241/1491/1238
f 1090/1513/1315 1241/1491/1238 665/1489/1238
f 777/982/875 1493/1515/1317 1004/1516/1318
f 1247/981/874 1017/1493/1295 1493/1515/1317
f 1493/1515/1317 673/841/738 1245/1517/1304
f 1004/1516/1318 1245/1517/1304 672/1501/1302
f 836/921/812 1494/1518/1319 1327/1519/1320
f 919/1520/1321 1147/1521/1322 1494/1518/1319
f 1494/1518/1319 645/1522/1323 1000/1523/1324
f 1327/1519/1320 1000/1523/1324 753/1524/1325
f 837/1150/1027 1495/1525/1326 1329/1526/1327
f 920/1149/1025 1150/1527/1328 1495/1525/1326
f 1495/1525/1326 652/1528/1329 1005/1529/1330
f 1329/1526/1327 1005/1529/1330 754/1530/1331
f 744/1531/1332 1496/1532/1098 1024/1533/1098
f 1028/1534/1238 997/1488/1098 1496/1532/1098
f 1496/1532/1098 646/706/1098 1298/706/1098
f 1024/1533/1098 1298/706/1098 743/708/1098
f 975/944/838 1271/1535/1265 732/945/839
f 643/943/837 1497/1536/1333 975/944/838
f 1264/1537/1159 978/1538/1218 1497/1536/1333
f 1271/1535/1265 978/1538/1218 725/1442/1251
f 1238/821/1098 1001/1349/1098 646/706/1098
f 734/820/1098 1498/1539/1098 1238/821/1098
f 1237/1463/1098 1236/1540/1096 1498/1539/1098
f 1498/1539/1098 666/1237/1096 1001/1349/1098
f 773/1541/1334 1499/1542/1335 1096/1389/1210
f 1068/1543/1336 1302/1544/1337 1499/1542/1335
f 1499/1542/1335 741/1545/1296 1251/1444/1253
f 1096/1389/1210 1251/1444/1253 668/1390/1211
f 1018/756/1338 1284/1546/1269 648/758/1245
f 737/883/1228 1500/1547/1339 1018/756/1338
f 1011/1548/1340 1012/1549/1341 1500/1547/1339
f 1500/1547/1339 667/1550/1188 1284/1546/1269
f 1006/1477/1284 1246/1551/871 663/1478/868
f 739/1552/1342 1501/1553/1343 1006/1477/1284
f 1011/1554/1340 991/832/1227 1501/1553/1343
f 1501/1553/1343 651/833/1226 1246/1551/871
f 617/1318/711 1502/1555/1344 860/1556/709
f 859/1557/641 1166/1558/779 1502/1555/1344
f 1502/1555/1344 683/1253/1109 1164/1250/1108
f 860/1556/709 1164/1250/1108 598/1252/712
f 824/1559/1345 1503/1560/1346 1297/1561/1094
f 1101/1562/1347 1061/1563/1348 1503/1560/1346
f 1503/1560/1346 671/1244/1102 1253/1243/1101
f 1503/1560/1346 742/1564/1101 1297/1561/1094
f 808/1565/1152 1504/1566/1349 1009/1567/1350
f 724/1568/1071 1504/1566/1349 1213/1569/1178
f 1009/1570/1350 935/1571/1105 634/964/859
f 1347/1256/1111 900/1298/1150 616/1257/1112
f 678/715/632 1505/1572/1351 1347/1256/1111
f 933/714/631 1185/1573/958 1505/1572/1351
f 1505/1572/1351 715/1574/962 900/1298/1150
f 669/1486/1292 1506/1575/1098 993/1484/1290
f 1255/1576/1332 1024/1533/1098 1506/1575/1098
f 1506/1575/1098 743/708/1098 1254/708/1098
f 993/1484/1290 1254/708/1098 670/708/1100
f 1108/1577/1352 1300/1578/1353 825/1579/1354
f 1108/1577/1352 1090/1513/1315 1507/1580/1355
f 1507/1580/1355 665/1489/1238 1028/1534/1238
f 1300/1578/1353 1028/1534/1238 744/1531/1332
f 776/1581/1356 1508/1582/1357 1061/1563/1348
f 823/1583/1358 1508/1582/1357 1107/1584/1359
f 1076/708/1293 1109/1585/1360 774/708/1294
f 670/708/1100 1508/1582/1357 1076/708/1293
f 1061/1563/1348 995/1586/1099 671/1244/1102
f 1309/1015/908 901/1587/1361 788/1016/910
f 828/998/892 1509/1588/1362 1309/1015/908
f 1310/1465/1277 970/1589/1363 1509/1588/1364
f 1509/1588/1364 639/1590/1365 901/1587/1366
f 1292/1591/1367 1122/1592/1368 821/1593/1369
f 781/1594/1370 1510/1595/1371 1292/1591/1367
f 1115/1596/1372 1260/1597/1373 1510/1595/1371
f 1510/1595/1371 763/1598/841 1122/1592/1368
f 733/1599/1301 1511/1600/1374 1304/1601/1375
f 1308/1499/1300 1045/1042/930 1511/1600/1374
f 1511/1600/1374 640/708/935 989/1367/1192
f 1304/1601/1375 989/1367/1192 659/1364/1189
f 1066/1602/1376 1104/1603/1291 775/1604/1288
f 825/1579/1354 1512/1605/1377 1066/1602/1376
f 1512/1605/1377 744/1531/1332 1255/1576/1332
f 1512/1605/1377 669/1486/1292 1104/1603/1291
f 1227/1606/936 1010/798/699 633/705/621
f 703/1607/938 1513/1608/1378 1227/1609/936
f 809/801/701 1513/1608/1378 871/1610/1166
f 784/1024/920 1514/1611/1379 905/1612/1380
f 829/1613/1381 1514/1611/1379 1134/1614/918
f 1514/1611/1379 746/1615/1382 973/1616/1383
f 905/1612/1380 973/1616/1383 635/1617/1384
f 639/1590/1365 1515/1618/1385 1257/1619/1386
f 970/1589/1363 1072/1620/1387 1515/1618/1385
f 1515/1618/1385 810/1621/1215 1029/1622/1216
f 1257/1619/1386 1029/1622/1216 761/1392/1213
f 1072/1623/1387 1033/1624/1246 810/1625/1215
f 745/1470/1276 1516/1626/1388 1072/1623/1387
f 968/1469/1275 1258/1627/1389 1516/1626/1388
f 1516/1626/1388 762/1628/1261 1033/1624/1246
f 830/1629/949 1517/1630/1390 1315/1631/1391
f 909/1632/1392 1140/1633/1393 1517/1630/1390
f 1140/1633/1393 974/1634/1394 1517/1630/1390
f 1517/1630/1390 747/1635/1395 1315/1631/1396
f 789/1062/952 1518/1636/1397 907/1637/1398
f 1138/1061/950 1315/1638/1391 1518/1636/1397
f 1315/1638/1396 976/1639/1399 1518/1636/1400
f 1518/1636/1400 641/1640/1401 907/1637/1402
f 635/1617/1384 1519/1641/1403 1260/1642/1373
f 973/1616/1383 1077/1643/1404 1519/1641/1403
f 1519/1641/1403 811/1151/1028 1074/1644/844
f 1260/1642/1373 1074/1644/844 763/1645/841
f 1077/1643/1404 1277/1153/1030 811/1151/1028
f 746/1615/1382 1520/1646/1405 1077/1643/1404
f 1261/1647/1406 1257/1648/1386 1520/1646/1405
f 1520/1646/1405 761/1649/1213 1277/1153/1030
f 831/1090/977 1521/1650/1407 1317/1651/1408
f 1135/1652/1409 907/1637/1398 1521/1650/1407
f 1521/1650/1410 641/1640/1401 1268/1653/1411
f 1317/1651/1412 1268/1653/1411 748/1654/1413
f 787/1092/980 1522/1655/1414 911/1656/1415
f 1131/1091/978 1317/1651/1408 1522/1655/1414
f 1522/1655/1416 748/1654/1413 979/1657/1417
f 1522/1655/1416 638/1658/1418 911/1656/1419
f 976/1659/1399 1263/1660/1420 641/1640/1401
f 747/1661/1395 1523/1662/1421 976/1659/1399
f 1080/1663/1422 1071/983/876 1523/1662/1421
f 1523/1662/1421 764/985/878 1263/1660/1420
f 812/1664/879 1524/1665/1423 1038/1400/1219
f 1080/1666/1422 974/1667/1394 1524/1665/1423
f 1524/1665/1423 636/1668/1424 1265/1669/1425
f 1038/1400/1219 1265/1669/1425 765/1403/1220
f 1042/1670/1426 1137/1671/1427 786/1466/1271
f 833/963/857 1525/1672/1428 1042/1670/1426
f 1525/1672/1429 750/1673/1430 982/1674/1431
f 1137/1671/1432 982/1674/1431 637/1468/1274
f 1141/1346/1176 913/1675/1433 790/1347/1177
f 832/1345/1175 1526/1676/1434 1141/1346/1176
f 1319/1677/1435 980/1678/1436 1526/1676/1437
f 1526/1676/1437 642/1679/1438 913/1675/1439
f 979/1657/1417 1267/1680/1440 638/1658/1418
f 748/1654/1413 1527/1681/1441 979/1657/1417
f 1084/1682/1442 1081/1683/1229 1527/1681/1441
f 1527/1681/1441 766/1684/1132 1267/1680/1440
f 813/1372/1197 1528/1685/1443 1083/1686/1200
f 1084/1687/1442 1268/1653/1411 1528/1685/1443
f 1528/1685/1443 641/1640/1401 1263/1688/1420
f 1083/1686/1200 1263/1688/1420 764/985/878
f 833/963/857 1529/1689/1444 1321/1690/1445
f 1133/962/855 913/1675/1433 1529/1689/1444
f 1529/1689/1446 642/1679/1438 1274/1691/1447
f 1321/1690/1448 1274/1691/1447 750/1673/1430
f 980/1678/1436 1270/1692/1449 642/1679/1438
f 749/1693/1450 1530/1694/1451 980/1678/1436
f 1087/1695/1452 1079/1696/1239 1530/1694/1451
f 1530/1694/1451 767/1697/1241 1270/1692/1449
f 814/1698/1131 1531/1699/1453 1085/1700/1129
f 1087/1701/1452 1272/1702/1454 1531/1699/1453
f 1531/1699/1453 638/1658/1418 1267/1703/1440
f 1085/1700/1129 1267/1703/1440 766/1704/1132
f 1160/1260/1114 1343/1705/1455 844/1261/1116
f 795/1170/1044 1532/1706/1456 1160/1260/1114
f 922/1707/1457 1089/1708/1458 1532/1706/1456
f 1532/1706/1456 780/1709/1459 1343/1705/1455
f 1069/1173/1048 1132/1710/1460 800/1174/1049
f 844/1711/1116 1533/1712/1461 1069/1173/1048
f 1343/1713/1455 1112/1714/1462 1533/1712/1461
f 1533/1712/1461 675/1715/1463 1132/1710/1460
f 637/1468/1274 1534/1716/1464 1258/1717/1389
f 982/1674/1431 1073/1718/1465 1534/1716/1464
f 1534/1716/1464 815/1719/1255 1041/1720/1263
f 1258/1717/1389 1041/1720/1263 762/1721/1261
f 1073/1718/1465 1075/1722/1258 815/1446/1255
f 750/1673/1430 1535/1723/1466 1073/1718/1465
f 1274/1691/1447 1270/1724/1449 1535/1723/1466
f 1535/1723/1466 767/1725/1241 1075/1722/1258
f 801/1726/1107 1536/1727/1467 1154/1728/1468
f 1118/1729/1106 1345/1730/1469 1536/1727/1467
f 1536/1727/1467 781/1731/1470 1116/1732/1471
f 1154/1728/1468 1116/1732/1471 676/1733/1472
f 1112/1714/1473 1276/1734/1474 675/1715/1475
f 780/1709/1476 1537/1735/1477 1112/1714/1473
f 1125/1736/1478 1086/1737/1479 1537/1735/1477
f 1537/1735/1477 783/1738/1480 1276/1734/1474
f 1161/1135/1011 916/1082/968 791/1080/966
f 835/1739/1481 1538/1740/1482 1161/1135/1011
f 1325/1741/1483 999/1742/1484 1538/1740/1482
f 1538/1740/1482 644/1743/1485 916/1082/968
f 1278/1744/1486 1089/1745/1487 650/1746/1488
f 1278/1744/1486 1119/1747/1489 1539/1748/1490
f 1539/1748/1490 816/1749/1491 1125/1736/1478
f 1089/1745/1487 1125/1736/1478 780/1750/1476
f 1119/1747/1489 1275/1751/1492 816/1749/1491
f 768/1473/1280 1540/1752/1493 1119/1747/1489
f 1126/1472/1279 1111/1753/870 1540/1752/1493
f 1540/1752/1493 777/982/875 1275/1751/1492
f 1149/922/813 918/1754/1494 793/923/815
f 1149/922/813 1327/1519/1320 1541/1755/1495
f 1541/1755/1495 753/1524/1325 1002/1756/1496
f 918/1754/1494 1002/1756/1496 647/1757/1497
f 999/1742/1498 1280/1758/1499 644/1743/1500
f 752/1759/1501 1542/1760/1502 999/1742/1498
f 1542/1760/1502 817/1415/1233 1279/1514/1316
f 1280/1758/1499 1279/1514/1316 769/1511/1313
f 1093/1761/1503 1050/1762/1236 817/1415/1233
f 752/1759/1501 1543/1763/1504 1093/1761/1503
f 998/1764/1505 1281/1765/1506 1543/1763/1504
f 1543/1763/1504 770/1766/1083 1050/1762/1236
f 1086/1737/1479 1043/1767/1507 783/1738/1480
f 816/1768/1491 1544/1769/1508 1086/1737/1479
f 1275/1770/1492 1004/1771/1318 1544/1769/1508
f 1544/1769/1508 672/1772/1302 1043/1767/1507
f 1002/1756/1509 1283/1773/1510 647/1757/1511
f 753/1524/1512 1545/1774/1513 1002/1756/1509
f 1099/1775/1514 1095/1356/1181 1545/1774/1513
f 1545/1774/1513 771/1358/1183 1283/1773/1510
f 818/1776/1184 1546/1777/1515 1053/1778/1516
f 753/1779/1512 1546/1777/1515 1099/1775/1514
f 1000/1523/1517 1285/1780/1518 1546/1777/1515
f 1053/1778/1516 1285/1780/1518 772/1233/1093
f 794/917/806 1547/1781/1519 1144/1782/1520
f 1052/916/804 1329/1526/1327 1547/1781/1519
f 1547/1781/1519 754/1530/1331 1007/1783/1521
f 1547/1781/1519 649/1784/1522 1144/1782/1520
f 649/1784/1523 1548/1785/1524 1281/1765/1506
f 1007/1783/1525 1094/1786/1526 1548/1785/1524
f 1548/1785/1524 819/1386/1207 1051/1226/1086
f 1281/1765/1506 1051/1226/1086 770/1223/1083
f 1094/1787/1526 1056/1388/1209 819/1788/1207
f 754/1530/1527 1549/1789/1528 1094/1787/1526
f 1005/1790/1529 1287/1791/1530 1549/1789/1528
f 1549/1789/1528 773/1541/1334 1056/1388/1209
f 845/1210/1074 1550/1792/1531 1345/1730/1469
f 1162/1209/1073 905/1612/1380 1550/1792/1531
f 1550/1792/1531 635/1617/1384 1115/1793/1372
f 1345/1730/1469 1115/1793/1372 781/1731/1470
f 1013/1794/1532 1278/1744/1486 650/1795/1488
f 755/1796/1533 1551/1797/1534 1013/1794/1532
f 1088/1798/1535 1054/1471/1278 1551/1797/1534
f 1551/1797/1534 768/1473/1280 1278/1744/1486
f 820/1474/1281 1552/1799/1536 1091/1800/1537
f 1088/1798/1535 1290/1801/1538 1552/1799/1536
f 1552/1799/1536 647/1757/1511 1283/1773/1510
f 1091/1800/1537 1283/1773/1510 771/1802/1183
f 1151/1214/1077 1331/1803/1539 838/1168/1041
f 793/923/815 1553/1804/1540 1151/1214/1077
f 1553/1804/1540 647/1757/1497 1290/1805/1541
f 1331/1803/1539 1290/1805/1541 755/1796/1542
f 779/1806/931 1554/1807/1543 1289/1808/1544
f 1057/1809/734 1291/1810/1545 1554/1807/1543
f 1554/1807/1543 782/1811/1546 1098/1812/1547
f 1289/1808/1544 1098/1812/1547 821/1593/1369
f 676/1733/1548 1555/1813/1549 1121/1814/1550
f 1116/1732/1551 1292/1815/1367 1555/1813/1549
f 1555/1813/1549 821/1816/1369 1098/1817/1547
f 1121/1814/1550 1098/1817/1547 782/1818/1546
f 832/1345/1175 1556/1819/1552 1319/1677/1553
f 1142/1820/1554 911/1656/1415 1556/1819/1552
f 911/1656/1419 1272/1702/1454 1556/1819/1555
f 1556/1819/1555 749/1693/1450 1319/1677/1435
f 798/1821/1141 1557/1822/1556 927/1823/1557
f 1156/1284/1140 1337/1507/1307 1557/1822/1556
f 1557/1822/1556 758/1510/1312 1026/1824/1558
f 927/1823/1557 1026/1824/1558 654/1825/1559
f 1023/1826/1560 1293/708/1561 655/706/1562
f 757/1827/1563 1558/1828/1564 1023/1826/1560
f 1105/1829/1565 1346/1481/1287 1558/1828/1564
f 1558/1828/1564 774/1830/1294 1293/708/1561
f 822/1479/1285 1559/1831/1566 1063/1832/1289
f 1105/1833/1565 1021/1834/1567 1559/1831/1566
f 1559/1831/1566 653/1835/1568 1294/1836/1569
f 1063/1832/1289 1294/1836/1569 775/1837/1288
f 792/937/830 1560/1838/1570 1147/1521/1322
f 1065/936/828 1339/1839/1571 1560/1838/1570
f 1560/1838/1570 759/1840/1572 1027/1841/1573
f 1147/1521/1322 1027/1841/1573 645/1522/1323
f 654/1842/1574 1561/1843/1575 1295/1844/1576
f 1026/1824/1577 1110/1845/1578 1561/1843/1575
f 1561/1843/1575 823/1583/1358 1107/1584/1359
f 1295/1844/1576 1107/1584/1359 776/1846/1356
f 1110/1847/1578 1109/1585/1360 823/1583/1358
f 758/1848/1579 1562/1849/1580 1110/1847/1578
f 1296/1850/1581 1293/706/1561 1562/1849/1580
f 1562/1849/1580 774/708/1294 1109/1585/1360
f 1067/1851/1582 1159/1852/1583 797/1853/1584
f 843/1079/965 1563/1854/1585 1067/1851/1582
f 1341/1078/964 1030/1855/1586 1563/1854/1585
f 1563/1854/1585 653/1856/1587 1159/1852/1583
f 1129/1857/1588 1313/1858/1589 829/1859/1381
f 788/1860/910 1564/1861/1590 1129/1857/1588
f 1564/1861/1591 639/1862/1365 1261/1863/1406
f 1313/1858/1592 1261/1863/1406 746/1864/1382
f 645/1522/1593 1565/1865/1594 1285/1780/1518
f 1027/1841/1595 1100/1866/1596 1565/1865/1594
f 1565/1865/1594 824/1867/1345 1064/1231/1091
f 1285/1780/1518 1064/1231/1091 772/1233/1093
f 1100/1868/1596 1101/1562/1347 824/1559/1345
f 759/1840/1597 1566/1869/1598 1100/1868/1596
f 1299/1870/1599 1295/1844/1576 1566/1869/1598
f 1566/1869/1598 776/1846/1356 1101/1562/1347
f 917/1871/1600 1325/1741/1483 835/1739/1481
f 917/1871/1600 1144/1782/1520 1567/1872/1601
f 1144/1782/1520 998/1873/1602 1567/1872/1601
f 1567/1872/1601 752/1759/1603 1325/1741/1483
f 1030/1874/1604 1294/1836/1569 653/1835/1568
f 760/1875/1605 1568/1876/1606 1030/1874/1604
f 1106/1877/1607 1066/1602/1376 1568/1876/1606
f 1568/1876/1606 775/1604/1288 1294/1836/1569
f 825/1878/1354 1569/1879/1608 1108/1577/1352
f 1106/1880/1607 1301/1083/1609 1569/1879/1608
f 1569/1879/1608 644/1881/1500 1280/1758/1499
f 1108/1577/1352 1280/1758/1499 769/1511/1313
f 1163/1882/1122 925/706/1309 799/706/1124
f 840/1883/1121 1570/1884/1610 1163/1882/1122
f 1335/1885/1611 1023/1826/1612 1570/1884/1610
f 1570/1884/1610 655/706/1310 925/706/1309
f 1044/1886/995 1140/1887/1393 785/1888/996
f 834/1054/942 1571/1889/1613 1044/1886/995
f 1323/1890/1614 996/1891/1615 1571/1889/1613
f 1571/1889/1613 636/1668/1424 1140/1887/1393
f 652/1528/1616 1572/1892/1617 1287/1791/1530
f 1016/1893/1618 1102/1894/1619 1572/1892/1617
f 1572/1892/1617 826/1895/1620 1068/1543/1336
f 1287/1791/1530 1068/1543/1336 773/1541/1334
f 1102/1896/1619 1103/1897/1621 826/1898/1620
f 756/1899/1622 1573/1900/1623 1102/1896/1619
f 1303/1901/1624 1121/1902/1550 1573/1900/1623
f 1573/1900/1623 782/1811/1546 1103/1897/1621
f 842/1195/1061 1574/1903/1625 1339/1839/1571
f 1145/1904/1059 927/1823/1557 1574/1903/1625
f 1574/1903/1625 654/1825/1559 1299/1870/1626
f 1339/1839/1571 1299/1870/1626 759/1840/1572
f 1304/1905/1375 1123/1906/1627 733/1500/1301
f 659/1907/1189 1575/1908/1628 1304/1905/1375
f 1078/1909/1222 1059/1910/1629 1575/1908/1628
f 1575/1908/1628 827/1911/1630 1123/1906/1627
f 996/1891/1615 1265/1912/1425 636/1668/1424
f 751/1913/1631 1576/1914/1632 996/1891/1615
f 1305/1915/1633 1059/1916/1629 1576/1914/1632
f 1576/1914/1632 765/1403/1220 1265/1912/1425
f 827/1911/1630 1577/1917/1634 1047/1918/1635
f 1305/1915/1633 1124/1919/1636 1577/1917/1634
f 1577/1917/1634 675/1715/1475 1276/1920/1474
f 1047/1918/1635 1276/1920/1474 783/1921/1480
f 1082/1922/1299 1043/1923/1507 672/1772/1302
f 733/1500/1301 1578/1924/1637 1082/1922/1299
f 1123/1906/1627 1047/1925/1635 1578/1924/1637
f 1578/1924/1637 783/1738/1480 1043/1923/1507
f 722/972/864 1579/1926/1638 1008/1927/861
f 1009/1570/1350 950/1928/1153 808/1929/1152
f 1008/1930/861 1009/1931/1350 634/964/859
f 664/1230/1090 1580/1932/1639 1239/1933/1244
f 1244/1229/1089 1242/1409/1224 1580/1932/1639
f 1580/1932/1639 737/883/1228 1018/756/1338
f 1239/1933/1244 1018/756/1338 648/758/1245
f 1311/989/882 1231/1934/835 660/990/883
f 727/1407/1196 1581/1935/1640 1311/989/882
f 1232/1936/1195 983/1313/1160 1581/1935/1640
f 1581/1935/1640 643/1310/837 1231/1934/835
f 826/1895/1620 1582/1937/1641 1302/1544/1337
f 1103/1897/1621 1291/1810/1545 1582/1937/1641
f 1582/1937/1641 674/1938/731 1014/1939/1298
f 1302/1544/1337 1014/1939/1298 741/1545/1296
f 926/1940/1642 1335/1885/1611 840/1883/1121
f 797/1853/1584 1583/1941/1643 926/1940/1642
f 1159/1852/1583 1021/1834/1644 1583/1941/1643
f 1583/1941/1643 757/1827/1645 1335/1885/1611
f 1091/1800/1537 1288/1476/1283 820/1474/1281
f 771/1358/1183 1584/1942/1646 1091/1800/1537
f 1048/1357/1182 1012/1549/1341 1584/1942/1646
f 1584/1942/1646 739/1552/1342 1288/1476/1283
f 1053/1943/1516 1282/1361/1186 818/1359/1184
f 772/1233/1093 1585/1944/1647 1053/1943/1516
f 1097/1232/1092 1236/1540/1096 1585/1944/1647
f 1585/1944/1647 736/1460/1101 1282/1361/1186
f 1289/1808/1544 1120/1945/933 779/1044/931
f 821/1593/1369 1586/1946/1648 1289/1808/1544
f 1122/1592/1368 1031/1947/843 1586/1946/1648
f 1586/1946/1648 658/1948/848 1120/1945/933
f 619/682/601 1587/1949/1649 906/777/685
f 680/690/607 1587/1949/1649 855/1950/603
f 941/1158/1034 1191/1951/1002 1587/1949/1649
f 906/777/685 1191/1951/1002 718/778/686
f 1198/1952/1055 1136/996/1650 595/994/887
f 702/958/851 1588/1953/1651 1198/1952/1055
f 1320/957/858 1042/1670/1426 1588/1953/1652
f 1588/1953/1652 786/1466/1271 1136/996/889
f 618/890/781 1589/1954/1653 904/1955/1036
f 861/889/780 928/723/640 1589/1954/1653
f 1589/1954/1653 804/728/645 1188/1956/986
f 904/1955/1036 1188/1956/986 716/1107/990
f 677/975/866 1590/1957/1654 899/1958/1655
f 614/750/666 1590/1957/1654 867/1959/1128
f 929/749/665 846/1960/924 1590/1957/1654
f 899/1958/1655 846/1960/924 802/1961/925
f 852/695/608 910/1339/1169 620/771/610
f 852/695/608 936/776/684 1591/1962/1656
f 1591/1962/1656 806/780/688 1194/1963/1017
f 910/1339/1169 1194/1963/1017 719/1147/1022
f 615/716/633 1592/1964/1657 891/1965/635
f 1169/747/663 899/1958/1655 1592/1964/1657
f 1592/1964/1657 802/1961/925 1182/1035/927
f 891/1965/635 1182/1035/927 713/1966/929
f 1187/1967/953 1312/1022/1658 698/1020/915
f 597/1968/906 1593/1969/1659 1187/1967/953
f 1114/1970/911 1129/1857/1588 1593/1969/1660
f 1593/1969/1660 829/1859/1381 1312/1022/917
f 699/1103/1661 1594/1971/1662 1314/1059/947
f 1190/1972/1663 1139/1110/993 1594/1971/1662
f 1594/1971/1664 785/1113/996 909/1632/1392
f 1314/1059/1665 909/1632/1392 830/1629/949
f 700/1125/1003 1595/1973/1666 1316/1089/975
f 1193/1974/998 1035/1057/945 1595/1973/1666
f 1595/1973/1667 789/1062/952 1135/1652/1409
f 1316/1089/1668 1135/1652/1409 831/1090/977
f 701/1143/1018 1596/1975/1669 1318/1344/1173
f 1196/1976/1015 1037/1087/973 1596/1975/1669
f 1596/1975/1670 787/1092/980 1142/1820/1554
f 1318/1344/1671 1142/1820/1554 832/1345/1175
f 712/1977/748 1597/1978/1672 1340/1979/1673
f 1222/1980/1154 1046/1130/1007 1597/1978/1672
f 1597/1978/1674 791/1080/966 1155/1077/963
f 1340/1979/1675 1155/1077/963 843/1079/965
f 611/853/750 1598/1981/1676 1158/1982/1677
f 1221/852/749 1340/1979/1673 1598/1981/1676
f 1598/1981/1678 843/1079/965 1067/1983/1582
f 1158/1982/1679 1067/1983/1582 797/1853/1584
f 1204/1984/757 1324/1134/1680 704/1132/758
f 607/738/655 1599/1985/1681 1204/1984/757
f 1143/912/807 917/1871/1600 1599/1985/1682
f 1599/1985/1682 835/1739/1481 1324/1134/1010
f 705/898/788 1600/1986/1683 1326/920/810
f 1206/1987/723 1146/932/825 1600/1986/1683
f 1600/1986/1684 792/937/830 919/1520/1321
f 1326/920/1685 919/1520/1321 836/921/812
f 1224/1988/898 1332/1989/1686 708/926/818
f 1224/1988/898 1152/1246/1104 1601/1990/1687
f 1601/1990/1687 801/1249/1107 924/1991/1688
f 1332/1989/1689 924/1991/1688 839/928/821
f 709/1215/1079 1602/1992/1690 1334/1263/1119
f 1216/1217/1081 1158/1982/1677 1602/1992/1690
f 1602/1992/1690 797/1853/1584 926/1993/1642
f 1334/1263/1119 926/1993/1642 840/1264/1121
f 1218/1994/766 1336/1283/1139 710/873/769
f 613/708/768 1603/1995/1691 1218/1994/766
f 1060/706/1123 1157/1996/1308 1603/1995/1692
f 1603/1995/1692 841/1997/1305 1336/1283/1139
f 839/928/821 1604/1998/1693 1333/1999/1694
f 924/1991/1688 1154/2000/1468 1604/1998/1693
f 1604/1998/1693 676/1733/1472 1303/1901/1695
f 1333/1999/1694 1303/1901/1695 756/2001/1696
f 1153/1169/1042 922/1707/1457 795/1170/1044
f 838/1168/1041 1605/2002/1697 1153/1169/1042
f 1605/2002/1697 755/1796/1542 1013/1794/1698
f 922/1707/1457 1013/1794/1698 650/1795/1699
f 796/930/824 1606/2003/1700 1150/1527/1328
f 1058/929/822 1333/2004/1694 1606/2003/1700
f 1606/2003/1700 756/2001/1696 1016/1893/1701
f 1150/1527/1328 1016/1893/1701 652/1528/1329
f 915/2005/941 1323/1890/1614 834/1054/942
f 800/2006/1049 1607/2007/1702 915/2005/941
f 1132/2008/1460 1124/1919/1703 1607/2007/1702
f 1607/2007/1702 751/1913/1704 1323/1890/1614
f 1229/1293/1146 1177/2009/792 631/2010/798
f 721/2011/1066 1608/2012/1705 1229/1293/1146
f 1228/2013/1065 921/967/862 1608/2012/1705
f 1608/2012/1705 632/2014/793 1177/2009/792
f 977/1280/1135 1351/685/1706 729/1281/1136
f 661/682/1232 1609/2015/1707 977/2016/1135
f 1351/2017/1706 1235/2018/1231 728/940/834
f 1233/766/833 1351/2017/1706 728/940/834
f 1352/2019/1203 1233/2020/833 732/945/839
f 729/1281/1136 1610/2021/1708 1352/764/1203
f 656/1440/1249 1611/2022/1709 969/2023/1250
f 1353/2024/1267 987/748/1264 730/1451/1260
f 969/1441/1250 1353/2024/1267 725/1442/1251
f 990/1338/1259 1354/2025/1266 730/1451/1260
f 662/771/1204 1612/2026/1710 990/2027/1259
f 1354/2028/1266 1234/2029/1202 732/945/839
f 692/674/593 959/677/596 1355/675/594
f 959/677/596 609/833/730 1175/678/597
f 1355/675/594 1175/678/597 621/679/598
f 1176/676/595 1355/675/594 884/680/599
f 619/682/601 1168/686/605 1356/683/602
f 1117/685/604 1356/683/602 1168/686/605
f 855/688/603 1356/683/602 1117/689/604
f 852/691/608 1357/694/611 1127/692/609
f 620/693/610 862/773/612 1357/694/611
f 1127/692/609 1357/694/611 862/696/612
f 630/698/614 878/701/617 1358/699/615
f 878/701/617 720/1332/600 1200/702/618
f 1358/699/615 1200/702/618 723/703/619
f 958/700/616 1358/699/615 946/704/620
f 896/706/622 1359/709/626 1181/707/623
f 695/708/625 894/710/627 1359/709/626
f 894/710/627 696/1002/897 893/711/628
f 1359/709/626 893/711/628 627/712/629
f 1165/713/630 1360/717/634 933/714/631
f 615/716/633 891/718/635 1360/717/634
f 891/718/635 713/1040/929 934/719/636
f 1360/717/634 934/719/636 803/720/637
f 679/721/638 859/724/641 1361/722/639
f 859/724/641 617/2030/711 937/725/642
f 1361/722/639 937/725/642 717/726/643
f 928/723/640 1361/722/639 851/727/644
f 601/729/646 1167/732/649 1362/730/647
f 1167/732/649 618/890/781 863/733/650
f 863/733/650 680/690/607 864/734/651
f 850/731/648 1362/730/647 864/734/651
f 1207/735/652 1363/739/656 953/736/653
f 607/738/655 948/740/657 1363/739/656
f 948/740/657 622/763/678 881/741/658
f 1363/739/656 881/741/658 690/742/659
f 601/743/646 850/731/648 1364/744/660
f 850/731/648 684/697/613 1170/746/662
f 1170/746/662 677/975/866 1169/747/663
f 866/745/661 1364/744/660 1169/747/663
f 865/748/664 1365/752/668 929/749/665
f 682/751/667 942/753/669 1365/752/668
f 942/753/669 807/1183/1053 912/754/670
f 1365/752/668 912/754/670 714/755/671
f 887/756/672 1366/760/676 880/757/673
f 689/759/675 1174/761/677 1366/760/676
f 1174/761/677 690/2031/659 881/762/658
f 1366/760/676 881/762/658 622/763/678
f 864/734/651 1367/767/679 1127/764/609
f 1117/765/604 1367/767/679 864/766/651
f 681/687/606 1127/2032/609 1367/767/679
f 862/769/612 1368/772/681 1025/770/680
f 620/771/610 858/2033/682 1368/772/681
f 1025/770/680 1368/772/681 858/774/682
f 681/687/606 1168/686/605 1369/775/683
f 1168/686/605 619/682/601 906/777/685
f 1369/775/683 906/777/685 718/778/686
f 936/776/684 1369/775/683 945/779/687
f 1165/713/630 1370/784/689 866/781/661
f 678/783/632 1348/785/690 1370/784/689
f 1348/785/690 683/1253/1109 847/786/691
f 1370/784/689 847/786/691 601/787/646
f 964/788/692 1371/792/694 884/789/599
f 608/791/693 1201/793/695 1371/792/694
f 1201/793/695 723/2034/619 1200/794/618
f 1371/792/694 1200/794/618 720/681/600
f 685/795/696 1249/1432/700 1372/796/697
f 1010/798/699 1372/796/697 1249/799/700
f 966/800/698 1372/796/697 1010/798/699
f 606/758/674 875/804/704 1373/802/702
f 875/804/704 686/820/704 1197/805/705
f 1373/802/702 1197/805/705 688/806/706
f 883/803/703 1373/802/702 856/807/707
f 860/809/709 1374/813/713 923/810/710
f 598/812/712 914/814/714 1374/813/713
f 914/814/714 721/1200/1066 963/815/715
f 1374/813/713 963/815/715 685/795/696
f 624/816/716 882/819/719 1375/817/717
f 882/819/719 688/806/706 1197/805/705
f 1375/817/717 1197/805/705 686/820/704
f 1171/818/718 1375/817/717 870/821/704
f 603/823/720 1206/826/723 1376/824/721
f 1206/826/723 705/2035/788 952/827/724
f 1376/824/721 952/827/724 688/806/706
f 951/825/722 1376/824/721 882/819/719
f 876/828/725 1377/831/728 889/829/726
f 690/742/659 1174/761/677 1377/831/728
f 1174/761/677 689/883/675 868/832/729
f 1377/831/728 868/832/729 609/833/730
f 674/834/731 1057/837/734 1378/835/732
f 1057/837/734 779/1044/931 1306/838/735
f 1378/835/732 1306/838/735 778/839/736
f 1019/836/733 1378/835/732 1113/840/737
f 1219/842/739 1379/845/742 955/843/740
f 1219/842/739 603/823/720 951/825/722
f 1379/845/742 951/825/722 624/816/716
f 955/843/740 1379/845/742 886/846/743
f 627/712/629 893/711/628 1380/848/745
f 893/711/628 696/1002/897 957/850/747
f 1380/848/745 957/850/747 712/851/748
f 956/849/746 1380/848/745 1221/852/749
f 707/854/751 1210/857/754 1381/855/752
f 1210/857/754 608/1164/693 964/858/692
f 1381/855/752 964/858/692 621/859/598
f 954/856/753 1381/855/752 879/860/755
f 1204/862/757 1382/864/759 948/740/657
f 704/863/758 1202/865/760 1382/864/759
f 1202/865/760 687/1008/901 872/866/761
f 1382/864/759 872/866/761 622/763/678
f 1180/867/762 1383/870/765 1217/868/763
f 628/708/624 1215/708/767 1383/870/765
f 1218/872/766 1383/870/765 1215/708/767
f 710/873/769 895/874/770 1383/870/765
f 1217/868/763 1383/870/765 895/874/770
f 629/869/764 1179/878/773 1384/876/772
f 1179/878/773 694/2036/744 888/879/774
f 1384/876/772 888/879/774 695/708/625
f 1180/877/762 1384/876/772 896/706/622
f 1209/880/775 1385/884/777 877/881/776
f 689/883/675 887/756/672 1385/884/777
f 887/756/672 606/758/674 883/803/703
f 1385/884/777 883/803/703 625/885/708
f 601/787/646 847/786/691 1386/886/778
f 847/786/691 683/1253/1109 1166/888/779
f 1386/886/778 1166/888/779 679/721/638
f 1167/887/649 1386/886/778 861/889/780
f 1208/891/782 1387/894/785 949/892/783
f 706/737/654 953/736/653 1387/894/785
f 953/736/653 690/742/659 876/828/725
f 1387/894/785 876/828/725 626/830/727
f 625/808/708 856/807/707 1388/895/786
f 856/807/707 688/806/706 952/897/724
f 1388/895/786 952/897/724 705/898/788
f 1205/896/787 1388/895/786 874/899/789
f 885/901/791 1389/905/795 1177/902/792
f 693/904/794 1178/906/796 1389/905/795
f 1178/906/796 692/674/593 960/907/797
f 1389/905/795 960/907/797 631/908/798
f 1220/909/799 1390/910/800 1217/868/763
f 711/844/741 955/911/740 1390/910/800
f 955/911/740 694/2036/744 1179/878/773
f 1390/910/800 1179/878/773 629/869/764
f 1207/735/652 1391/914/802 1143/912/801
f 706/913/654 1328/915/1023 1391/914/802
f 1328/915/803 837/1150/1027 1052/916/804
f 1391/914/805 1052/916/804 794/917/806
f 605/900/790 874/899/789 1392/918/808
f 874/899/789 705/898/788 1326/920/810
f 1392/918/811 1326/920/1685 836/921/812
f 1049/919/814 1392/918/811 1149/922/813
f 1223/924/816 1393/927/819 1148/925/817
f 708/926/818 1332/2037/1686 1393/927/819
f 1393/927/820 1332/2037/1689 839/928/821
f 1148/925/823 1393/927/820 1058/929/822
f 1219/931/739 1394/934/826 1146/932/825
f 711/844/741 1338/935/1056 1394/934/826
f 1338/935/827 842/1195/1061 1065/936/828
f 1394/934/829 1065/936/828 792/937/830
f 986/938/832 1395/942/836 1233/939/833
f 986/938/832 660/1377/883 1231/941/835
f 1395/942/836 1231/941/835 643/943/837
f 1233/939/833 1395/942/836 975/944/838
f 1171/818/718 1396/946/840 886/846/743
f 604/706/704 897/708/704 1396/946/840
f 897/708/704 695/708/625 888/879/774
f 1396/946/840 888/879/774 694/947/744
f 763/948/841 1074/951/844 1397/949/842
f 1074/951/844 811/1151/1028 1259/952/845
f 1397/949/842 1259/952/845 726/953/846
f 1031/950/843 1397/949/842 961/954/847
f 1199/956/849 1398/960/853 1320/957/850
f 600/959/852 1040/961/1172 1398/960/853
f 1040/961/854 790/1347/1177 1133/962/855
f 1398/960/856 1133/962/855 833/963/857
f 634/964/859 1212/2038/863 1399/965/860
f 921/967/862 1399/965/860 1212/968/863
f 1008/970/861 1399/965/860 921/971/862
f 1170/973/662 1400/976/867 1022/974/865
f 1025/770/680 1400/976/867 1170/746/662
f 682/751/667 1022/2039/865 1400/976/867
f 663/977/868 1246/980/871 1401/978/869
f 1246/980/871 651/833/1226 1248/677/872
f 1401/978/869 1248/677/872 740/674/873
f 1111/979/870 1401/978/869 1247/981/874
f 1071/983/876 1402/987/880 1034/984/877
f 812/986/879 1262/988/881 1402/987/880
f 1262/988/881 727/1407/1196 1311/989/882
f 1402/987/880 1311/989/882 660/990/883
f 1184/991/884 1403/995/888 1128/992/885
f 595/994/887 1136/996/1650 1403/995/888
f 1136/996/889 786/1466/1271 903/997/890
f 1403/995/891 903/997/890 828/998/892
f 604/706/704 1173/1000/895 1404/999/894
f 1173/1000/895 623/2040/1156 898/1001/896
f 1404/999/894 898/1001/896 696/1002/897
f 897/708/704 1404/999/894 894/1003/627
f 1224/1004/898 1405/1006/899 1212/1005/863
f 708/926/818 947/1007/900 1405/1006/899
f 947/1007/900 693/904/794 885/901/791
f 1405/1006/899 885/901/791 632/903/793
f 872/866/761 1406/1009/902 880/757/673
f 687/1008/901 1172/1010/903 1406/1009/902
f 1172/1010/903 686/820/704 875/804/704
f 1406/1009/902 875/804/704 606/758/674
f 1350/1011/904 1407/1014/907 1114/1012/905
f 697/993/886 1128/992/885 1407/1014/907
f 1128/992/893 828/998/892 1309/1015/908
f 1407/1014/909 1309/1015/908 788/1016/910
f 848/1017/912 1408/1021/916 1032/1018/913
f 698/1020/915 1312/1022/1658 1408/1021/916
f 1312/1022/917 829/1859/1381 1134/1023/918
f 1408/1021/919 1134/1023/918 784/1024/920
f 1184/1025/884 1409/1029/922 902/1026/921
f 697/1028/886 932/1030/923 1409/1029/922
f 932/1030/923 802/2041/925 846/1031/924
f 1409/1029/922 846/1031/924 714/1032/671
f 802/1033/925 932/1036/923 1410/1034/926
f 932/1036/923 697/1028/886 1350/1037/904
f 1410/1034/926 1350/1037/904 597/1038/906
f 1182/1035/927 1410/1034/926 1183/1039/928
f 1306/1041/735 1411/1045/932 1045/1042/930
f 779/1044/931 1120/1046/933 1411/1045/932
f 1120/1046/933 658/1378/848 1230/1047/934
f 1411/1045/932 1230/1047/934 640/708/935
f 1227/1048/936 1412/1051/939 1322/1049/937
f 633/705/621 1130/1052/940 1412/1051/939
f 1130/1052/940 800/1174/1049 915/1053/941
f 1412/1051/939 915/1053/941 834/1054/942
f 599/1055/943 849/1058/946 1413/1056/944
f 849/1058/946 699/1103/1661 1314/1059/947
f 1413/1056/948 1314/1059/1665 830/1060/949
f 1035/1057/951 1413/1056/948 1138/1061/950
f 1187/1063/953 1414/1066/955 1183/1064/928
f 698/1065/954 930/1067/956 1414/1066/955
f 930/1067/956 803/2042/637 934/1068/636
f 1414/1066/955 934/1068/636 713/1069/929
f 803/1070/637 930/1067/956 1415/1071/957
f 930/1067/956 698/1020/954 848/1073/959
f 1415/1071/957 848/1073/959 593/1074/960
f 1185/1072/958 1415/1071/957 1186/1075/961
f 1155/1077/963 1416/1081/967 1341/1078/964
f 791/1080/966 916/1082/968 1416/1081/967
f 916/1082/968 644/1743/1485 1301/1083/969
f 1416/1081/967 1301/1083/969 760/1084/970
f 596/1085/971 853/1088/974 1417/1086/972
f 853/1088/974 700/1125/1003 1316/1089/975
f 1417/1086/976 1316/1089/1668 831/1090/977
f 1037/1087/979 1417/1086/976 1131/1091/978
f 594/1093/981 1190/1096/984 1418/1094/982
f 1190/1096/984 699/2043/987 940/1097/985
f 1418/1094/982 940/1097/985 804/1098/645
f 908/1095/983 1418/1094/982 851/1099/644
f 940/1101/985 1419/1104/988 1188/1102/986
f 699/1103/987 849/1105/946 1419/1104/988
f 849/1105/946 599/1055/943 1189/1106/989
f 1419/1104/988 1189/1106/989 716/1107/990
f 594/1108/991 1226/1111/994 1420/1109/992
f 1226/1111/994 703/1050/938 1322/1049/937
f 1420/1109/992 1322/1049/937 834/1054/942
f 1139/1110/993 1420/1109/992 1044/1112/995
f 599/1114/943 1193/1117/998 1421/1115/997
f 1193/1117/998 700/2044/1003 938/1118/999
f 1421/1115/997 938/1118/999 805/1119/1000
f 1189/1116/989 1421/1115/997 943/1120/1001
f 938/1122/999 1422/1126/1004 1191/1123/1002
f 700/1125/1003 853/1127/974 1422/1126/1004
f 853/1127/974 596/1136/971 1192/1128/1005
f 1422/1126/1004 1192/1128/1005 718/778/686
f 873/1129/1006 1423/1133/1009 1046/1130/1007
f 704/1132/758 1324/1134/1680 1423/1133/1009
f 1324/1134/1010 835/1739/1481 1161/1135/1011
f 1423/1133/1012 1161/1135/1011 791/1080/966
f 596/1136/971 1196/1138/1015 1424/1137/1014
f 1196/1138/1015 701/2045/1018 944/1139/1016
f 1424/1137/1014 944/1139/1016 806/1140/688
f 1192/1128/1005 1424/1137/1014 945/1141/687
f 944/1139/1016 1425/1144/1019 1194/1142/1017
f 701/1143/1018 854/1145/1020 1425/1144/1019
f 854/1145/1020 600/959/852 1195/1146/1021
f 1425/1144/1019 1195/1146/1021 719/1147/1022
f 1208/891/782 1426/1148/1024 1328/915/1023
f 610/893/784 1148/925/817 1426/1148/1024
f 1148/925/823 796/930/824 920/1149/1025
f 1426/1148/1026 920/1149/1025 837/1150/1027
f 811/1151/1028 1277/1153/1030 1427/1152/1029
f 1277/1153/1030 761/1392/1213 1020/1154/1031
f 1427/1152/1029 1020/1154/1031 657/1155/1032
f 1259/952/845 1427/1152/1029 972/1156/1033
f 863/1157/650 1428/1160/1035 941/1158/1034
f 618/1159/781 904/1161/1036 1428/1160/1035
f 904/1161/1036 716/2046/990 943/1162/1001
f 1428/1160/1035 943/1162/1001 805/1163/1000
f 608/1164/693 1210/857/754 1429/1165/1037
f 1210/857/754 707/1211/751 1330/1167/1039
f 1429/1165/1040 1330/1167/1078 838/1168/1041
f 1055/1166/1043 1429/1165/1040 1153/1169/1042
f 946/704/620 1430/1172/1046 1130/1052/940
f 946/704/620 723/703/619 1342/1171/1045
f 1342/1171/1047 844/1711/1116 1069/1173/1048
f 1430/1172/1046 1069/1173/1048 800/1174/1049
f 1199/1175/849 1431/1179/1050 1195/1176/1021
f 702/1178/851 857/1180/1051 1431/1179/1050
f 857/1180/1051 807/1183/1053 931/1181/1052
f 1431/1179/1050 931/1181/1052 719/1182/1022
f 807/1183/1053 857/1185/1051 1432/1184/1054
f 857/1185/1051 702/2047/851 1198/1186/1055
f 1432/1184/1054 1198/1186/1055 595/1187/887
f 912/754/670 1432/1184/1054 902/1188/921
f 1220/1190/799 1433/1192/1057 1338/1191/1056
f 612/875/771 1062/1193/1137 1433/1192/1057
f 1062/1193/1058 798/1285/1141 1145/1194/1059
f 1433/1192/1060 1145/1194/1059 842/1195/1061
f 598/812/712 1349/1197/1063 1434/1196/1062
f 1349/1197/1063 616/1296/1112 962/1198/1064
f 1434/1196/1062 962/1198/1064 722/972/864
f 914/814/714 1434/1196/1062 1228/1199/1065
f 605/1201/790 1211/1203/1068 1435/1202/1067
f 1211/1203/1068 707/854/751 954/856/753
f 1435/1202/1067 954/856/753 691/861/756
f 1205/896/787 1435/1202/1067 877/881/776
f 1214/1205/1069 1436/1208/1072 1344/1206/1070
f 593/1019/914 1032/1018/913 1436/1208/1072
f 1032/1018/913 784/1024/920 1162/1209/1073
f 1436/1208/1072 1162/1209/1073 845/1210/1074
f 707/1211/751 1211/1213/1068 1437/1212/1075
f 1211/1213/1068 605/900/790 1049/919/809
f 1437/1212/1076 1049/919/814 793/923/815
f 1330/1167/1078 1437/1212/1076 1151/1214/1077
f 709/1215/1079 892/1218/1082 1438/1216/1080
f 1215/706/767 1438/1216/1080 892/1218/1082
f 628/708/624 1181/1220/623 1438/1216/1080
f 956/1219/746 1438/1216/1080 1181/1220/623
f 1216/1221/1081 1438/1216/1080 956/849/746
f 770/1223/1083 1051/1226/1086 1439/1224/1084
f 1051/1226/1086 819/1386/1207 1286/1227/1087
f 1439/1224/1084 1286/1227/1087 738/1228/1088
f 1092/1225/1085 1439/1224/1084 1244/1229/1089
f 1064/1231/1091 1440/1235/1095 1097/1232/1092
f 1064/1231/1091 824/1867/1345 1297/1234/1094
f 1297/1234/1094 742/1351/1101 1015/1236/1096
f 1440/1235/1095 1015/1236/1096 666/1237/1096
f 1175/1238/597 1441/1239/1097 879/860/755
f 609/833/730 868/832/729 1441/1239/1097
f 868/832/729 689/883/675 1209/880/775
f 1441/1239/1097 1209/880/775 691/882/756
f 1254/708/1098 1442/1241/1098 995/1240/1099
f 743/708/1098 1252/1242/1098 1442/1241/1098
f 1252/1242/1098 742/1564/1101 1253/1243/1101
f 1442/1241/1098 1253/1243/1101 671/1244/1102
f 634/964/859 935/1247/1105 1443/1245/1103
f 935/1247/1105 724/1207/1071 1344/1206/1070
f 1443/1245/1103 1344/1206/1070 845/1210/1074
f 1152/1246/1104 1443/1245/1103 1118/1248/1106
f 1164/1250/1108 1444/1254/1110 1349/1251/1063
f 683/1253/1109 1348/1255/690 1444/1254/1110
f 1348/1255/690 678/715/632 1347/1256/1111
f 1444/1254/1110 1347/1256/1111 616/1257/1112
f 723/703/619 1201/793/695 1445/1258/1113
f 1201/793/695 608/1164/693 1055/1166/1038
f 1055/1166/1043 795/1170/1044 1160/1260/1114
f 1445/1258/1115 1160/1260/1114 844/1261/1116
f 613/708/768 892/1218/1082 1446/1262/1117
f 892/1218/1082 709/1215/1079 1334/1263/1119
f 1446/1262/1120 1334/1263/1119 840/1264/1121
f 1060/706/1123 1446/1262/1120 1163/1265/1122
f 692/674/593 1178/1268/796 1447/1266/1125
f 1178/1268/796 693/1309/794 890/1269/1126
f 1447/1266/1125 890/1269/1126 626/830/727
f 959/1267/596 1447/1266/1125 889/829/726
f 865/748/664 1448/1271/1127 1022/1270/865
f 614/750/666 867/1441/1128 1448/1271/1127
f 1022/974/865 1448/1271/1127 867/1273/1128
f 1085/1274/1129 1449/1278/1133 1269/1275/1130
f 766/1277/1132 1036/1279/1134 1449/1278/1133
f 1036/1279/1134 661/682/1232 977/1280/1135
f 1449/1278/1133 977/1280/1135 729/1281/1136
f 895/874/770 1450/1282/1138 1062/1193/1137
f 710/873/769 1336/1283/1139 1450/1282/1138
f 1336/1283/1139 841/1997/1305 1156/1284/1140
f 1450/1282/1138 1156/1284/1140 798/1285/1141
f 873/1286/1006 1451/1287/1142 1202/865/760
f 602/1131/1008 1203/1288/1143 1451/1287/1142
f 1203/1288/1143 623/1305/1156 869/1289/1144
f 1451/1287/1142 869/1289/1144 687/1008/901
f 721/1290/1066 1229/1293/1146 1452/1291/1145
f 1229/1293/1146 631/908/798 967/1294/1147
f 1452/1291/1145 967/1294/1147 630/698/614
f 963/1292/715 1452/1291/1145 939/1295/1148
f 616/1296/1112 900/1298/1150 1453/1297/1149
f 900/1298/1150 715/1076/962 965/1299/1151
f 1453/1297/1149 965/1299/1151 808/1300/1152
f 962/1198/1064 1453/1297/1149 950/1301/1153
f 1222/1302/1154 1454/1303/1155 1203/1288/1143
f 1222/1302/1154 712/2048/748 957/850/747
f 957/850/747 696/1002/897 898/1304/896
f 1454/1303/1155 898/1304/896 623/1305/1156
f 1223/1306/816 1455/1308/1157 947/1007/900
f 610/893/784 949/892/783 1455/1308/1157
f 949/892/783 626/830/727 890/1269/1126
f 1455/1308/1157 890/1269/1126 693/1309/794
f 643/1310/837 983/1313/1160 1456/1311/1158
f 983/1313/1160 731/2049/1194 988/1314/1161
f 1456/1311/1158 988/1314/1161 726/1315/846
f 1264/1312/1159 1456/1311/1158 972/1316/1033
f 617/1318/711 923/1321/710 1457/1319/1162
f 923/1321/710 685/795/696 966/1322/698
f 1457/1319/1162 966/1322/698 809/1323/701
f 937/1320/642 1457/1319/1162 1225/1324/1163
f 870/821/704 1458/1327/1164 1173/1326/895
f 686/820/704 1172/1328/903 1458/1327/1164
f 1172/1328/903 687/1008/901 869/1329/1144
f 1458/1327/1164 869/1329/1144 623/1305/1156
f 631/908/798 960/907/797 1459/1330/1165
f 960/907/797 692/674/593 1176/1331/595
f 1459/1330/1165 1176/1331/595 720/1332/600
f 967/1294/1147 1459/1330/1165 878/701/617
f 871/1333/1166 1460/1336/1167 1225/1324/1163
f 703/1335/938 1226/1337/1168 1460/1336/1167
f 1226/1337/1168 594/2050/981 908/1095/983
f 1460/1336/1167 908/1095/983 717/1325/643
f 858/1338/682 1461/1340/1170 942/753/669
f 858/1338/682 620/771/610 910/1339/1169
f 910/1339/1169 719/1147/1022 931/1341/1052
f 1461/1340/1170 931/1341/1052 807/1183/1053
f 600/959/852 854/1343/1020 1462/1342/1171
f 854/1343/1020 701/1143/1018 1318/1344/1173
f 1462/1342/1174 1318/1344/1671 832/1345/1175
f 1040/961/854 1462/1342/1174 1141/1346/1176
f 1298/706/1098 1463/1348/1098 1252/1242/1098
f 646/706/1098 1001/1349/1098 1463/1348/1098
f 1001/1349/1098 666/1237/1096 1015/1350/1096
f 1463/1348/1098 1015/1350/1096 742/1351/1101
f 965/1299/1151 1464/1354/1179 1213/1352/1178
f 715/1076/962 1186/1355/961 1464/1354/1179
f 1186/1355/961 593/1019/960 1214/1205/1180
f 1464/1354/1179 1214/1205/1180 724/1207/1071
f 1095/1356/1181 1465/1360/1185 1048/1357/1182
f 818/1359/1184 1282/1361/1186 1465/1360/1185
f 1282/1361/1186 736/1460/1101 981/1362/1187
f 1465/1360/1185 981/1362/1187 667/1363/1188
f 659/1364/1189 989/1367/1192 1466/1365/1190
f 989/1367/1192 640/708/935 971/1368/1193
f 1466/1365/1190 971/1368/1193 731/1369/1194
f 984/1366/1191 1466/1365/1190 1232/1370/1195
f 813/1372/1197 1083/1376/1200 1467/1373/1198
f 764/1375/878 1034/2051/877 1467/1373/1198
f 1467/1373/1198 1034/2051/877 660/1377/883
f 1266/1374/1199 1467/1373/1198 986/938/832
f 1230/1047/934 1468/1379/1201 971/1368/1193
f 658/1378/848 961/1380/847 1468/1379/1201
f 961/1380/847 726/953/846 988/1381/1161
f 1468/1379/1201 988/1381/1161 731/1369/1194
f 1234/773/1202 1469/1384/1205 1352/1382/1203
f 662/1383/1204 985/1425/1206 1469/1384/1205
f 1352/692/1203 1469/1384/1205 985/691/1206
f 819/1386/1207 1056/1388/1209 1470/1387/1208
f 1056/1388/1209 773/1541/1334 1096/1389/1210
f 1470/1387/1208 1096/1389/1210 668/1390/1211
f 1286/1227/1087 1470/1387/1208 1003/1391/1212
f 761/1392/1213 1029/1396/1216 1471/1393/1214
f 810/1395/1215 1256/1397/1217 1471/1393/1214
f 1256/1397/1217 725/1442/1251 978/1398/1218
f 1471/1393/1214 978/1398/1218 657/1399/1032
f 1038/1400/1219 1472/1404/1221 1262/1401/881
f 765/1403/1220 1078/1405/1222 1472/1404/1221
f 1078/1405/1222 659/1907/1189 984/1406/1191
f 1472/1404/1221 984/1406/1191 727/1407/1196
f 738/1228/1088 1003/1391/1212 1473/1408/1223
f 1003/1391/1212 668/1390/1211 1243/1410/1225
f 1473/1408/1223 1243/1410/1225 651/1411/1226
f 1242/1409/1224 1473/1408/1223 991/832/1227
f 1081/1412/1229 1474/1413/1230 1036/1279/1134
f 1081/1412/1229 813/1372/1197 1266/1374/1199
f 1474/1413/1230 1266/1374/1199 728/940/834
f 1474/1413/1230 1235/1414/1231 661/682/1232
f 817/1415/1233 1050/1418/1236 1475/1416/1234
f 1050/1418/1236 770/1223/1083 1092/1225/1085
f 1475/1416/1234 1092/1225/1085 664/1230/1090
f 1307/1417/1235 1475/1416/1234 992/1419/1237
f 1079/1421/1239 1476/1424/1242 1039/1422/1240
f 814/1276/1131 1269/1275/1130 1476/1424/1242
f 1269/1275/1130 729/1281/1136 985/1425/1206
f 1039/1422/1240 1476/1424/1242 985/1425/1206
f 958/1427/616 1477/1430/1243 939/1428/1148
f 633/705/621 1249/2052/700 1477/1430/1243
f 939/1295/1148 1477/1430/1243 1249/1432/700
f 1240/1433/1098 1478/1434/1098 994/804/1098
f 735/1420/1238 992/1435/1237 1478/1434/1098
f 992/1435/1237 664/1230/1090 1239/1436/1244
f 1478/1434/1098 1239/1436/1244 648/758/1245
f 1033/1437/1246 1479/1439/1248 1256/1397/1217
f 1033/1437/1246 762/1452/1261 1070/1438/1247
f 1479/1439/1248 1070/1438/1247 656/1440/1249
f 1479/1439/1248 969/1441/1250 725/1442/1251
f 668/1390/1211 1251/1444/1253 1480/1443/1252
f 1251/1444/1253 741/1545/1296 1250/1445/1254
f 1480/1443/1252 1250/1445/1254 740/674/873
f 1243/1410/1225 1480/1443/1252 1248/677/872
f 815/1446/1255 1075/1449/1258 1481/1447/1256
f 1075/1449/1258 767/1423/1241 1039/1422/1240
f 1039/1422/1240 662/1426/1204 990/1450/1259
f 1273/1448/1257 1481/1447/1256 990/1450/1259
f 762/1452/1261 1041/1454/1263 1482/1453/1262
f 1041/1454/1263 815/1446/1255 1273/1448/1257
f 1482/1453/1262 1273/1448/1257 730/1451/1260
f 1070/1438/1247 1482/1453/1262 987/1272/1264
f 1271/1455/1265 1483/1459/1268 1354/1456/1266
f 1353/1457/1267 1483/1459/1268 1271/1458/1265
f 730/1451/1260 1354/2053/1266 1483/1459/1268
f 736/1460/1101 1237/1463/1098 1484/1461/1098
f 1237/1463/1098 734/820/1098 994/804/1098
f 1484/1461/1098 994/804/1098 648/758/1245
f 981/1462/1187 1484/1461/1098 1284/1464/1269
f 903/997/890 1485/1467/1272 1310/1465/1270
f 786/1466/1271 1137/1671/1427 1485/1467/1272
f 1485/1467/1273 1137/1671/1432 637/1468/1274
f 1485/1467/1273 968/1469/1275 745/1470/1276
f 1054/1471/1278 1486/1475/1282 1126/1472/1279
f 820/1474/1281 1288/1476/1283 1486/1475/1282
f 1288/1476/1283 739/1552/1342 1006/1477/1284
f 1486/1475/1282 1006/1477/1284 663/1478/868
f 822/1479/1285 1063/1832/1289 1487/1480/1286
f 775/1482/1288 1104/1603/1291 1487/1480/1286
f 993/1484/1290 1487/1480/1286 1104/1485/1291
f 670/708/1100 1076/708/1293 1487/1480/1286
f 1346/1481/1287 1487/1480/1286 1076/708/1293
f 997/1488/1098 1488/1490/1098 1238/821/1098
f 665/1489/1238 1241/1491/1238 1488/1490/1098
f 1241/1491/1238 735/1420/1238 1240/1433/1098
f 1488/1490/1098 1240/1433/1098 734/820/1098
f 1250/1492/1254 1489/1495/1297 1017/1493/1295
f 741/1494/1296 1014/1496/1298 1489/1495/1297
f 1014/1496/1298 674/834/731 1019/1497/733
f 1489/1495/1297 1019/1497/733 673/841/738
f 1082/1498/1299 1490/1502/1303 1308/1499/1300
f 672/1501/1302 1245/1503/1304 1490/1502/1303
f 1245/1503/1304 673/2054/738 1113/1504/737
f 1490/1502/1303 1113/1504/737 778/839/736
f 841/1505/1305 1157/1508/1308 1491/1506/1306
f 1157/1508/1308 799/706/1124 925/706/1309
f 1491/1506/1306 925/706/1309 655/706/1310
f 1337/1507/1307 1491/1506/1306 1296/1509/1311
f 769/1511/1313 1279/1514/1316 1492/1512/1314
f 1279/1514/1316 817/1415/1233 1307/1417/1235
f 1492/1512/1314 1307/1417/1235 735/1420/1238
f 1090/1513/1315 1492/1512/1314 1241/1491/1238
f 777/982/875 1247/981/874 1493/1515/1317
f 1247/981/874 740/674/873 1017/1493/1295
f 1493/1515/1317 1017/1493/1295 673/841/738
f 1004/1516/1318 1493/1515/1317 1245/1517/1304
f 836/921/812 919/1520/1321 1494/1518/1319
f 919/1520/1321 792/937/830 1147/1521/1322
f 1494/1518/1319 1147/1521/1322 645/1522/1323
f 1327/1519/1320 1494/1518/1319 1000/1523/1324
f 837/1150/1027 920/1149/1025 1495/1525/1326
f 920/1149/1025 796/930/824 1150/1527/1328
f 1495/1525/1326 1150/1527/1328 652/1528/1329
f 1329/1526/1327 1495/1525/1326 1005/1529/1330
f 744/1531/1332 1028/1534/1238 1496/1532/1098
f 1028/1534/1238 665/1489/1238 997/1488/1098
f 1496/1532/1098 997/1488/1098 646/706/1098
f 1024/1533/1098 1496/1532/1098 1298/706/1098
f 975/944/838 1497/1536/1333 1271/1535/1265
f 643/943/837 1264/1537/1159 1497/1536/1333
f 1264/1537/1159 657/1317/1032 978/1538/1218
f 1271/1535/1265 1497/1536/1333 978/1538/1218
f 1238/821/1098 1498/1539/1098 1001/1349/1098
f 734/820/1098 1237/1463/1098 1498/1539/1098
f 1237/1463/1098 736/2055/1101 1236/1540/1096
f 1498/1539/1098 1236/1540/1096 666/1237/1096
f 773/1541/1334 1068/1543/1336 1499/1542/1335
f 1068/1543/1336 826/1895/1620 1302/1544/1337
f 1499/1542/1335 1302/1544/1337 741/1545/1296
f 1096/1389/1210 1499/1542/1335 1251/1444/1253
f 1018/756/1338 1500/1547/1339 1284/1546/1269
f 737/883/1228 1011/1548/1340 1500/1547/1339
f 1011/1548/1340 739/1552/1342 1012/1549/1341
f 1500/1547/1339 1012/1549/1341 667/1550/1188
f 1006/1477/1284 1501/1553/1343 1246/1551/871
f 739/1552/1342 1011/1554/1340 1501/1553/1343
f 1011/1554/1340 737/883/1228 991/832/1227
f 1501/1553/1343 991/832/1227 651/833/1226
f 617/1318/711 859/1557/641 1502/1555/1344
f 859/1557/641 679/2056/638 1166/1558/779
f 1502/1555/1344 1166/1558/779 683/1253/1109
f 860/1556/709 1502/1555/1344 1164/1250/1108
f 824/1559/1345 1101/1562/1347 1503/1560/1346
f 1101/1562/1347 776/1846/1356 1061/1563/1348
f 1503/1560/1346 1061/1563/1348 671/1244/1102
f 1503/1560/1346 1253/1243/1101 742/1564/1101
f 808/1565/1152 1213/2057/1178 1504/1566/1349
f 724/1568/1071 935/1571/1105 1504/1566/1349
f 1009/1570/1350 1504/1566/1349 935/1571/1105
f 1347/1256/1111 1505/1572/1351 900/1298/1150
f 678/715/632 933/714/631 1505/1572/1351
f 933/714/631 803/720/637 1185/1573/958
f 1505/1572/1351 1185/1573/958 715/1574/962
f 669/1486/1292 1255/1576/1332 1506/1575/1098
f 1255/1576/1332 744/1531/1332 1024/1533/1098
f 1506/1575/1098 1024/1533/1098 743/708/1098
f 993/1484/1290 1506/1575/1098 1254/708/1098
f 1108/1577/1352 1507/1580/1355 1300/1578/1353
f 1108/1577/1352 769/1511/1313 1090/1513/1315
f 1507/1580/1355 1090/1513/1315 665/1489/1238
f 1300/1578/1353 1507/1580/1355 1028/1534/1238
f 776/1581/1356 1107/1584/1359 1508/1582/1357
f 823/1583/1358 1109/2058/1360 1508/1582/1357
f 1076/708/1293 1508/1582/1357 1109/1585/1360
f 670/708/1100 995/1240/1099 1508/1582/1357
f 1061/1563/1348 1508/1582/1357 995/1586/1099
f 1309/1015/908 1509/1588/1362 901/1587/1361
f 828/998/892 1310/1465/1270 1509/1588/1362
f 1310/1465/1277 745/1470/1276 970/1589/1363
f 1509/1588/1364 970/1589/1363 639/1590/1365
f 1292/1591/1367 1510/1595/1371 1122/1592/1368
f 781/1594/1370 1115/1596/1372 1510/1595/1371
f 1115/1596/1372 635/1726/1384 1260/1597/1373
f 1510/1595/1371 1260/1597/1373 763/1598/841
f 733/1599/1301 1308/1499/1300 1511/1600/1374
f 1308/1499/1300 778/1043/736 1045/1042/930
f 1511/1600/1374 1045/1042/930 640/708/935
f 1304/1601/1375 1511/1600/1374 989/1367/1192
f 1066/1602/1376 1512/1605/1377 1104/1603/1291
f 825/1579/1354 1300/1578/1353 1512/1605/1377
f 1512/1605/1377 1300/1578/1353 744/1531/1332
f 1512/1605/1377 1255/1576/1332 669/1486/1292
f 1227/1606/936 1513/1608/1378 1010/798/699
f 703/1607/938 871/1333/1166 1513/1608/1378
f 809/801/701 1010/798/699 1513/1608/1378
f 784/1024/920 1134/1614/918 1514/1611/1379
f 829/1613/1381 1313/2059/1589 1514/1611/1379
f 1514/1611/1379 1313/2059/1592 746/1615/1382
f 905/1612/1380 1514/1611/1379 973/1616/1383
f 639/1590/1365 970/1589/1363 1515/1618/1385
f 970/1589/1363 745/1470/1276 1072/1620/1387
f 1515/1618/1385 1072/1620/1387 810/1621/1215
f 1257/1619/1386 1515/1618/1385 1029/1622/1216
f 1072/1623/1387 1516/1626/1388 1033/1624/1246
f 745/1470/1276 968/1469/1275 1516/1626/1388
f 968/1469/1275 637/1468/1274 1258/1627/1389
f 1516/1626/1388 1258/1627/1389 762/1628/1261
f 830/1629/949 909/1632/1392 1517/1630/1390
f 909/1632/1392 785/1113/996 1140/1633/1393
f 1140/1633/1393 636/2060/1424 974/1634/1394
f 1517/1630/1390 974/1634/1394 747/1635/1395
f 789/1062/952 1138/1061/950 1518/1636/1397
f 1138/1061/950 830/1060/949 1315/1638/1391
f 1315/1638/1396 747/1635/1395 976/1639/1399
f 1518/1636/1400 976/1639/1399 641/1640/1401
f 635/1617/1384 973/1616/1383 1519/1641/1403
f 973/1616/1383 746/1615/1382 1077/1643/1404
f 1519/1641/1403 1077/1643/1404 811/1151/1028
f 1260/1642/1373 1519/1641/1403 1074/1644/844
f 1077/1643/1404 1520/1646/1405 1277/1153/1030
f 746/1615/1382 1261/1647/1406 1520/1646/1405
f 1261/1647/1406 639/1862/1365 1257/1648/1386
f 1520/1646/1405 1257/1648/1386 761/1649/1213
f 831/1090/977 1135/1652/1409 1521/1650/1407
f 1135/1652/1409 789/1062/952 907/1637/1398
f 1521/1650/1410 907/1637/1402 641/1640/1401
f 1317/1651/1412 1521/1650/1410 1268/1653/1411
f 787/1092/980 1131/1091/978 1522/1655/1414
f 1131/1091/978 831/1090/977 1317/1651/1408
f 1522/1655/1416 1317/1651/1412 748/1654/1413
f 1522/1655/1416 979/1657/1417 638/1658/1418
f 976/1659/1399 1523/1662/1421 1263/1660/1420
f 747/1661/1395 1080/1663/1422 1523/1662/1421
f 1080/1663/1422 812/986/879 1071/983/876
f 1523/1662/1421 1071/983/876 764/985/878
f 812/1664/879 1080/1666/1422 1524/1665/1423
f 1080/1666/1422 747/2061/1395 974/1667/1394
f 1524/1665/1423 974/1667/1394 636/1668/1424
f 1038/1400/1219 1524/1665/1423 1265/1669/1425
f 1042/1670/1426 1525/1672/1428 1137/1671/1427
f 833/963/857 1321/1690/1445 1525/1672/1428
f 1525/1672/1429 1321/1690/1448 750/1673/1430
f 1137/1671/1432 1525/1672/1429 982/1674/1431
f 1141/1346/1176 1526/1676/1434 913/1675/1433
f 832/1345/1175 1319/1677/1553 1526/1676/1434
f 1319/1677/1435 749/1693/1450 980/1678/1436
f 1526/1676/1437 980/1678/1436 642/1679/1438
f 979/1657/1417 1527/1681/1441 1267/1680/1440
f 748/1654/1413 1084/1682/1442 1527/1681/1441
f 1084/1682/1442 813/2062/1197 1081/1683/1229
f 1527/1681/1441 1081/1683/1229 766/1684/1132
f 813/1372/1197 1084/1687/1442 1528/1685/1443
f 1084/1687/1442 748/1654/1413 1268/1653/1411
f 1528/1685/1443 1268/1653/1411 641/1640/1401
f 1083/1686/1200 1528/1685/1443 1263/1688/1420
f 833/963/857 1133/962/855 1529/1689/1444
f 1133/962/855 790/1347/1177 913/1675/1433
f 1529/1689/1446 913/1675/1439 642/1679/1438
f 1321/1690/1448 1529/1689/1446 1274/1691/1447
f 980/1678/1436 1530/1694/1451 1270/1692/1449
f 749/1693/1450 1087/1695/1452 1530/1694/1451
f 1087/1695/1452 814/2063/1131 1079/1696/1239
f 1530/1694/1451 1079/1696/1239 767/1697/1241
f 814/1698/1131 1087/1701/1452 1531/1699/1453
f 1087/1701/1452 749/1693/1450 1272/1702/1454
f 1531/1699/1453 1272/1702/1454 638/1658/1418
f 1085/1700/1129 1531/1699/1453 1267/1703/1440
f 1160/1260/1114 1532/1706/1456 1343/1705/1455
f 795/1170/1044 922/1707/1457 1532/1706/1456
f 922/1707/1457 650/1795/1699 1089/1708/1458
f 1532/1706/1456 1089/1708/1458 780/1709/1459
f 1069/1173/1048 1533/1712/1461 1132/1710/1460
f 844/1711/1116 1343/1713/1455 1533/1712/1461
f 1343/1713/1455 780/1709/1459 1112/1714/1462
f 1533/1712/1461 1112/1714/1462 675/1715/1463
f 637/1468/1274 982/1674/1431 1534/1716/1464
f 982/1674/1431 750/1673/1430 1073/1718/1465
f 1534/1716/1464 1073/1718/1465 815/1719/1255
f 1258/1717/1389 1534/1716/1464 1041/1720/1263
f 1073/1718/1465 1535/1723/1466 1075/1722/1258
f 750/1673/1430 1274/1691/1447 1535/1723/1466
f 1274/1691/1447 642/1679/1438 1270/1724/1449
f 1535/1723/1466 1270/1724/1449 767/1725/1241
f 801/1726/1107 1118/1729/1106 1536/1727/1467
f 1118/1729/1106 845/1210/1074 1345/1730/1469
f 1536/1727/1467 1345/1730/1469 781/1731/1470
f 1154/1728/1468 1536/1727/1467 1116/1732/1471
f 1112/1714/1473 1537/1735/1477 1276/1734/1474
f 780/1709/1476 1125/1736/1478 1537/1735/1477
f 1125/1736/1478 816/1768/1491 1086/1737/1479
f 1537/1735/1477 1086/1737/1479 783/1738/1480
f 1161/1135/1011 1538/1740/1482 916/1082/968
f 835/1739/1481 1325/1741/1483 1538/1740/1482
f 1325/1741/1483 752/1759/1603 999/1742/1484
f 1538/1740/1482 999/1742/1484 644/1743/1485
f 1278/1744/1486 1539/1748/1490 1089/1745/1487
f 1278/1744/1486 768/2064/1280 1119/1747/1489
f 1539/1748/1490 1119/1747/1489 816/1749/1491
f 1089/1745/1487 1539/1748/1490 1125/1736/1478
f 1119/1747/1489 1540/1752/1493 1275/1751/1492
f 768/1473/1280 1126/1472/1279 1540/1752/1493
f 1126/1472/1279 663/1478/868 1111/1753/870
f 1540/1752/1493 1111/1753/870 777/982/875
f 1149/922/813 1541/1755/1495 918/1754/1494
f 1149/922/813 836/921/812 1327/1519/1320
f 1541/1755/1495 1327/1519/1320 753/1524/1325
f 918/1754/1494 1541/1755/1495 1002/1756/1496
f 999/1742/1498 1542/1760/1502 1280/1758/1499
f 752/1759/1501 1093/2065/1503 1542/1760/1502
f 1542/1760/1502 1093/2065/1503 817/1415/1233
f 1280/1758/1499 1542/1760/1502 1279/1514/1316
f 1093/1761/1503 1543/1763/1504 1050/1762/1236
f 752/1759/1501 998/1764/1505 1543/1763/1504
f 998/1764/1505 649/1784/1523 1281/1765/1506
f 1543/1763/1504 1281/1765/1506 770/1766/1083
f 1086/1737/1479 1544/1769/1508 1043/1767/1507
f 816/1768/1491 1275/1770/1492 1544/1769/1508
f 1275/1770/1492 777/982/875 1004/1771/1318
f 1544/1769/1508 1004/1771/1318 672/1772/1302
f 1002/1756/1509 1545/1774/1513 1283/1773/1510
f 753/1524/1512 1099/1775/1514 1545/1774/1513
f 1099/1775/1514 818/1359/1184 1095/1356/1181
f 1545/1774/1513 1095/1356/1181 771/1358/1183
f 818/1776/1184 1099/1775/1514 1546/1777/1515
f 753/1779/1512 1000/1523/1517 1546/1777/1515
f 1000/1523/1517 645/1522/1593 1285/1780/1518
f 1053/1778/1516 1546/1777/1515 1285/1780/1518
f 794/917/806 1052/916/804 1547/1781/1519
f 1052/916/804 837/1150/1027 1329/1526/1327
f 1547/1781/1519 1329/1526/1327 754/1530/1331
f 1547/1781/1519 1007/1783/1521 649/1784/1522
f 649/1784/1523 1007/1783/1525 1548/1785/1524
f 1007/1783/1525 754/1530/1527 1094/1786/1526
f 1548/1785/1524 1094/1786/1526 819/1386/1207
f 1281/1765/1506 1548/1785/1524 1051/1226/1086
f 1094/1787/1526 1549/1789/1528 1056/1388/1209
f 754/1530/1527 1005/1790/1529 1549/1789/1528
f 1005/1790/1529 652/2066/1616 1287/1791/1530
f 1549/1789/1528 1287/1791/1530 773/1541/1334
f 845/1210/1074 1162/1209/1073 1550/1792/1531
f 1162/1209/1073 784/1024/920 905/1612/1380
f 1550/1792/1531 905/1612/1380 635/1617/1384
f 1345/1730/1469 1550/1792/1531 1115/1793/1372
f 1013/1794/1532 1551/1797/1534 1278/1744/1486
f 755/1796/1533 1088/1798/1535 1551/1797/1534
f 1088/1798/1535 820/1474/1281 1054/1471/1278
f 1551/1797/1534 1054/1471/1278 768/1473/1280
f 820/1474/1281 1088/1798/1535 1552/1799/1536
f 1088/1798/1535 755/2067/1533 1290/1801/1538
f 1552/1799/1536 1290/1801/1538 647/1757/1511
f 1091/1800/1537 1552/1799/1536 1283/1773/1510
f 1151/1214/1077 1553/1804/1540 1331/1803/1539
f 793/923/815 918/1754/1494 1553/1804/1540
f 1553/1804/1540 918/1754/1494 647/1757/1497
f 1331/1803/1539 1553/1804/1540 1290/1805/1541
f 779/1806/931 1057/1809/734 1554/1807/1543
f 1057/1809/734 674/2068/731 1291/1810/1545
f 1554/1807/1543 1291/1810/1545 782/1811/1546
f 1289/1808/1544 1554/1807/1543 1098/1812/1547
f 676/1733/1548 1116/1732/1551 1555/1813/1549
f 1116/1732/1551 781/1731/1370 1292/1815/1367
f 1555/1813/1549 1292/1815/1367 821/1816/1369
f 1121/1814/1550 1555/1813/1549 1098/1817/1547
f 832/1345/1175 1142/1820/1554 1556/1819/1552
f 1142/1820/1554 787/1092/980 911/1656/1415
f 911/1656/1419 638/1658/1418 1272/1702/1454
f 1556/1819/1555 1272/1702/1454 749/1693/1450
f 798/1821/1141 1156/1284/1140 1557/1822/1556
f 1156/1284/1140 841/1505/1305 1337/1507/1307
f 1557/1822/1556 1337/1507/1307 758/1510/1312
f 927/1823/1557 1557/1822/1556 1026/1824/1558
f 1023/1826/1560 1558/1828/1564 1293/708/1561
f 757/1827/1563 1105/1829/1565 1558/1828/1564
f 1105/1829/1565 822/1479/1285 1346/1481/1287
f 1558/1828/1564 1346/1481/1287 774/1830/1294
f 822/1479/1285 1105/1833/1565 1559/1831/1566
f 1105/1833/1565 757/2069/1563 1021/1834/1567
f 1559/1831/1566 1021/1834/1567 653/1835/1568
f 1063/1832/1289 1559/1831/1566 1294/1836/1569
f 792/937/830 1065/936/828 1560/1838/1570
f 1065/936/828 842/1195/1061 1339/1839/1571
f 1560/1838/1570 1339/1839/1571 759/1840/1572
f 1147/1521/1322 1560/1838/1570 1027/1841/1573
f 654/1842/1574 1026/1824/1577 1561/1843/1575
f 1026/1824/1577 758/2070/1579 1110/1845/1578
f 1561/1843/1575 1110/1845/1578 823/1583/1358
f 1295/1844/1576 1561/1843/1575 1107/1584/1359
f 1110/1847/1578 1562/1849/1580 1109/1585/1360
f 758/1848/1579 1296/1850/1581 1562/1849/1580
f 1296/1850/1581 655/708/1562 1293/706/1561
f 1562/1849/1580 1293/706/1561 774/708/1294
f 1067/1851/1582 1563/1854/1585 1159/1852/1583
f 843/1079/965 1341/1078/964 1563/1854/1585
f 1341/1078/964 760/1084/970 1030/1855/1586
f 1563/1854/1585 1030/1855/1586 653/1856/1587
f 1129/1857/1588 1564/1861/1590 1313/1858/1589
f 788/1860/910 901/2071/1361 1564/1861/1590
f 1564/1861/1591 901/2071/1366 639/1862/1365
f 1313/1858/1592 1564/1861/1591 1261/1863/1406
f 645/1522/1593 1027/1841/1595 1565/1865/1594
f 1027/1841/1595 759/1840/1597 1100/1866/1596
f 1565/1865/1594 1100/1866/1596 824/1867/1345
f 1285/1780/1518 1565/1865/1594 1064/1231/1091
f 1100/1868/1596 1566/1869/1598 1101/1562/1347
f 759/1840/1597 1299/1870/1599 1566/1869/1598
f 1299/1870/1599 654/2072/1574 1295/1844/1576
f 1566/1869/1598 1295/1844/1576 776/1846/1356
f 917/1871/1600 1567/1872/1601 1325/1741/1483
f 917/1871/1600 794/917/806 1144/1782/1520
f 1144/1782/1520 649/1784/1522 998/1873/1602
f 1567/1872/1601 998/1873/1602 752/1759/1603
f 1030/1874/1604 1568/1876/1606 1294/1836/1569
f 760/1875/1605 1106/1877/1607 1568/1876/1606
f 1106/1877/1607 825/1579/1354 1066/1602/1376
f 1568/1876/1606 1066/1602/1376 775/1604/1288
f 825/1878/1354 1106/1880/1607 1569/1879/1608
f 1106/1880/1607 760/1084/1605 1301/1083/1609
f 1569/1879/1608 1301/1083/1609 644/1881/1500
f 1108/1577/1352 1569/1879/1608 1280/1758/1499
f 1163/1882/1122 1570/1884/1610 925/706/1309
f 840/1883/1121 1335/1885/1611 1570/1884/1610
f 1335/1885/1611 757/1827/1645 1023/1826/1612
f 1570/1884/1610 1023/1826/1612 655/706/1310
f 1044/1886/995 1571/1889/1613 1140/1887/1393
f 834/1054/942 1323/1890/1614 1571/1889/1613
f 1323/1890/1614 751/1913/1704 996/1891/1615
f 1571/1889/1613 996/1891/1615 636/1668/1424
f 652/1528/1616 1016/1893/1618 1572/1892/1617
f 1016/1893/1618 756/2001/1622 1102/1894/1619
f 1572/1892/1617 1102/1894/1619 826/1895/1620
f 1287/1791/1530 1572/1892/1617 1068/1543/1336
f 1102/1896/1619 1573/1900/1623 1103/1897/1621
f 756/1899/1622 1303/1901/1624 1573/1900/1623
f 1303/1901/1624 676/2073/1548 1121/1902/1550
f 1573/1900/1623 1121/1902/1550 782/1811/1546
f 842/1195/1061 1145/1904/1059 1574/1903/1625
f 1145/1904/1059 798/1821/1141 927/1823/1557
f 1574/1903/1625 927/1823/1557 654/1825/1559
f 1339/1839/1571 1574/1903/1625 1299/1870/1626
f 1304/1905/1375 1575/1908/1628 1123/1906/1627
f 659/1907/1189 1078/1909/1222 1575/1908/1628
f 1078/1909/1222 765/2074/1220 1059/1910/1629
f 1575/1908/1628 1059/1910/1629 827/1911/1630
f 996/1891/1615 1576/1914/1632 1265/1912/1425
f 751/1913/1631 1305/1915/1633 1576/1914/1632
f 1305/1915/1633 827/1911/1630 1059/1916/1629
f 1576/1914/1632 1059/1916/1629 765/1403/1220
f 827/1911/1630 1305/1915/1633 1577/1917/1634
f 1305/1915/1633 751/1913/1631 1124/1919/1636
f 1577/1917/1634 1124/1919/1636 675/1715/1475
f 1047/1918/1635 1577/1917/1634 1276/1920/1474
f 1082/1922/1299 1578/1924/1637 1043/1923/1507
f 733/1500/1301 1123/1906/1627 1578/1924/1637
f 1123/1906/1627 827/1911/1630 1047/1925/1635
f 1578/1924/1637 1047/1925/1635 783/1738/1480
f 722/972/864 950/2075/1153 1579/1926/1638
f 1009/1570/1350 1579/1926/1638 950/1928/1153
f 1008/1930/861 1579/1926/1638 1009/1931/1350
f 664/1230/1090 1244/1229/1089 1580/1932/1639
f 1244/1229/1089 738/1228/1088 1242/1409/1224
f 1580/1932/1639 1242/1409/1224 737/883/1228
f 1239/1933/1244 1580/1932/1639 1018/756/1338
f 1311/989/882 1581/1935/1640 1231/1934/835
f 727/1407/1196 1232/1936/1195 1581/1935/1640
f 1232/1936/1195 731/2049/1194 983/1313/1160
f 1581/1935/1640 983/1313/1160 643/1310/837
f 826/1895/1620 1103/1897/1621 1582/1937/1641
f 1103/1897/1621 782/1811/1546 1291/1810/1545
f 1582/1937/1641 1291/1810/1545 674/1938/731
f 1302/1544/1337 1582/1937/1641 1014/1939/1298
f 926/1940/1642 1583/1941/1643 1335/1885/1611
f 797/1853/1584 1159/1852/1583 1583/1941/1643
f 1159/1852/1583 653/1856/1587 1021/1834/1644
f 1583/1941/1643 1021/1834/1644 757/1827/1645
f 1091/1800/1537 1584/1942/1646 1288/1476/1283
f 771/1358/1183 1048/1357/1182 1584/1942/1646
f 1048/1357/1182 667/1363/1188 1012/1549/1341
f 1584/1942/1646 1012/1549/1341 739/1552/1342
f 1053/1943/1516 1585/1944/1647 1282/1361/1186
f 772/1233/1093 1097/1232/1092 1585/1944/1647
f 1097/1232/1092 666/1237/1096 1236/1540/1096
f 1585/1944/1647 1236/1540/1096 736/1460/1101
f 1289/1808/1544 1586/1946/1648 1120/1945/933
f 821/1593/1369 1122/1592/1368 1586/1946/1648
f 1122/1592/1368 763/1598/841 1031/1947/843
f 1586/1946/1648 1031/1947/843 658/1948/848
f 619/682/601 855/1950/603 1587/1949/1649
f 680/690/607 941/1158/1034 1587/1949/1649
f 941/1158/1034 805/1163/1000 1191/1951/1002
f 906/777/685 1587/1949/1649 1191/1951/1002
f 1198/1952/1055 1588/1953/1651 1136/996/1650
f 702/958/851 1320/957/850 1588/1953/1651
f 1320/957/858 833/963/857 1042/1670/1426
f 1588/1953/1652 1042/1670/1426 786/1466/1271
f 618/890/781 861/889/780 1589/1954/1653
f 861/889/780 679/721/638 928/723/640
f 1589/1954/1653 928/723/640 804/728/645
f 904/1955/1036 1589/1954/1653 1188/1956/986
f 677/975/866 867/1959/1128 1590/1957/1654
f 614/750/666 929/749/665 1590/1957/1654
f 929/749/665 714/755/671 846/1960/924
f 899/1958/1655 1590/1957/1654 846/1960/924
f 852/695/608 1591/1962/1656 910/1339/1169
f 852/695/608 681/687/606 936/776/684
f 1591/1962/1656 936/776/684 806/780/688
f 910/1339/1169 1591/1962/1656 1194/1963/1017
f 615/716/633 1169/747/663 1592/1964/1657
f 1169/747/663 677/975/866 899/1958/1655
f 1592/1964/1657 899/1958/1655 802/1961/925
f 891/1965/635 1592/1964/1657 1182/1035/927
f 1187/1967/953 1593/1969/1659 1312/1022/1658
f 597/1968/906 1114/1970/905 1593/1969/1659
f 1114/1970/911 788/1860/910 1129/1857/1588
f 1593/1969/1660 1129/1857/1588 829/1859/1381
f 699/1103/1661 1190/1972/1663 1594/1971/1662
f 1190/1972/1663 594/1108/991 1139/1110/993
f 1594/1971/1664 1139/1110/993 785/1113/996
f 1314/1059/1665 1594/1971/1664 909/1632/1392
f 700/1125/1003 1193/1974/998 1595/1973/1666
f 1193/1974/998 599/1055/943 1035/1057/945
f 1595/1973/1667 1035/1057/951 789/1062/952
f 1316/1089/1668 1595/1973/1667 1135/1652/1409
f 701/1143/1018 1196/1976/1015 1596/1975/1669
f 1196/1976/1015 596/1085/971 1037/1087/973
f 1596/1975/1670 1037/1087/979 787/1092/980
f 1318/1344/1671 1596/1975/1670 1142/1820/1554
f 712/1977/748 1222/1980/1154 1597/1978/1672
f 1222/1980/1154 602/1131/1008 1046/1130/1007
f 1597/1978/1674 1046/1130/1013 791/1080/966
f 1340/1979/1675 1597/1978/1674 1155/1077/963
f 611/853/750 1221/852/749 1598/1981/1676
f 1221/852/749 712/851/748 1340/1979/1673
f 1598/1981/1678 1340/1979/1675 843/1079/965
f 1158/1982/1679 1598/1981/1678 1067/1983/1582
f 1204/1984/757 1599/1985/1681 1324/1134/1680
f 607/738/655 1143/912/801 1599/1985/1681
f 1143/912/807 794/917/806 917/1871/1600
f 1599/1985/1682 917/1871/1600 835/1739/1481
f 705/898/788 1206/1987/723 1600/1986/1683
f 1206/1987/723 603/933/720 1146/932/825
f 1600/1986/1684 1146/932/831 792/937/830
f 1326/920/1685 1600/1986/1684 919/1520/1321
f 1224/1988/898 1601/1990/1687 1332/1989/1686
f 1224/1988/898 634/964/859 1152/1246/1104
f 1601/1990/1687 1152/1246/1104 801/1249/1107
f 1332/1989/1689 1601/1990/1687 924/1991/1688
f 709/1215/1079 1216/1217/1081 1602/1992/1690
f 1216/1217/1081 611/853/750 1158/1982/1677
f 1602/1992/1690 1158/1982/1679 797/1853/1584
f 1334/1263/1119 1602/1992/1690 926/1993/1642
f 1218/1994/766 1603/1995/1691 1336/1283/1139
f 613/708/768 1060/706/1118 1603/1995/1691
f 1060/706/1123 799/706/1124 1157/1996/1308
f 1603/1995/1692 1157/1996/1308 841/1997/1305
f 839/928/821 924/1991/1688 1604/1998/1693
f 924/1991/1688 801/1249/1107 1154/2000/1468
f 1604/1998/1693 1154/2000/1468 676/1733/1472
f 1333/1999/1694 1604/1998/1693 1303/1901/1695
f 1153/1169/1042 1605/2002/1697 922/1707/1457
f 838/1168/1041 1331/1803/1539 1605/2002/1697
f 1605/2002/1697 1331/1803/1539 755/1796/1542
f 922/1707/1457 1605/2002/1697 1013/1794/1698
f 796/930/824 1058/929/822 1606/2003/1700
f 1058/929/822 839/928/821 1333/2004/1694
f 1606/2003/1700 1333/2004/1694 756/2001/1696
f 1150/1527/1328 1606/2003/1700 1016/1893/1701
f 915/2005/941 1607/2007/1702 1323/1890/1614
f 800/2006/1049 1132/2008/1460 1607/2007/1702
f 1132/2008/1460 675/1715/1463 1124/1919/1703
f 1607/2007/1702 1124/1919/1703 751/1913/1704
f 1229/1293/1146 1608/2012/1705 1177/2009/792
f 721/2011/1066 1228/2013/1065 1608/2012/1705
f 1228/2013/1065 722/972/864 921/967/862
f 1608/2012/1705 921/967/862 632/2014/793
f 977/1280/1135 1609/2015/1707 1351/685/1706
f 661/682/1232 1235/1414/1231 1609/2015/1707
f 1351/2017/1706 1609/2015/1707 1235/2018/1231
f 1233/766/833 1610/2021/1708 1351/2017/1706
f 1352/2019/1203 1610/2021/1708 1233/2020/833
f 729/1281/1136 1351/2076/1706 1610/2021/1708
f 656/1440/1249 987/1272/1264 1611/2022/1709
f 1353/2024/1267 1611/2022/1709 987/748/1264
f 969/1441/1250 1611/2022/1709 1353/2024/1267
f 990/1338/1259 1612/2026/1710 1354/2025/1266
f 662/771/1204 1234/696/1202 1612/2026/1710
f 1354/2028/1266 1612/2026/1710 1234/2029/1202
o inside
v 13.976744 16.882454 3.181533
v 13.037678 16.440598 2.994703
v 10.303180 -5.068927 2.450662
v 7.548432 -11.944435 1.860309
v 13.414527 16.762142 3.069678
v 12.305298 15.496769 2.848992
v 13.976744 16.882454 -3.181573
v 13.037680 16.440598 -2.994742
v 14.258574 16.882454 -0.000020
v 10.303180 -5.068927 -2.450702
v 7.548432 -11.944435 -1.860349
v 13.414527 16.762136 -3.069717
v 12.305297 15.496767 -2.849031
v 13.301126 16.440598 -0.000020
v 12.554407 15.496767 -0.000020
v 7.687707 -11.953123 -0.000020
v 10.508923 -5.071100 -0.000020
v 13.685351 16.762136 -0.000020
v 14.187963 16.882454 1.621536
v 12.525071 16.882454 7.300965
v 13.626452 16.882454 4.634422
v 8.891335 16.882454 11.728228
v 10.926277 16.882454 9.693482
v 3.839961 16.882454 14.427915
v 6.498666 16.882454 13.326793
v -1.860026 16.882454 14.989022
v 1.017677 16.882454 14.989161
v -7.340857 16.882454 13.326128
v -4.682257 16.882454 14.427506
v -11.768120 16.882454 9.692396
v -9.733374 16.882454 11.727337
v -14.467811 16.882454 4.633105
v -13.366687 16.882454 7.299725
v -15.029064 16.882454 1.620872
v 14.139235 16.807190 3.211916
v 13.237110 16.645061 3.034380
v 12.008706 14.512100 2.789984
v 13.695673 16.842804 3.125613
v 12.691232 16.082233 2.925776
v -14.076212 16.440603 1.527044
v -12.522264 16.440603 6.848420
v -13.551567 16.440603 4.355214
v -9.125937 16.440603 10.987241
v -11.027966 16.440603 9.085029
v -4.404280 16.440605 13.511287
v -6.889470 16.440603 12.481750
v 0.923873 16.440599 14.036310
v -1.766130 16.440603 14.036180
v 6.047360 16.440599 12.482371
v 3.562072 16.440603 13.511670
v 10.186180 16.440599 9.086044
v 8.283969 16.440603 10.988072
v 12.710233 16.440603 4.356446
v 11.680695 16.440603 6.849581
v 13.235119 16.440603 1.527665
v 14.423694 16.813887 -0.000020
v -11.863695 15.496769 6.496446
v -12.836983 15.496769 4.138486
v 12.491992 15.496769 1.454454
v 11.995670 15.496769 4.139650
v 11.022157 15.496769 6.497542
v 9.608974 15.496769 8.612301
v 7.810280 15.496767 10.410822
v 5.695387 15.496769 11.823802
v 3.345345 15.496767 12.797085
v 0.850715 15.496769 13.293175
v -1.692901 15.496767 13.293053
v -4.187485 15.496767 12.796726
v -6.537433 15.496769 11.823215
v -8.652192 15.496767 10.410034
v -10.450714 15.496769 8.611340
v -13.333076 15.496769 1.453867
v -7.651339 -11.928142 4.201745
v -8.268067 -11.928142 2.705586
v 7.739670 -11.928142 0.966401
v 7.426839 -11.928142 2.706322
v 6.809967 -11.928142 4.202437
v 5.919241 -11.928142 5.535365
v 4.779488 -11.928142 6.675010
v 3.446475 -11.928142 7.565609
v 1.957358 -11.928142 8.182336
v 0.384998 -11.928142 8.495020
v -1.226779 -11.928142 8.494943
v -2.799110 -11.928142 8.182107
v -4.288168 -11.928142 7.565236
v -5.621096 -11.928142 6.674512
v -6.760739 -11.928142 5.534758
v -7.355402 -5.070013 8.830828
v -8.871386 -5.070013 7.314700
v -3.593743 -5.070012 10.841470
v -5.574527 -5.070014 10.020894
v 0.651016 -5.070012 11.259540
v -1.493010 -5.070013 11.259438
v 4.732650 -5.070013 10.021389
v 2.751788 -5.070014 10.841777
v 8.029768 -5.070012 7.315510
v 6.513639 -5.070012 8.831492
v 10.040411 -5.070013 3.545910
v 9.219833 -5.070012 5.534634
v -10.061280 -5.070014 5.533710
v -10.881671 -5.070014 3.544929
v -14.458592 16.762140 1.564697
v -12.861134 16.762140 7.029529
v -13.919257 16.762140 4.466732
v -9.369702 16.762140 11.284241
v -11.324991 16.762140 9.328767
v -4.515833 16.762140 13.878967
v -7.070612 16.762140 12.820601
v 0.961517 16.762140 14.418691
v -1.803811 16.762140 14.418553
v 6.228470 16.762140 12.821238
v 3.673590 16.762140 13.879361
v 10.483182 16.762140 9.329812
v 8.527706 16.762140 11.285097
v 13.077911 16.762140 4.467998
v 12.019546 16.762140 7.030722
v 13.972000 16.842800 -0.000020
v 0.026902 -13.380876 -0.000020
v 12.947896 16.082233 -0.000020
v 12.252011 14.512104 -0.000020
v -8.580755 -11.928142 0.966029
v -11.299440 -5.070013 1.254118
v 10.458375 -5.070014 1.254613
v 13.504461 16.645061 -0.000020
v 13.617496 16.762140 1.565336
v 14.187963 16.882456 -1.621575
v 12.525071 16.882456 -7.301004
v 13.626452 16.882456 -4.634460
v 8.891335 16.882456 -11.728269
v 10.926276 16.882456 -9.693522
v 3.839961 16.882456 -14.427953
v 6.498666 16.882456 -13.326832
v -1.860026 16.882456 -14.989063
v 1.017677 16.882456 -14.989201
v -7.340856 16.882456 -13.326168
v -4.682257 16.882456 -14.427547
v -11.768120 16.882456 -9.692438
v -9.733375 16.882456 -11.727377
v -14.467810 16.882456 -4.633143
v -13.366687 16.882456 -7.299764
v -15.029062 16.882456 -1.620911
v 14.139235 16.807190 -3.211956
v 13.237110 16.645061 -3.034420
v 12.008706 14.512096 -2.790024
v 13.695674 16.842804 -3.125652
v 12.691234 16.082232 -2.925815
v -14.076210 16.440599 -1.527083
v -12.522264 16.440599 -6.848459
v -13.551567 16.440599 -4.355253
v -9.125937 16.440599 -10.987279
v -11.027965 16.440599 -9.085069
v -4.404280 16.440603 -13.511329
v -6.889470 16.440599 -12.481791
v 0.923873 16.440603 -14.036350
v -1.766131 16.440603 -14.036220
v 6.047360 16.440599 -12.482411
v 3.562072 16.440599 -13.511712
v 10.186180 16.440603 -9.086085
v 8.283970 16.440599 -10.988112
v 12.710233 16.440599 -4.356485
v 11.680693 16.440599 -6.849620
v 13.235118 16.440599 -1.527704
v -11.863695 15.496769 -6.496485
v -12.836982 15.496767 -4.138525
v 12.491992 15.496767 -1.454493
v 11.995668 15.496769 -4.139689
v 11.022158 15.496767 -6.497581
v 9.608974 15.496769 -8.612341
v 7.810280 15.496767 -10.410861
v 5.695387 15.496767 -11.823842
v 3.345345 15.496767 -12.797127
v 0.850715 15.496769 -13.293216
v -1.692901 15.496767 -13.293093
v -4.187485 15.496769 -12.796765
v -6.537433 15.496767 -11.823256
v -8.652192 15.496769 -10.410074
v -10.450714 15.496767 -8.611381
v -13.333076 15.496769 -1.453906
v -7.651339 -11.928142 -4.201783
v -8.268067 -11.928142 -2.705626
v 7.739670 -11.928142 -0.966440
v 7.426839 -11.928142 -2.706361
v 6.809967 -11.928142 -4.202476
v 5.919241 -11.928142 -5.535404
v 4.779488 -11.928142 -6.675049
v 3.446475 -11.928142 -7.565647
v 1.957358 -11.928142 -8.182376
v 0.384998 -11.928142 -8.495060
v -1.226779 -11.928142 -8.494983
v -2.799109 -11.928142 -8.182147
v -4.288168 -11.928142 -7.565276
v -5.621096 -11.928142 -6.674551
v -6.760739 -11.928142 -5.534797
v -7.355402 -5.070014 -8.830869
v -8.871386 -5.070014 -7.314740
v -3.593743 -5.070013 -10.841512
v -5.574526 -5.070013 -10.020933
v 0.651016 -5.070014 -11.259581
v -1.493010 -5.070013 -11.259478
v 4.732650 -5.070014 -10.021428
v 2.751788 -5.070013 -10.841816
v 8.029767 -5.070013 -7.315549
v 6.513639 -5.070013 -8.831532
v 10.040413 -5.070013 -3.545949
v 9.219833 -5.070013 -5.534673
v -10.061281 -5.070013 -5.533750
v -10.881670 -5.070014 -3.544969
v -14.458592 16.762140 -1.564736
v -12.861133 16.762140 -7.029568
v -13.919257 16.762136 -4.466771
v -9.369702 16.762140 -11.284281
v -11.324992 16.762136 -9.328807
v -4.515833 16.762140 -13.879007
v -7.070612 16.762136 -12.820641
v 0.961517 16.762140 -14.418731
v -1.803811 16.762136 -14.418593
v 6.228470 16.762140 -12.821278
v 3.673590 16.762136 -13.879401
v 10.483181 16.762140 -9.329851
v 8.527706 16.762136 -11.285138
v 13.077911 16.762140 -4.468038
v 12.019544 16.762136 -7.030761
v -8.580755 -11.928142 -0.966068
v -11.299441 -5.070013 -1.254157
v 10.458374 -5.070014 -1.254652
v 13.617496 16.762136 -1.565375
v 14.352794 16.811485 1.636655
v 13.783067 16.804451 4.680226
v 12.665760 16.802795 7.376010
v 11.049101 16.802650 9.794286
v 8.992120 16.802650 11.851048
v 6.573553 16.802650 13.466912
v 3.886073 16.802650 14.579952
v 1.033243 16.802650 15.147268
v -1.875607 16.802650 15.147132
v -4.728383 16.802650 14.579539
v -7.415757 16.802650 13.466241
v -9.834169 16.802650 11.850144
v -11.890938 16.802650 9.793180
v -13.506807 16.802650 7.374613
v -14.619848 16.802650 4.679216
v -15.187176 16.802650 1.636442
v -11.596995 14.512100 6.353908
v -13.032131 14.512100 1.424232
v 7.618451 14.512100 10.177054
v 11.706295 14.512100 4.051856
v 3.257578 14.512100 12.507703
v 9.375224 14.512100 8.420450
v -1.663245 14.512096 12.992108
v 5.552849 14.512100 11.557102
v -6.394870 14.512096 11.556529
v 0.821088 14.512100 12.992228
v -10.216946 14.512096 8.419512
v -4.099689 14.512096 12.507350
v -9.551561 16.842800 11.505816
v -14.193568 16.842800 4.549928
v -12.547600 14.512096 4.050719
v -8.460340 14.512096 10.176285
v 13.902765 16.842800 1.593439
v -13.113944 16.842800 7.164644
v 12.272342 16.842800 7.165862
v -14.743865 16.842800 1.592788
v -11.546583 16.842800 9.510605
v 12.372212 16.082233 4.253892
v 13.352216 16.842800 4.551221
v 8.709544 16.842800 11.506692
v 10.704757 16.842800 9.511670
v 3.756786 16.842800 14.153673
v 6.363585 16.842800 13.074048
v -1.831922 16.842800 14.703826
v 0.989600 16.842800 14.703961
v -7.205752 16.842800 13.073397
v -4.599055 16.842800 14.153272
v 12.191051 14.512104 1.424806
v 9.913138 16.082233 8.861945
v 11.369178 16.082237 6.683051
v 5.880862 16.082237 12.170839
v 8.059895 16.082233 10.715009
v 0.889266 16.082233 13.684775
v 3.459551 16.082232 13.173643
v -4.301726 16.082237 13.173268
v -1.731490 16.082232 13.684649
v -8.901834 16.082233 10.714197
v -6.722942 16.082237 12.170234
v -12.210735 16.082233 6.681921
v -10.754902 16.082237 8.860953
v -13.724678 16.082233 1.492428
v -13.213538 16.082237 4.252693
v 12.883589 16.082237 1.493033
v -14.278570 16.645061 1.546970
v -12.701599 16.645061 6.944264
v -13.746154 16.645061 4.414230
v -9.254940 16.645061 11.144415
v -11.185155 16.645061 9.214017
v -4.463314 16.645061 13.705869
v -6.985332 16.645061 12.661075
v 0.943795 16.645061 14.238668
v -1.786071 16.645061 14.238535
v 6.143206 16.645061 12.661701
v 3.621089 16.645065 13.706255
v 10.343357 16.645060 9.215049
v 8.412958 16.645061 11.145262
v 12.904811 16.645061 4.415481
v 11.860016 16.645061 6.945443
v 13.437476 16.645061 1.547600
v 10.755471 14.512100 6.354978
v 14.352793 16.811485 -1.636695
v 13.783065 16.804451 -4.680265
v 12.665760 16.802801 -7.376049
v 11.049102 16.802656 -9.794326
v 8.992120 16.802650 -11.851088
v 6.573553 16.802650 -13.466950
v 3.886073 16.802650 -14.579992
v 1.033242 16.802650 -15.147313
v -1.875607 16.802650 -15.147170
v -4.728383 16.802650 -14.579579
v -7.415756 16.802650 -13.466281
v -9.834169 16.802650 -11.850184
v -11.890938 16.802650 -9.793220
v -13.506807 16.802650 -7.374650
v -14.619848 16.802650 -4.679255
v -15.187176 16.802650 -1.636481
v -11.596996 14.512096 -6.353946
v -13.032132 14.512096 -1.424272
v 7.618451 14.512100 -10.177094
v 11.706295 14.512096 -4.051895
v 3.257578 14.512100 -12.507742
v 9.375225 14.512100 -8.420490
v -1.663245 14.512096 -12.992148
v 5.552849 14.512096 -11.557142
v -6.394868 14.512100 -11.556569
v 0.821088 14.512096 -12.992269
v -10.216945 14.512100 -8.419553
v -4.099689 14.512096 -12.507389
v -9.551561 16.842800 -11.505857
v -14.193569 16.842796 -4.549967
v -12.547601 14.512104 -4.050758
v -8.460340 14.512100 -10.176325
v 13.902765 16.842796 -1.593479
v -13.113944 16.842800 -7.164683
v 12.272342 16.842796 -7.165900
v -14.743865 16.842800 -1.592828
v -11.546584 16.842796 -9.510645
v 12.372214 16.082233 -4.253932
v 13.352216 16.842800 -4.551260
v 8.709543 16.842796 -11.506732
v 10.704757 16.842800 -9.511711
v 3.756787 16.842796 -14.153713
v 6.363585 16.842800 -13.074088
v -1.831922 16.842796 -14.703868
v 0.989600 16.842800 -14.704001
v -7.205751 16.842796 -13.073436
v -4.599055 16.842800 -14.153313
v 12.191051 14.512104 -1.424845
v 9.913138 16.082233 -8.861985
v 11.369177 16.082239 -6.683091
v 5.880862 16.082232 -12.170880
v 8.059894 16.082232 -10.715050
v 0.889266 16.082233 -13.684816
v 3.459551 16.082232 -13.173685
v -4.301726 16.082233 -13.173309
v -1.731490 16.082232 -13.684690
v -8.901835 16.082233 -10.714237
v -6.722942 16.082239 -12.170276
v -12.210732 16.082233 -6.681961
v -10.754902 16.082239 -8.860993
v -13.724677 16.082233 -1.492467
v -13.213538 16.082239 -4.252732
v 12.883589 16.082239 -1.493072
v -14.278571 16.645060 -1.547010
v -12.701599 16.645060 -6.944304
v -13.746154 16.645060 -4.414269
v -9.254939 16.645060 -11.144456
v -11.185154 16.645060 -9.214057
v -4.463314 16.645060 -13.705906
v -6.985332 16.645060 -12.661113
v 0.943795 16.645061 -14.238708
v -1.786071 16.645065 -14.238577
v 6.143206 16.645061 -12.661743
v 3.621088 16.645065 -13.706296
v 10.343357 16.645060 -9.215089
v 8.412957 16.645065 -11.145301
v 12.904812 16.645060 -4.415520
v 11.860015 16.645060 -6.945482
v 13.437476 16.645060 -1.547640
v 10.755471 14.512104 -6.355018
vn 0.3842 0.9232 -0.0000
vn 0.1410 0.9899 0.0129
vn 0.3932 0.9188 0.0359
vn 0.1512 0.9881 0.0296
vn 0.4068 0.9101 0.0788
vn 0.4097 0.9025 0.1332
vn 0.2847 0.8936 0.3470
vn 0.1410 0.9832 0.1157
vn 0.1157 0.9832 0.1410
vn -0.7950 0.4334 -0.4244
vn -0.7351 0.6347 -0.2385
vn -0.8576 0.4326 -0.2782
vn 0.1303 0.8936 0.4295
vn 0.0860 0.9832 0.1609
vn 0.0529 0.9832 0.1745
vn -0.0440 0.8936 0.4467
vn 0.0179 0.9832 0.1815
vn -0.0179 0.9832 0.1815
vn 0.0440 0.8936 0.4467
vn -0.0860 0.9832 0.1609
vn -0.1303 0.8936 0.4295
vn -0.0530 0.9832 0.1745
vn -0.1410 0.9832 0.1157
vn -0.2848 0.8936 0.3470
vn -0.1157 0.9832 0.1410
vn -0.2116 0.8936 0.3958
vn -0.4303 0.8936 0.1276
vn -0.1610 0.9832 0.0859
vn -0.1759 0.9830 0.0520
vn -0.3470 0.8936 0.2847
vn -0.4470 0.8936 0.0414
vn -0.5522 0.7798 -0.2948
vn -0.5492 0.7036 -0.4508
vn -0.4839 0.7798 -0.3972
vn -0.8656 0.1932 -0.4620
vn -0.9334 0.1930 -0.3026
vn 0.9410 0.1934 -0.2777
vn 0.8976 0.4331 -0.0821
vn 0.8642 0.4337 -0.2552
vn -0.0961 0.1932 -0.9764
vn 0.0884 0.4334 -0.8969
vn -0.0883 0.4334 -0.8969
vn 0.9336 0.2299 -0.2747
vn 0.9771 0.1931 -0.0893
vn 0.1998 0.9797 0.0184
vn -0.1805 0.9834 0.0166
vn 0.1998 0.9797 -0.0184
vn 0.3874 0.9148 -0.1147
vn 0.4033 0.9143 -0.0372
vn -0.4625 0.1932 -0.8653
vn -0.2616 0.4334 -0.8624
vn -0.4248 0.4334 -0.7948
vn -0.1907 0.9145 -0.3567
vn -0.1271 0.9797 -0.1549
vn -0.2566 0.9145 -0.3127
vn -0.9257 0.2305 -0.2999
vn -0.5798 0.7536 -0.3095
vn -0.8584 0.2305 -0.4583
vn -0.6224 0.1932 -0.7585
vn -0.6966 0.4334 -0.5717
vn -0.7584 0.1932 -0.6225
vn -0.8868 0.4316 -0.1653
vn -0.9647 0.1926 -0.1795
vn 0.6171 0.2314 -0.7521
vn 0.7585 0.1932 -0.6224
vn 0.6225 0.1932 -0.7584
vn -0.0396 0.9145 -0.4025
vn -0.0582 0.9797 -0.1918
vn -0.1174 0.9145 -0.3871
vn -0.1549 0.9797 -0.1271
vn -0.3568 0.9146 -0.1905
vn -0.3127 0.9145 -0.2566
vn 0.4626 0.1932 -0.8653
vn 0.2616 0.4334 -0.8624
vn 0.2849 0.1932 -0.9389
vn 0.0582 0.9797 -0.1918
vn 0.0397 0.9145 -0.4025
vn 0.1174 0.9145 -0.3871
vn -0.4585 0.2317 -0.8580
vn -0.1893 0.7574 -0.6249
vn -0.2823 0.2319 -0.9309
vn 0.5717 0.4334 -0.6966
vn 0.0945 0.9797 -0.1767
vn 0.2566 0.9145 -0.3127
vn 0.1271 0.9797 -0.1549
vn 0.8656 0.1932 -0.4619
vn 0.7950 0.4334 -0.4243
vn 0.3972 0.7798 -0.4839
vn 0.5493 0.7036 -0.4507
vn 0.4839 0.7798 -0.3971
vn 0.3127 0.9145 -0.2566
vn 0.1549 0.9797 -0.1271
vn 0.3568 0.9146 -0.1904
vn 0.1768 0.9797 -0.0944
vn 0.1919 0.9798 -0.0568
vn 0.6001 0.7800 -0.1775
vn 0.6268 0.7037 -0.3346
vn 0.6814 0.7037 -0.2015
vn -0.5969 0.6353 -0.4899
vn -0.6812 0.6353 -0.3637
vn -0.9696 0.2305 -0.0826
vn -0.9813 0.1925 -0.0000
vn -0.9730 0.2310 -0.0000
vn 0.1355 0.9908 -0.0000
vn -0.2018 0.9793 -0.0180
vn -0.2027 0.9792 -0.0000
vn -0.4071 0.9127 -0.0362
vn -0.4013 0.9129 -0.0752
vn -0.1989 0.9793 -0.0373
vn -0.9775 0.1925 -0.0860
vn -0.9568 0.2309 -0.1764
vn 0.6967 0.4334 -0.5717
vn -0.1915 0.9795 -0.0622
vn -0.3864 0.9138 -0.1254
vn -0.5963 0.7791 -0.1936
vn -0.6268 0.7036 -0.3346
vn -0.1768 0.9797 -0.0944
vn 0.1600 0.9834 0.0855
vn -0.5717 0.4334 -0.6967
vn 0.9694 0.2294 -0.0877
vn 0.9771 0.1931 0.0893
vn 0.4033 0.9143 0.0372
vn -0.7603 0.6339 -0.1420
vn -0.6759 0.7036 -0.2194
vn -0.4899 0.6353 -0.5970
vn -0.6985 0.7036 -0.1306
vn -0.4507 0.7036 -0.5493
vn -0.3971 0.7798 -0.4839
vn -0.2848 0.1932 -0.9389
vn -0.0945 0.9797 -0.1767
vn -0.1817 0.7798 -0.5991
vn -0.3349 0.7036 -0.6267
vn -0.2062 0.7036 -0.6800
vn -0.0196 0.9797 -0.1994
vn 0.0962 0.1932 -0.9764
vn 0.0197 0.9797 -0.1994
vn -0.0613 0.7798 -0.6230
vn 0.0697 0.7036 -0.7071
vn 0.0614 0.7798 -0.6230
vn 0.4249 0.4334 -0.7948
vn 0.1907 0.9145 -0.3567
vn 0.2951 0.7798 -0.5521
vn 0.2063 0.7037 -0.6799
vn 0.3350 0.7036 -0.6266
vn -0.9022 0.4313 -0.0000
vn -0.8987 0.4314 -0.0792
vn -0.6171 0.2314 -0.7521
vn 0.0954 0.2320 -0.9680
vn 0.2824 0.2319 -0.9309
vn -0.7520 0.2310 -0.6174
vn -0.4153 0.7557 -0.5064
vn -0.0636 0.7581 -0.6491
vn -0.0953 0.2320 -0.9680
vn 0.4585 0.2317 -0.8580
vn 0.1893 0.7589 -0.6231
vn 0.8584 0.2305 -0.4582
vn 0.7520 0.2310 -0.6173
vn 0.4132 0.7590 -0.5031
vn 0.5036 0.7589 -0.4130
vn 0.5752 0.7584 -0.3066
vn -0.5070 0.7548 -0.4163
vn -0.6618 0.7477 -0.0549
vn -0.0092 1.0000 -0.0000
vn 0.6274 0.7568 -0.1833
vn 0.6491 0.7585 -0.0578
vn -0.6192 0.7773 -0.1115
vn -0.6245 0.7810 -0.0000
vn -0.4470 0.8936 -0.0414
vn -0.1805 0.9834 -0.0166
vn 0.6491 0.7585 0.0578
vn -0.6360 0.7497 -0.1831
vn -0.3080 0.7566 -0.5768
vn 0.0642 0.7586 -0.6484
vn 0.3071 0.7591 -0.5740
vn 0.3469 0.8936 0.2847
vn 0.3939 0.8947 0.2104
vn 0.8976 0.4331 0.0821
vn -0.2241 0.6353 -0.7390
vn -0.3640 0.6353 -0.6811
vn 0.0757 0.6353 -0.7685
vn -0.0757 0.6353 -0.7685
vn -0.0696 0.7036 -0.7071
vn 0.2242 0.6353 -0.7390
vn 0.3641 0.6353 -0.6811
vn 0.4899 0.6353 -0.5969
vn 0.4508 0.7036 -0.5492
vn 0.5970 0.6353 -0.4899
vn 0.7404 0.6355 -0.2188
vn 0.6813 0.6353 -0.3636
vn 0.7076 0.7036 0.0650
vn 0.6237 0.7796 -0.0574
vn 0.7076 0.7036 -0.0650
vn 0.7692 0.6351 -0.0705
vn 0.7692 0.6351 0.0705
vn 0.1602 0.9857 0.0528
vn -0.7106 0.7036 -0.0000
vn -0.7706 0.6337 -0.0681
vn -0.7078 0.7036 -0.0628
vn -0.7736 0.6336 -0.0000
vn 0.6237 0.7796 0.0574
vn 0.5523 0.7798 -0.2948
vn 0.1818 0.7798 -0.5991
vn -0.2951 0.7798 -0.5521
vn -0.6173 0.7782 -0.1155
vn -0.4089 0.9126 -0.0000
vn -0.6258 0.7780 -0.0556
vn -0.6284 0.7779 -0.0000
vn 0.3932 0.9188 -0.0359
vn 0.1512 0.9881 -0.0296
vn 0.1410 0.9899 -0.0129
vn 0.2847 0.8936 -0.3470
vn 0.1410 0.9832 -0.1157
vn 0.3469 0.8937 -0.2847
vn 0.4097 0.9025 -0.1332
vn 0.4068 0.9101 -0.0788
vn -0.7351 0.6347 0.2385
vn -0.7950 0.4334 0.4244
vn -0.8576 0.4326 0.2782
vn 0.2116 0.8936 -0.3959
vn 0.0529 0.9832 -0.1745
vn 0.0860 0.9832 -0.1609
vn 0.1157 0.9832 -0.1410
vn 0.0440 0.8936 -0.4467
vn -0.0179 0.9832 -0.1815
vn 0.0179 0.9832 -0.1815
vn 0.1303 0.8936 -0.4295
vn -0.2116 0.8936 -0.3959
vn -0.0530 0.9832 -0.1745
vn -0.1303 0.8936 -0.4295
vn -0.0440 0.8936 -0.4467
vn -0.2848 0.8936 -0.3470
vn -0.1410 0.9832 -0.1157
vn -0.1157 0.9832 -0.1410
vn -0.0860 0.9832 -0.1609
vn -0.4304 0.8936 -0.1276
vn -0.1610 0.9832 -0.0859
vn -0.3960 0.8936 -0.2114
vn -0.3470 0.8936 -0.2847
vn -0.1759 0.9830 -0.0520
vn -0.5492 0.7037 0.4508
vn -0.5522 0.7798 0.2948
vn -0.4839 0.7798 0.3972
vn -0.9568 0.2309 0.1764
vn -0.9775 0.1925 0.0860
vn -0.9647 0.1926 0.1795
vn 0.9410 0.1934 0.2777
vn 0.8642 0.4337 0.2552
vn -0.8656 0.1932 0.4620
vn -0.9334 0.1930 0.3026
vn -0.0961 0.1932 0.9764
vn 0.0884 0.4334 0.8969
vn 0.0962 0.1932 0.9764
vn 0.9336 0.2299 0.2747
vn 0.3874 0.9148 0.1147
vn 0.1919 0.9798 0.0568
vn -0.4248 0.4334 0.7948
vn -0.2848 0.1932 0.9389
vn -0.4625 0.1932 0.8653
vn -0.1271 0.9797 0.1549
vn -0.1906 0.9145 0.3567
vn -0.2566 0.9146 0.3127
vn 0.2824 0.2319 0.9309
vn 0.2849 0.1932 0.9389
vn -0.8868 0.4316 0.1653
vn -0.6966 0.4334 0.5717
vn -0.6224 0.1932 0.7585
vn -0.7584 0.1932 0.6225
vn 0.6171 0.2314 0.7521
vn 0.7585 0.1932 0.6224
vn 0.7520 0.2310 0.6173
vn -0.0582 0.9797 0.1918
vn -0.0396 0.9145 0.4025
vn -0.1174 0.9146 0.3871
vn -0.1549 0.9797 0.1271
vn -0.3568 0.9146 0.1905
vn -0.1768 0.9797 0.0944
vn 0.2616 0.4334 0.8624
vn 0.4626 0.1932 0.8653
vn 0.0582 0.9797 0.1918
vn 0.0397 0.9145 0.4025
vn 0.0197 0.9797 0.1995
vn 0.5717 0.4334 0.6966
vn 0.6225 0.1932 0.7584
vn 0.0945 0.9797 0.1767
vn 0.2566 0.9145 0.3127
vn 0.1907 0.9145 0.3567
vn 0.8656 0.1932 0.4619
vn 0.7950 0.4334 0.4243
vn 0.1271 0.9797 0.1549
vn 0.1549 0.9797 0.1271
vn 0.3568 0.9146 0.1904
vn 0.3127 0.9145 0.2566
vn 0.4839 0.7798 0.3971
vn 0.4508 0.7036 0.5492
vn 0.3972 0.7798 0.4839
vn -0.6812 0.6353 0.3637
vn 0.6001 0.7800 0.1775
vn 0.6268 0.7037 0.3346
vn 0.5523 0.7798 0.2948
vn -0.2018 0.9793 0.0180
vn -0.1989 0.9793 0.0373
vn -0.4013 0.9129 0.0752
vn -0.4071 0.9126 0.0362
vn -0.9696 0.2305 0.0826
vn 0.6967 0.4334 0.5717
vn -0.1915 0.9795 0.0622
vn -0.3864 0.9138 0.1254
vn -0.5717 0.4334 0.6967
vn 0.1600 0.9834 -0.0854
vn -0.6268 0.7037 0.3346
vn -0.5963 0.7791 0.1936
vn -0.7603 0.6339 0.1420
vn -0.6985 0.7036 0.1306
vn -0.4899 0.6353 0.5970
vn -0.5969 0.6353 0.4899
vn -0.6759 0.7036 0.2194
vn -0.3127 0.9145 0.2566
vn -0.2616 0.4334 0.8624
vn -0.3971 0.7798 0.4839
vn -0.0945 0.9797 0.1768
vn -0.0196 0.9797 0.1994
vn -0.2062 0.7036 0.6800
vn -0.2951 0.7798 0.5521
vn -0.1817 0.7798 0.5991
vn 0.4249 0.4334 0.7948
vn 0.0697 0.7036 0.7071
vn -0.0613 0.7798 0.6230
vn 0.0614 0.7798 0.6230
vn 0.1174 0.9145 0.3871
vn 0.3350 0.7036 0.6266
vn 0.1818 0.7798 0.5991
vn 0.2951 0.7798 0.5521
vn -0.8987 0.4314 0.0792
vn -0.6171 0.2314 0.7521
vn -0.4585 0.2317 0.8580
vn -0.9257 0.2305 0.2999
vn -0.5798 0.7536 0.3095
vn -0.6360 0.7497 0.1831
vn -0.1893 0.7574 0.6249
vn -0.3080 0.7566 0.5768
vn -0.7520 0.2310 0.6174
vn -0.4153 0.7557 0.5064
vn -0.5070 0.7548 0.4163
vn -0.0636 0.7581 0.6491
vn 0.0954 0.2320 0.9680
vn 0.0642 0.7586 0.6484
vn -0.2823 0.2319 0.9309
vn 0.1893 0.7589 0.6231
vn 0.4585 0.2317 0.8580
vn 0.3071 0.7591 0.5740
vn 0.5036 0.7589 0.4130
vn 0.8584 0.2305 0.4582
vn 0.5752 0.7584 0.3066
vn 0.4132 0.7590 0.5031
vn -0.8584 0.2305 0.4583
vn 0.6274 0.7568 0.1833
vn -0.6618 0.7477 0.0549
vn -0.6192 0.7773 0.1115
vn 0.9694 0.2294 0.0877
vn -0.0953 0.2320 0.9680
vn 0.3939 0.8947 -0.2104
vn -0.3640 0.6353 0.6811
vn -0.4508 0.7036 0.5493
vn -0.3349 0.7036 0.6267
vn -0.2241 0.6353 0.7390
vn -0.0883 0.4334 0.8969
vn 0.0757 0.6353 0.7685
vn -0.0757 0.6353 0.7685
vn 0.2242 0.6353 0.7390
vn -0.0696 0.7036 0.7071
vn 0.3641 0.6353 0.6811
vn 0.4899 0.6353 0.5969
vn 0.2063 0.7036 0.6799
vn 0.5970 0.6353 0.4899
vn 0.7404 0.6355 0.2188
vn 0.6813 0.6353 0.3636
vn 0.5493 0.7036 0.4507
vn 0.1768 0.9797 0.0944
vn 0.6814 0.7037 0.2015
vn 0.1602 0.9857 -0.0528
vn -0.7706 0.6337 0.0681
vn -0.7078 0.7036 0.0628
vn -0.6173 0.7782 0.1155
vn -0.6258 0.7780 0.0556
vn 0.2116 0.8936 0.3959
vn -0.3960 0.8936 0.2114
vt 0.781247 0.998915
vt 0.765625 1.000000
vt 0.765637 0.998753
vt 0.750000 1.000000
vt 0.750019 0.998650
vt 0.734390 0.998641
vt 0.640625 0.998706
vt 0.671875 1.000000
vt 0.640625 1.000000
vt 0.457891 0.186924
vt 0.466320 0.228695
vt 0.466200 0.228707
vt 0.578125 0.998706
vt 0.609375 1.000000
vt 0.578125 1.000000
vt 0.515625 0.998706
vt 0.546875 1.000000
vt 0.515625 1.000000
vt 0.546875 0.998706
vt 0.453125 1.000000
vt 0.484375 0.998706
vt 0.484375 1.000000
vt 0.390625 1.000000
vt 0.421875 0.998706
vt 0.421875 1.000000
vt 0.453125 0.998706
vt 0.328125 0.998706
vt 0.359375 1.000000
vt 0.328125 1.000000
vt 0.390625 0.998706
vt 0.296875 0.998706
vt 0.458658 0.186704
vt 0.441594 0.146840
vt 0.442229 0.147074
vt 0.457798 0.186798
vt 0.466200 0.228707
vt 0.466165 0.228860
vt 0.058522 0.147481
vt 0.041938 0.186902
vt 0.058406 0.147591
vt 0.315067 0.041073
vt 0.272263 0.033675
vt 0.317073 0.040253
vt 0.058278 0.147042
vt 0.042029 0.186774
vt 0.034047 0.184509
vt 0.027421 0.182500
vt 0.055703 0.146147
vt 0.039002 0.186012
vt 0.389087 0.080263
vt 0.354021 0.054943
vt 0.390402 0.079253
vt 0.389764 0.079698
vt 0.424302 0.106953
vt 0.420302 0.110236
vt 0.466412 0.229573
vt 0.446556 0.187464
vt 0.457061 0.187812
vt 0.418123 0.109933
vt 0.441339 0.146648
vt 0.441494 0.147136
vt 0.467249 0.250000
vt 0.467257 0.250592
vt 0.147295 0.058135
vt 0.112212 0.082106
vt 0.147615 0.058450
vt 0.313953 0.039176
vt 0.356293 0.051140
vt 0.353853 0.055703
vt 0.448860 0.143708
vt 0.460824 0.186047
vt 0.444297 0.146147
vt 0.186951 0.042157
vt 0.228719 0.033796
vt 0.228722 0.033848
vt 0.227899 0.025601
vt 0.271594 0.030750
vt 0.228406 0.030750
vt 0.387082 0.082983
vt 0.344766 0.066794
vt 0.351844 0.059438
vt 0.147592 0.058406
vt 0.184545 0.034224
vt 0.146147 0.055703
vt 0.143708 0.051140
vt 0.082177 0.112080
vt 0.082067 0.112180
vt 0.182536 0.027604
vt 0.140446 0.045038
vt 0.147214 0.057700
vt 0.111991 0.081837
vt 0.111672 0.081448
vt 0.110236 0.079698
vt 0.106953 0.075698
vt 0.079698 0.110236
vt 0.075698 0.106953
vt 0.051140 0.143708
vt 0.057700 0.147214
vt 0.081837 0.111991
vt 0.058143 0.147451
vt 0.045038 0.140446
vt 0.441657 0.146976
vt 0.458006 0.186893
vt 0.466653 0.271463
vt 0.464389 0.292645
vt 0.465037 0.292915
vt 0.479401 0.295631
vt 0.474577 0.272136
vt 0.481468 0.272815
vt 0.472572 0.294272
vt 0.469424 0.271628
vt 0.470314 0.250000
vt 0.475489 0.250000
vt 0.482407 0.250000
vt 0.466336 0.271470
vt 0.467298 0.250045
vt 0.467257 0.250592
vt 0.070350 0.102564
vt 0.102564 0.070350
vt 0.112180 0.082067
vt 0.474400 0.227899
vt 0.469250 0.228406
vt 0.466997 0.228628
vt 0.458176 0.186847
vt 0.465776 0.184545
vt 0.454962 0.140446
vt 0.472396 0.182536
vt 0.418113 0.107766
vt 0.043011 0.186758
vt 0.041916 0.187048
vt 0.039002 0.186012
vt 0.467370 0.250000
vt 0.467249 0.250000
vt 0.466496 0.228678
vt 0.418534 0.110168
vt 0.467547 0.250000
vt 0.475489 0.250000
vt 0.470314 0.250000
vt 0.417718 0.111204
vt 0.418479 0.111540
vt 0.397436 0.070350
vt 0.429650 0.102564
vt 0.353590 0.056545
vt 0.393047 0.075698
vt 0.352785 0.057702
vt 0.387994 0.081854
vt 0.352538 0.058163
vt 0.315455 0.034224
vt 0.359554 0.045038
vt 0.271605 0.033733
vt 0.272101 0.025601
vt 0.313446 0.041360
vt 0.271988 0.033513
vt 0.271528 0.033016
vt 0.227221 0.018715
vt 0.272779 0.018715
vt 0.186936 0.042109
vt 0.186047 0.039176
vt 0.186704 0.041343
vt 0.228680 0.033503
vt 0.186850 0.041824
vt 0.464439 0.292655
vt 0.466371 0.271327
vt 0.417017 0.112918
vt 0.270575 0.034794
vt 0.228713 0.033685
vt 0.440562 0.148156
vt 0.407663 0.117005
vt 0.417017 0.112918
vt 0.306895 0.053945
vt 0.312733 0.043237
vt 0.186943 0.042156
vt 0.351845 0.059438
vt 0.312733 0.043237
vt 0.227537 0.047096
vt 0.186943 0.042156
vt 0.227824 0.033773
vt 0.081474 0.108558
vt 0.109768 0.079663
vt 0.151618 0.071006
vt 0.116433 0.090360
vt 0.090318 0.120266
vt 0.058699 0.146237
vt 0.440562 0.148156
vt 0.457061 0.187812
vt 0.428863 0.151599
vt 0.466324 0.228684
vt 0.456456 0.267539
vt 0.466653 0.271463
vt 0.070989 0.161665
vt 0.066784 0.155098
vt 0.062005 0.200180
vt 0.052369 0.192936
vt 0.448207 0.244783
vt 0.456456 0.267539
vt 0.445133 0.249348
vt 0.454140 0.284431
vt 0.449543 0.263010
vt 0.456456 0.267539
vt 0.043011 0.186758
vt 0.296875 1.000000
vt 0.062005 0.200180
vt 0.052369 0.192936
vt 0.452906 0.227537
vt 0.377591 0.090641
vt 0.440827 0.225421
vt 0.439006 0.185808
vt 0.446556 0.187464
vt 0.400054 0.118365
vt 0.416895 0.154266
vt 0.428863 0.151599
vt 0.338257 0.070962
vt 0.344766 0.066794
vt 0.367555 0.097685
vt 0.377591 0.090641
vt 0.267443 0.044474
vt 0.263024 0.050816
vt 0.267443 0.044474
vt 0.300318 0.064293
vt 0.306895 0.053945
vt 0.187463 0.053442
vt 0.185808 0.060994
vt 0.187463 0.053442
vt 0.225421 0.059173
vt 0.227537 0.047096
vt 0.118379 0.099068
vt 0.116433 0.090360
vt 0.154312 0.083023
vt 0.151618 0.071006
vt 0.703125 1.000000
vt 0.671875 0.998706
vt 0.703127 0.998698
vt 0.441594 0.146840
vt 0.458176 0.186847
vt 0.418415 0.111784
vt 0.353313 0.056472
vt 0.389261 0.080491
vt 0.388119 0.081730
vt 0.352606 0.058001
vt 0.316141 0.040055
vt 0.271838 0.033507
vt 0.314693 0.040783
vt 0.313245 0.041512
vt 0.271988 0.033513
vt 0.228703 0.033677
vt 0.228680 0.033503
vt 0.186901 0.041994
vt 0.147535 0.058300
vt 0.147451 0.058143
vt 0.186850 0.041824
vt 0.112104 0.081974
vt 0.082067 0.112180
vt 0.058300 0.147535
vt 0.081974 0.112104
vt 0.111991 0.081837
vt 0.058143 0.147451
vt 0.041653 0.186816
vt 0.041171 0.186670
vt 0.041653 0.186816
vt 0.041822 0.186867
vt 0.041653 0.186816
vt 0.097735 0.131542
vt 0.734375 1.000000
vt 0.464733 0.292713
vt 0.466491 0.271339
vt 0.466668 0.271357
vt 0.464558 0.292678
vt 0.466371 0.271327
vt 0.467547 0.250000
vt 0.457891 0.186924
vt 0.041171 0.186670
vt 0.079698 0.110236
vt 0.081448 0.111672
vt 0.055703 0.146147
vt 0.146147 0.055703
vt 0.110236 0.079698
vt 0.317464 0.027604
vt 0.271594 0.030750
vt 0.228629 0.033003
vt 0.228406 0.030750
vt 0.186047 0.039176
vt 0.313954 0.039176
vt 0.314048 0.041934
vt 0.420302 0.110236
vt 0.388326 0.081450
vt 0.389764 0.079698
vt 0.481285 0.227221
vt 0.444297 0.146147
vt 0.469250 0.228406
vt 0.468050 0.250000
vt 0.469424 0.271628
vt 0.467465 0.293256
vt 0.467169 0.271406
vt 0.465230 0.292812
vt 0.466668 0.271357
vt 0.467547 0.250000
vt 0.041938 0.186902
vt 0.765637 0.998753
vt 0.781250 1.000000
vt 0.640625 0.998706
vt 0.671875 0.998706
vt 0.734390 0.998641
vt 0.750019 0.998650
vt 0.466320 0.228695
vt 0.457891 0.186924
vt 0.466200 0.228707
vt 0.609375 0.998706
vt 0.546875 0.998706
vt 0.484375 0.998706
vt 0.421875 0.998706
vt 0.328125 0.998706
vt 0.359375 0.998706
vt 0.441594 0.146840
vt 0.467257 0.250592
vt 0.058452 0.147613
vt 0.058406 0.147591
vt 0.466200 0.228707
vt 0.457798 0.186798
vt 0.466165 0.228860
vt 0.315067 0.041073
vt 0.272263 0.033675
vt 0.271605 0.033733
vt 0.055703 0.146147
vt 0.389087 0.080263
vt 0.424302 0.106953
vt 0.389764 0.079698
vt 0.420302 0.110236
vt 0.228722 0.033848
vt 0.441339 0.146648
vt 0.418123 0.109933
vt 0.441494 0.147136
vt 0.356293 0.051140
vt 0.313953 0.039176
vt 0.448860 0.143708
vt 0.228719 0.033796
vt 0.186951 0.042157
vt 0.227899 0.025601
vt 0.271594 0.030750
vt 0.272101 0.025601
vt 0.147592 0.058406
vt 0.147615 0.058450
vt 0.146147 0.055703
vt 0.186047 0.039176
vt 0.082177 0.112080
vt 0.082067 0.112180
vt 0.106953 0.075698
vt 0.079698 0.110236
vt 0.110236 0.079698
vt 0.111672 0.081448
vt 0.147451 0.058143
vt 0.147214 0.057700
vt 0.458006 0.186893
vt 0.057700 0.147214
vt 0.081837 0.111991
vt 0.081448 0.111672
vt 0.474577 0.272136
vt 0.469424 0.271628
vt 0.112180 0.082067
vt 0.474400 0.227899
vt 0.458176 0.186847
vt 0.466997 0.228628
vt 0.418534 0.110168
vt 0.466496 0.228678
vt 0.444297 0.146147
vt 0.418479 0.111540
vt 0.393047 0.075698
vt 0.315456 0.034224
vt 0.352785 0.057702
vt 0.313446 0.041360
vt 0.186850 0.041824
vt 0.228629 0.033003
vt 0.186704 0.041343
vt 0.466371 0.271327
vt 0.417017 0.112918
vt 0.387082 0.082983
vt 0.466153 0.228718
vt 0.387082 0.082983
vt 0.440951 0.148636
vt 0.407663 0.117005
vt 0.428863 0.151599
vt 0.271192 0.034727
vt 0.267443 0.044474
vt 0.351364 0.059049
vt 0.187463 0.053442
vt 0.090318 0.120266
vt 0.151618 0.071006
vt 0.457996 0.186887
vt 0.066784 0.155098
vt 0.458254 0.187741
vt 0.066784 0.155098
vt 0.052369 0.192936
vt 0.449543 0.263010
vt 0.456456 0.267539
vt 0.443804 0.269648
vt 0.043011 0.186758
vt 0.446556 0.187464
vt 0.440827 0.225421
vt 0.452906 0.227537
vt 0.433203 0.233698
vt 0.428863 0.151599
vt 0.439006 0.185808
vt 0.313147 0.041833
vt 0.367555 0.097685
vt 0.400054 0.118365
vt 0.267443 0.044474
vt 0.306895 0.053945
vt 0.338257 0.070962
vt 0.225421 0.059173
vt 0.227537 0.047096
vt 0.313147 0.041834
vt 0.271192 0.034727
vt 0.116433 0.090360
vt 0.090318 0.120266
vt 0.418653 0.108551
vt 0.389260 0.080491
vt 0.314693 0.040783
vt 0.228703 0.033677
vt 0.271988 0.033513
vt 0.186901 0.041994
vt 0.186850 0.041824
vt 0.228680 0.033503
vt 0.147451 0.058143
vt 0.112104 0.081974
vt 0.058300 0.147535
vt 0.081974 0.112104
vt 0.081837 0.111991
vt 0.111991 0.081837
vt 0.058406 0.147591
vt 0.075698 0.106953
vt 0.058143 0.147451
vt 0.466491 0.271339
vt 0.467370 0.250000
vt 0.467249 0.250000
vt 0.466371 0.271327
vt 0.457891 0.186924
vt 0.058143 0.147451
vt 0.146147 0.055703
vt 0.186047 0.039176
vt 0.313954 0.039176
vt 0.353853 0.055703
vt 0.389764 0.079698
vt 0.314048 0.041934
vt 0.444297 0.146147
vt 0.420302 0.110236
vt 0.387994 0.081854
vt 0.460824 0.186047
vt 0.466496 0.228678
vt 0.468050 0.250000
vt 0.467169 0.271406
vt 0.609375 0.998706
vt 0.359375 0.998706
vt 0.043011 0.186758
vt 0.417718 0.111204
vt 0.467249 0.250000
vt 0.440951 0.148636
vt 0.467547 0.250000
s 1
f 1668/2077/1711 1631/2078/1712 1839/2079/1713
f 1839/2079/1713 1613/2080/1714 1647/2081/1715
f 1613/2080/1714 1840/2082/1716 1647/2081/1715
f 1843/2083/1717 1635/2084/1718 1634/2085/1719
f 1673/2086/1720 1876/2087/1721 1672/2088/1722
f 1845/2089/1723 1637/2090/1724 1636/2091/1725
f 1637/2090/1724 1843/2083/1717 1634/2085/1719
f 1847/2092/1726 1639/2093/1727 1638/2094/1728
f 1636/2091/1725 1846/2095/1729 1845/2089/1723
f 1640/2096/1730 1848/2097/1731 1641/2098/1732
f 1641/2098/1732 1847/2092/1726 1638/2094/1728
f 1642/2099/1733 1850/2100/1734 1643/2101/1735
f 1643/2101/1735 1849/2102/1736 1640/2096/1730
f 1853/2103/1737 1645/2104/1738 1644/2105/1739
f 1645/2104/1738 1851/2106/1740 1642/2099/1733
f 1644/2105/1739 1854/2107/1741 1853/2103/1737
f 1916/2108/1742 1663/2109/1743 1913/2110/1744
f 1918/2111/1745 1672/2112/1722 1858/2113/1746
f 1869/2114/1747 1684/2115/1748 1670/2116/1749
f 1864/2117/1750 1679/2118/1751 1678/2119/1752
f 1713/2120/1753 1856/2121/1754 1869/2114/1747
f 1954/2122/1755 1646/2123/1756 1874/2122/1757
f 1874/2122/1757 1716/2124/1758 1714/2125/1759
f 1862/2126/1760 1677/2127/1761 1676/2128/1762
f 1723/2129/1763 1878/2130/1764 1726/2131/1765
f 1710/2132/1766 1689/2133/1767 1711/2134/1768
f 1857/2135/1769 1674/2136/1770 1860/2137/1771
f 1858/2113/1746 1618/2138/1772 1649/2139/1773
f 1700/2140/1774 1865/2141/1775 1870/2142/1776
f 1721/2143/1777 1880/2144/1778 1724/2145/1779
f 1879/2146/1780 1728/2147/1781 1725/2148/1782
f 1863/2149/1783 1680/2150/1784 1866/2151/1785
f 1885/2152/1786 1722/2153/1787 1719/2154/1788
f 1706/2155/1789 1693/2156/1790 1707/2157/1791
f 1865/2141/1775 1682/2158/1792 1870/2142/1776
f 1884/2159/1793 1717/2160/1794 1867/2161/1795
f 1855/2162/1796 1670/2116/1749 1669/2163/1797
f 1640/2164/1730 1867/2161/1795 1643/2165/1735
f 1905/2166/1798 1656/2167/1799 1906/2168/1800
f 1718/2169/1801 1867/2161/1795 1717/2160/1794
f 1875/2170/1802 1715/2171/1803 1872/2172/1804
f 1715/2171/1803 1868/2173/1805 1872/2172/1804
f 1904/2174/1806 1653/2175/1807 1654/2176/1808
f 1868/2173/1805 1646/2123/1756 1644/2177/1739
f 1673/2086/1720 1887/2178/1809 1888/2179/1810
f 1735/2180/1811 1732/2181/1812 1629/2182/1813
f 1621/2183/1814 1871/2184/1815 1631/2185/1712
f 1729/2186/1816 1737/2187/1817 1871/2184/1815
f 1871/2184/1815 1617/2188/1818 1650/2189/1819
f 1631/2185/1712 1650/2189/1819 1613/2190/1714
f 1886/2191/1820 1615/2192/1821 1649/2193/1773
f 1875/2170/1802 1645/2194/1738 1642/2195/1733
f 1683/2196/1822 1855/2162/1796 1669/2163/1797
f 1728/2147/1781 1877/2197/1823 1727/2198/1824
f 1915/2199/1825 1666/2200/1826 1916/2108/1742
f 1873/2201/1827 1635/2202/1718 1632/2203/1828
f 1862/2126/1760 1675/2204/1829 1857/2135/1769
f 1734/2205/1830 1936/2206/1831 1856/2121/1754
f 1820/2207/1832 1874/2122/1757 1714/2125/1759
f 1672/2088/1722 1651/2208/1833 1618/2209/1772
f 1888/2179/1810 1665/2210/1834 1876/2087/1721
f 1674/2136/1770 1890/2211/1835 1887/2178/1809
f 1876/2087/1721 1614/2212/1836 1651/2208/1833
f 1727/2198/1824 1650/2213/1819 1617/2214/1818
f 1877/2197/1823 1613/2190/1714 1650/2213/1819
f 1726/2131/1765 1879/2146/1780 1725/2148/1782
f 1913/2110/1744 1664/2215/1837 1914/2216/1838
f 1878/2130/1764 1637/2217/1724 1634/2218/1719
f 1864/2117/1750 1677/2127/1761 1859/2219/1839
f 1724/2145/1779 1881/2220/1840 1723/2129/1763
f 1912/2221/1841 1661/2222/1842 1662/2223/1843
f 1883/2224/1844 1636/2225/1725 1880/2144/1778
f 1866/2151/1785 1679/2118/1751 1861/2226/1845
f 1721/2143/1777 1882/2227/1846 1883/2224/1844
f 1909/2228/1847 1660/2229/1848 1910/2230/1849
f 1882/2227/1846 1641/2231/1732 1638/2232/1728
f 1870/2142/1776 1681/2233/1850 1863/2149/1783
f 1720/2234/1851 1885/2152/1786 1719/2154/1788
f 1908/2235/1852 1657/2236/1853 1658/2237/1854
f 1627/2238/1855 1886/2191/1820 1671/2239/1856
f 1671/2239/1856 1649/2193/1773 1618/2209/1772
f 1709/2240/1857 1862/2126/1760 1857/2135/1769
f 1866/2151/1785 1705/2241/1858 1702/2242/1859
f 1708/2243/1860 1691/2244/1861 1709/2245/1857
f 1694/2246/1862 1705/2241/1858 1704/2247/1863
f 1870/2142/1776 1703/2248/1864 1700/2140/1774
f 1864/2117/1750 1707/2249/1791 1704/2250/1863
f 1696/2251/1865 1703/2252/1864 1702/2253/1859
f 1712/2254/1866 1865/2141/1775 1701/2255/1867
f 1698/2256/1868 1701/2255/1867 1700/2140/1774
f 1699/2257/1869 1712/2254/1866 1701/2255/1867
f 1685/2258/1870 1713/2259/1753 1712/2254/1866
f 1708/2260/1860 1918/2111/1745 1711/2261/1768
f 1690/2262/1871 1711/2134/1768 1689/2133/1767
f 1702/2242/1859 1863/2149/1783 1866/2151/1785
f 1649/2139/1773 1710/2263/1766 1858/2113/1746
f 1629/2182/1813 1687/2264/1872 1735/2265/1811
f 1730/2266/1873 1686/2267/1874 1685/2258/1870
f 1730/2268/1873 1733/2269/1875 1686/2267/1874
f 1616/2270/1876 1687/2271/1872 1730/2272/1873
f 1628/2273/1877 1730/2274/1873 1687/2275/1872
f 1686/2267/1874 1734/2276/1830 1713/2259/1753
f 1687/2264/1872 1615/2192/1821 1735/2265/1811
f 1934/2107/1878 1646/2277/1756 1753/2277/1879
f 1730/2278/1873 1835/2279/1880 1733/2279/1875
f 1712/2254/1866 1869/2114/1747 1855/2162/1796
f 1688/2280/1881 1615/2192/1821 1616/2270/1876
f 1692/2281/1882 1709/2245/1857 1691/2244/1861
f 1616/2270/1876 1730/2282/1873 1688/2280/1881
f 1730/2283/1873 1689/2284/1767 1688/2280/1881
f 1730/2285/1873 1691/2244/1861 1690/2262/1871
f 1730/2286/1873 1690/2287/1871 1689/2133/1767
f 1858/2113/1746 1711/2261/1768 1918/2111/1745
f 1694/2246/1862 1707/2157/1791 1693/2156/1790
f 1730/2288/1873 1693/2289/1790 1692/2281/1882
f 1730/2290/1873 1692/2291/1882 1691/2244/1861
f 1709/2240/1857 1860/2137/1771 1708/2260/1860
f 1695/2292/1883 1702/2253/1859 1705/2241/1858
f 1730/2293/1873 1695/2294/1883 1694/2246/1862
f 1730/2295/1873 1694/2296/1862 1693/2156/1790
f 1706/2155/1789 1859/2219/1839 1862/2126/1760
f 1697/2297/1884 1700/2140/1774 1703/2252/1864
f 1730/2298/1873 1697/2299/1884 1696/2251/1865
f 1730/2300/1873 1696/2301/1865 1695/2292/1883
f 1704/2250/1863 1861/2226/1845 1864/2117/1750
f 1730/2302/1873 1699/2303/1869 1698/2256/1868
f 1730/2304/1873 1698/2305/1868 1697/2297/1884
f 1632/2306/1828 1842/2307/1885 1841/2308/1886
f 1835/2279/1880 1734/2276/1830 1733/2279/1875
f 1790/2115/1887 1856/2121/1754 1936/2206/1831
f 1888/2179/1810 1663/2309/1743 1666/2310/1826
f 1887/2178/1809 1664/2311/1837 1663/2309/1743
f 1676/2128/1762 1892/2312/1888 1889/2313/1889
f 1890/2211/1835 1676/2128/1762 1889/2313/1889
f 1890/2211/1835 1661/2314/1842 1664/2311/1837
f 1889/2313/1889 1662/2315/1843 1661/2314/1842
f 1678/2316/1752 1894/2317/1890 1891/2318/1891
f 1892/2312/1888 1678/2316/1752 1891/2318/1891
f 1662/2315/1843 1891/2318/1891 1659/2319/1892
f 1891/2318/1891 1660/2320/1848 1659/2319/1892
f 1681/2233/1850 1893/2321/1893 1680/2150/1784
f 1894/2317/1890 1680/2150/1784 1893/2321/1893
f 1660/2320/1848 1893/2321/1893 1657/2322/1853
f 1896/2323/1894 1657/2322/1853 1893/2321/1893
f 1683/2196/1822 1895/2324/1895 1682/2158/1792
f 1681/2233/1850 1895/2324/1895 1896/2323/1894
f 1896/2323/1894 1655/2325/1896 1658/2326/1854
f 1898/2327/1897 1655/2325/1896 1895/2324/1895
f 1669/2328/1797 1900/2329/1898 1897/2330/1899
f 1898/2327/1897 1669/2328/1797 1897/2330/1899
f 1898/2327/1897 1653/2175/1807 1656/2331/1799
f 1897/2330/1899 1654/2332/1808 1653/2175/1807
f 1759/2333/1900 1902/2334/1901 1652/2335/1902
f 1670/2116/1749 1899/2336/1903 1900/2329/1898
f 1900/2329/1898 1652/2337/1902 1654/2332/1808
f 1759/2335/1900 1899/2336/1903 1979/2336/1904
f 1685/2258/1870 1699/2257/1869 1730/2338/1873
f 1841/2308/1886 1633/2339/1905 1632/2306/1828
f 1626/2340/1906 1901/2341/1907 1667/2342/1908
f 1731/2343/1909 1671/2344/1856 1901/2341/1907
f 1901/2341/1907 1618/2209/1772 1651/2208/1833
f 1667/2342/1908 1651/2208/1833 1614/2345/1836
f 1872/2172/1804 1644/2177/1739 1645/2194/1738
f 1673/2346/1720 1860/2137/1771 1674/2136/1770
f 1714/2207/1759 1904/2174/1806 1902/2334/1901
f 1982/2347/1910 1714/2207/1759 1902/2334/1901
f 1867/2161/1795 1642/2195/1733 1643/2165/1735
f 1902/2334/1901 1654/2176/1808 1652/2335/1902
f 1715/2348/1803 1906/2168/1800 1903/2349/1911
f 1716/2350/1758 1903/2349/1911 1904/2174/1806
f 1885/2152/1786 1640/2164/1730 1641/2231/1732
f 1906/2168/1800 1653/2175/1807 1903/2349/1911
f 1717/2351/1794 1908/2235/1852 1905/2166/1798
f 1718/2352/1801 1905/2166/1798 1906/2168/1800
f 1882/2227/1846 1639/2353/1727 1883/2224/1844
f 1908/2235/1852 1655/2325/1896 1905/2166/1798
f 1722/2354/1787 1907/2355/1912 1719/2356/1788
f 1719/2356/1788 1908/2235/1852 1720/2357/1851
f 1881/2220/1840 1636/2225/1725 1637/2217/1724
f 1910/2230/1849 1657/2236/1853 1907/2355/1912
f 1721/2358/1777 1912/2221/1841 1909/2228/1847
f 1721/2358/1777 1910/2230/1849 1722/2354/1787
f 1879/2146/1780 1634/2218/1719 1635/2202/1718
f 1909/2228/1847 1662/2223/1843 1659/2359/1892
f 1726/2360/1765 1911/2361/1913 1723/2362/1763
f 1723/2362/1763 1912/2221/1841 1724/2145/1779
f 1873/2201/1827 1633/2363/1905 1877/2197/1823
f 1911/2361/1913 1664/2215/1837 1661/2222/1842
f 1728/2147/1781 1913/2110/1744 1725/2364/1782
f 1725/2364/1782 1914/2216/1838 1726/2360/1765
f 1617/2214/1818 1915/2199/1825 1727/2365/1824
f 1648/2366/1914 1665/2210/1834 1915/2199/1825
f 1727/2365/1824 1916/2108/1742 1728/2147/1781
f 1737/2367/1817 1648/2366/1914 1617/2214/1818
f 1630/2368/1915 1917/2369/1916 1737/2367/1817
f 1736/2370/1917 1667/2371/1908 1917/2369/1916
f 1917/2369/1916 1614/2372/1836 1648/2366/1914
f 1790/2373/1887 1899/2336/1903 1684/2373/1748
f 1919/2374/1918 1619/2080/1919 1738/2078/1920
f 1668/2077/1711 1738/2078/1920 1621/2375/1814
f 1923/2376/1921 1742/2084/1922 1922/2377/1923
f 1920/2378/1924 1619/2080/1919 1754/2379/1925
f 1956/2380/1926 1779/2381/1927 1778/2382/1928
f 1924/2383/1929 1743/2091/1930 1744/2090/1931
f 1924/2383/1929 1741/2085/1932 1923/2376/1921
f 1926/2384/1933 1745/2094/1934 1746/2093/1935
f 1926/2384/1933 1743/2091/1930 1925/2089/1936
f 1929/2102/1937 1748/2098/1938 1928/2385/1939
f 1927/2092/1940 1748/2098/1938 1745/2094/1934
f 1930/2386/1941 1749/2099/1942 1750/2101/1943
f 1930/2386/1941 1747/2096/1944 1929/2102/1937
f 1933/2387/1945 1752/2104/1946 1932/2388/1947
f 1931/2106/1948 1752/2104/1946 1749/2099/1942
f 1934/2107/1878 1751/2105/1949 1933/2387/1945
f 1770/2389/1950 1996/2108/1951 1993/2110/1952
f 1622/2192/1953 1966/2191/1954 1756/2390/1955
f 1790/2115/1887 1949/2391/1956 1776/2392/1957
f 1778/2393/1928 1998/2394/1958 1938/2395/1959
f 1944/2396/1960 1785/2397/1961 1941/2398/1962
f 1936/2206/1831 1819/2120/1963 1949/2391/1956
f 1954/2122/1755 1822/2399/1964 1948/2173/1965
f 1782/2128/1966 1939/2219/1967 1942/2400/1968
f 1958/2401/1969 1829/2402/1970 1832/2403/1971
f 1808/2242/1972 1941/2398/1962 1946/2404/1973
f 1625/2209/1974 1938/2395/1959 1756/2193/1955
f 1780/2405/1975 1937/2406/1976 1940/2407/1977
f 1806/2140/1978 1945/2141/1979 1807/2255/1980
f 1960/2408/1981 1827/2409/1982 1830/2145/1983
f 1959/2410/1984 1834/2147/1985 1953/2201/1986
f 1786/2411/1987 1943/2412/1988 1946/2404/1973
f 1965/2413/1989 1828/2414/1990 1962/2415/1991
f 1788/2416/1992 1945/2141/1979 1950/2417/1993
f 1964/2159/1994 1823/2418/1995 1826/2419/1996
f 1776/2392/1957 1935/2420/1997 1775/2421/1998
f 1747/2164/1944 1947/2161/1999 1964/2159/1994
f 1955/2422/2000 1821/2423/2001 1824/2424/2002
f 1955/2422/2000 1823/2418/1995 1947/2161/1999
f 1986/2425/2003 1762/2426/2004 1985/2427/2005
f 1821/2423/2001 1948/2173/1965 1822/2399/1964
f 1968/2428/2006 1780/2405/1975 1779/2381/1927
f 1753/2123/1879 1948/2173/1965 1751/2177/1949
f 1984/2429/2007 1760/2430/2008 1983/2431/2009
f 1621/2183/1814 1951/2432/2010 1729/2186/1816
f 1738/2185/1920 1757/2189/2011 1951/2432/2010
f 1951/2432/2010 1624/2214/2012 1838/2433/2013
f 1729/2186/1816 1838/2433/2013 1630/2368/1915
f 1837/2180/2014 1732/2181/1812 1966/2191/1954
f 1752/2194/1946 1955/2422/2000 1749/2195/1942
f 1775/2421/1998 1945/2141/1979 1789/2434/2015
f 1957/2435/2016 1834/2147/1985 1833/2365/2017
f 1782/2128/1966 1937/2406/1976 1781/2204/2018
f 1742/2202/1922 1953/2201/1986 1739/2203/2019
f 1773/2436/2020 1995/2437/2021 1996/2108/1951
f 1758/2208/2022 1778/2382/1928 1625/2209/1974
f 1620/2372/2023 1956/2380/1926 1758/2208/2022
f 1970/2438/2024 1780/2405/1975 1967/2178/2025
f 1772/2439/2026 1968/2428/2006 1956/2380/1926
f 1757/2189/2011 1833/2365/2017 1624/2188/2012
f 1619/2190/1919 1957/2435/2016 1757/2189/2011
f 1959/2410/1984 1832/2403/1971 1831/2440/2027
f 1783/2127/2028 1944/2396/1960 1939/2219/1967
f 1744/2217/1931 1958/2401/1969 1741/2218/1932
f 1994/2441/2029 1770/2389/1950 1993/2110/1952
f 1961/2442/2030 1830/2145/1983 1829/2402/1970
f 1785/2397/1961 1946/2404/1973 1941/2398/1962
f 1743/2225/1930 1963/2443/2031 1960/2408/1981
f 1769/2223/2032 1991/2361/2033 1992/2444/2034
f 1827/2409/1982 1962/2415/1991 1828/2414/1990
f 1788/2416/1992 1943/2412/1988 1787/2233/2035
f 1748/2231/1938 1962/2415/1991 1745/2232/1934
f 1767/2229/2036 1989/2445/2037 1990/2230/2038
f 1965/2413/1989 1826/2419/1996 1825/2154/2039
f 1765/2446/2040 1987/2447/2041 1988/2448/2042
f 1627/2238/1855 1966/2191/1954 1732/2181/1812
f 1777/2449/2043 1756/2390/1955 1966/2191/1954
f 1815/2450/2044 1942/2400/1968 1812/2451/2045
f 1816/2452/2046 1795/2133/2047 1794/2280/2048
f 1812/2453/2045 1799/2289/2049 1798/2281/2050
f 1814/2454/2051 1797/2455/2052 1796/2456/2053
f 1806/2140/1978 1943/2412/1988 1950/2417/1993
f 1800/2296/2054 1811/2457/2055 1801/2458/2056
f 1944/2396/1960 1813/2459/2057 1939/2219/1967
f 1935/2420/1997 1807/2255/1980 1945/2141/1979
f 1802/2251/2058 1809/2252/2059 1803/2460/2060
f 1805/2257/2061 1818/2254/2062 1791/2461/2063
f 1807/2255/1980 1804/2462/2064 1806/2140/1978
f 1940/2407/1977 1817/2463/2065 1998/2394/1958
f 1791/2461/2063 1819/2259/1963 1792/2464/2066
f 1796/2456/2053 1817/2465/2065 1814/2454/2051
f 1946/2404/1973 1809/2248/2059 1808/2242/1972
f 1816/2452/2046 1756/2193/1955 1938/2395/1959
f 1793/2264/2067 1622/2192/1953 1623/2270/2068
f 1791/2461/2063 1792/2466/2066 1730/2338/1873
f 1792/2464/2066 1835/2467/1880 1730/2266/1873
f 1623/2270/2068 1730/2468/1873 1793/2275/2067
f 1628/2273/1877 1793/2469/2067 1730/2470/1873
f 1793/2264/2067 1629/2182/1813 1837/2265/2014
f 1792/2464/2066 1836/2471/2069 1835/2279/1880
f 1798/2281/2050 1815/2450/2044 1812/2453/2045
f 1818/2254/2062 1949/2391/1956 1819/2120/1963
f 1794/2280/2048 1795/2472/2047 1730/2473/1873
f 1623/2270/2068 1794/2474/2048 1730/2475/1873
f 1796/2456/2053 1797/2455/2052 1730/2286/1873
f 1795/2133/2047 1796/2476/2053 1730/2477/1873
f 1794/2280/2048 1622/2192/1953 1816/2452/2046
f 1800/2296/2054 1813/2459/2057 1810/2478/2070
f 1938/2395/1959 1817/2463/2065 1816/2452/2046
f 1798/2281/2050 1799/2156/2049 1730/2479/1873
f 1797/2455/2052 1798/2291/2050 1730/2480/1873
f 1808/2253/1972 1801/2458/2056 1811/2457/2055
f 1815/2450/2044 1940/2407/1977 1937/2406/1976
f 1800/2296/2054 1801/2481/2056 1730/2295/1873
f 1799/2289/2049 1800/2482/2054 1730/2483/1873
f 1803/2460/2060 1806/2140/1978 1804/2462/2064
f 1942/2400/1968 1813/2459/2057 1812/2451/2045
f 1802/2251/2058 1803/2460/2060 1730/2484/1873
f 1801/2458/2056 1802/2485/2058 1730/2293/1873
f 1810/2486/2070 1941/2398/1962 1811/2487/2055
f 1804/2462/2064 1805/2488/2061 1730/2304/1873
f 1803/2460/2060 1804/2305/2064 1730/2298/1873
f 1922/2377/1923 1739/2306/2019 1921/2308/2071
f 1730/2302/1873 1805/2257/2061 1791/2489/2063
f 1770/2309/1950 1968/2428/2006 1773/2436/2020
f 1970/2438/2024 1782/2128/1966 1781/2490/2018
f 1969/2491/2072 1783/2127/2028 1782/2128/1966
f 1771/2311/2073 1967/2178/2025 1770/2309/1950
f 1768/2314/2074 1970/2438/2024 1771/2311/2073
f 1972/2312/2075 1784/2316/2076 1783/2127/2028
f 1974/2317/2077 1784/2316/2076 1971/2492/2078
f 1769/2315/2032 1969/2491/2072 1768/2314/2074
f 1769/2315/2032 1971/2492/2078 1972/2312/2075
f 1974/2317/2077 1786/2411/1987 1785/2397/1961
f 1973/2493/2079 1787/2233/2035 1786/2411/1987
f 1767/2494/2036 1971/2492/2078 1766/2319/2080
f 1767/2494/2036 1973/2493/2079 1974/2317/2077
f 1976/2495/2081 1788/2416/1992 1787/2233/2035
f 1975/2324/2082 1789/2434/2015 1788/2416/1992
f 1765/2496/2040 1973/2493/2079 1764/2497/2083
f 1762/2498/2004 1976/2495/2081 1765/2496/2040
f 1978/2499/2084 1775/2421/1998 1789/2434/2015
f 1980/2500/2085 1775/2421/1998 1977/2501/2086
f 1762/2498/2004 1978/2499/2084 1975/2324/2082
f 1760/2502/2008 1978/2499/2084 1763/2503/2087
f 1979/2336/1904 1776/2504/1957 1980/2500/2085
f 1952/2505/2088 1751/2177/1949 1948/2173/1965
f 1761/2506/2089 1977/2501/2086 1760/2502/2008
f 1759/2335/1900 1980/2500/2085 1761/2506/2089
f 1921/2308/2071 1740/2339/2090 1920/2378/1924
f 1626/2340/1906 1981/2507/2091 1731/2343/1909
f 1774/2342/2092 1758/2508/2022 1981/2507/2091
f 1981/2507/2091 1625/2509/1974 1777/2510/2043
f 1731/2343/1909 1777/2510/2043 1627/2238/1855
f 1984/2429/2007 1820/2207/1832 1982/2347/1910
f 1780/2405/1975 1998/2394/1958 1779/2511/1927
f 1749/2195/1942 1947/2161/1999 1750/2165/1943
f 1822/2124/1964 1983/2431/2009 1821/2423/2001
f 1986/2425/2003 1821/2423/2001 1983/2431/2009
f 1761/2512/2089 1982/2347/1910 1759/2333/1900
f 1965/2413/1989 1747/2164/1944 1964/2159/1994
f 1986/2425/2003 1823/2513/1995 1824/2352/2002
f 1985/2427/2005 1826/2514/1996 1823/2513/1995
f 1760/2430/2008 1986/2425/2003 1983/2431/2009
f 1746/2353/1935 1962/2415/1991 1963/2443/2031
f 1988/2448/2042 1825/2356/2039 1826/2514/1996
f 1990/2230/2038 1825/2356/2039 1987/2447/2041
f 1765/2446/2040 1985/2427/2005 1762/2426/2004
f 1961/2442/2030 1743/2225/1930 1960/2408/1981
f 1990/2230/2038 1827/2515/1982 1828/2414/1990
f 1992/2444/2034 1827/2515/1982 1989/2445/2037
f 1767/2229/2036 1987/2447/2041 1764/2322/2083
f 1959/2410/1984 1741/2218/1932 1958/2401/1969
f 1830/2516/1983 1991/2361/2033 1829/2517/1970
f 1994/2441/2029 1829/2517/1970 1991/2361/2033
f 1769/2223/2032 1989/2445/2037 1766/2518/2080
f 1740/2363/2090 1953/2201/1986 1957/2435/2016
f 1994/2441/2029 1831/2519/2027 1832/2520/1971
f 1996/2108/1951 1831/2519/2027 1993/2110/1952
f 1768/2521/2074 1994/2441/2029 1991/2361/2033
f 1996/2108/1951 1833/2365/2017 1834/2522/1985
f 1772/2523/2026 1755/2524/2093 1995/2437/2021
f 1995/2437/2021 1624/2214/2012 1833/2365/2017
f 1755/2524/2093 1838/2367/2013 1624/2214/2012
f 1620/2212/2023 1997/2525/2094 1755/2524/2093
f 1774/2342/2092 1736/2370/1917 1997/2525/2094
f 1997/2525/2094 1630/2368/1915 1838/2367/2013
f 1668/2077/1711 1621/2375/1814 1631/2078/1712
f 1839/2079/1713 1631/2078/1712 1613/2080/1714
f 1613/2080/1714 1633/2339/1905 1840/2082/1716
f 1843/2083/1717 1842/2307/1885 1635/2084/1718
f 1673/2086/1720 1888/2179/1810 1876/2087/1721
f 1845/2089/1723 1844/2526/2095 1637/2090/1724
f 1637/2090/1724 1844/2526/2095 1843/2083/1717
f 1847/2092/1726 1846/2095/1729 1639/2093/1727
f 1636/2091/1725 1639/2093/1727 1846/2095/1729
f 1640/2096/1730 1849/2102/1736 1848/2097/1731
f 1641/2098/1732 1848/2097/1731 1847/2092/1726
f 1642/2099/1733 1851/2106/1740 1850/2100/1734
f 1643/2101/1735 1850/2100/1734 1849/2102/1736
f 1853/2103/1737 1852/2527/2096 1645/2104/1738
f 1645/2104/1738 1852/2527/2096 1851/2106/1740
f 1644/2105/1739 1646/2277/1756 1854/2107/1741
f 1916/2108/1742 1666/2200/1826 1663/2109/1743
f 1918/2111/1745 1673/2346/1720 1672/2112/1722
f 1869/2114/1747 1856/2121/1754 1684/2115/1748
f 1864/2117/1750 1861/2226/1845 1679/2118/1751
f 1713/2120/1753 1734/2205/1830 1856/2121/1754
f 1954/2122/1755 1753/2123/1879 1646/2123/1756
f 1874/2122/1757 1868/2173/1805 1716/2124/1758
f 1862/2126/1760 1859/2219/1839 1677/2127/1761
f 1723/2129/1763 1881/2220/1840 1878/2130/1764
f 1710/2132/1766 1688/2280/1881 1689/2133/1767
f 1857/2135/1769 1675/2204/1829 1674/2136/1770
f 1858/2113/1746 1672/2112/1722 1618/2138/1772
f 1700/2140/1774 1701/2255/1867 1865/2141/1775
f 1721/2143/1777 1883/2224/1844 1880/2144/1778
f 1879/2146/1780 1873/2201/1827 1728/2147/1781
f 1863/2149/1783 1681/2233/1850 1680/2150/1784
f 1885/2152/1786 1882/2227/1846 1722/2153/1787
f 1706/2155/1789 1692/2281/1882 1693/2156/1790
f 1865/2141/1775 1683/2196/1822 1682/2158/1792
f 1884/2159/1793 1720/2234/1851 1717/2160/1794
f 1855/2162/1796 1869/2114/1747 1670/2116/1749
f 1640/2164/1730 1884/2159/1793 1867/2161/1795
f 1905/2166/1798 1655/2325/1896 1656/2167/1799
f 1718/2169/1801 1875/2170/1802 1867/2161/1795
f 1875/2170/1802 1718/2169/1801 1715/2171/1803
f 1715/2171/1803 1716/2124/1758 1868/2173/1805
f 1904/2174/1806 1903/2349/1911 1653/2175/1807
f 1868/2173/1805 1874/2122/1757 1646/2123/1756
f 1673/2086/1720 1674/2136/1770 1887/2178/1809
f 1735/2180/1811 1886/2191/1820 1732/2181/1812
f 1621/2183/1814 1729/2186/1816 1871/2184/1815
f 1729/2186/1816 1630/2368/1915 1737/2187/1817
f 1871/2184/1815 1737/2187/1817 1617/2188/1818
f 1631/2185/1712 1871/2184/1815 1650/2189/1819
f 1886/2191/1820 1735/2180/1811 1615/2192/1821
f 1875/2170/1802 1872/2172/1804 1645/2194/1738
f 1683/2196/1822 1865/2141/1775 1855/2162/1796
f 1728/2147/1781 1873/2201/1827 1877/2197/1823
f 1915/2199/1825 1665/2210/1834 1666/2200/1826
f 1873/2201/1827 1879/2146/1780 1635/2202/1718
f 1862/2126/1760 1676/2128/1762 1675/2204/1829
f 1734/2205/1830 1836/2528/2069 1936/2206/1831
f 1820/2207/1832 1954/2122/1755 1874/2122/1757
f 1672/2088/1722 1876/2087/1721 1651/2208/1833
f 1888/2179/1810 1666/2310/1826 1665/2210/1834
f 1674/2136/1770 1675/2490/1829 1890/2211/1835
f 1876/2087/1721 1665/2210/1834 1614/2212/1836
f 1727/2198/1824 1877/2197/1823 1650/2213/1819
f 1877/2197/1823 1633/2363/1905 1613/2190/1714
f 1726/2131/1765 1878/2130/1764 1879/2146/1780
f 1913/2110/1744 1663/2109/1743 1664/2215/1837
f 1878/2130/1764 1881/2220/1840 1637/2217/1724
f 1864/2117/1750 1678/2119/1752 1677/2127/1761
f 1724/2145/1779 1880/2144/1778 1881/2220/1840
f 1912/2221/1841 1911/2361/1913 1661/2222/1842
f 1883/2224/1844 1639/2353/1727 1636/2225/1725
f 1866/2151/1785 1680/2150/1784 1679/2118/1751
f 1721/2143/1777 1722/2153/1787 1882/2227/1846
f 1909/2228/1847 1659/2359/1892 1660/2229/1848
f 1882/2227/1846 1885/2152/1786 1641/2231/1732
f 1870/2142/1776 1682/2158/1792 1681/2233/1850
f 1720/2234/1851 1884/2159/1793 1885/2152/1786
f 1908/2235/1852 1907/2355/1912 1657/2236/1853
f 1627/2238/1855 1732/2181/1812 1886/2191/1820
f 1671/2239/1856 1886/2191/1820 1649/2193/1773
f 1709/2240/1857 1706/2155/1789 1862/2126/1760
f 1866/2151/1785 1861/2226/1845 1705/2241/1858
f 1708/2243/1860 1690/2262/1871 1691/2244/1861
f 1694/2246/1862 1695/2292/1883 1705/2241/1858
f 1870/2142/1776 1863/2149/1783 1703/2248/1864
f 1864/2117/1750 1859/2219/1839 1707/2249/1791
f 1696/2251/1865 1697/2297/1884 1703/2252/1864
f 1712/2254/1866 1855/2162/1796 1865/2141/1775
f 1698/2256/1868 1699/2257/1869 1701/2255/1867
f 1699/2257/1869 1685/2258/1870 1712/2254/1866
f 1685/2258/1870 1686/2267/1874 1713/2259/1753
f 1708/2260/1860 1860/2137/1771 1918/2111/1745
f 1690/2262/1871 1708/2243/1860 1711/2134/1768
f 1702/2242/1859 1703/2248/1864 1863/2149/1783
f 1649/2139/1773 1615/2192/1821 1710/2263/1766
f 1629/2182/1813 1628/2273/1877 1687/2264/1872
f 1686/2267/1874 1733/2279/1875 1734/2276/1830
f 1687/2264/1872 1616/2270/1876 1615/2192/1821
f 1934/2107/1878 1854/2107/1741 1646/2277/1756
f 1712/2254/1866 1713/2120/1753 1869/2114/1747
f 1688/2280/1881 1710/2132/1766 1615/2192/1821
f 1692/2281/1882 1706/2155/1789 1709/2245/1857
f 1858/2113/1746 1710/2263/1766 1711/2261/1768
f 1694/2246/1862 1704/2247/1863 1707/2157/1791
f 1709/2240/1857 1857/2135/1769 1860/2137/1771
f 1695/2292/1883 1696/2251/1865 1702/2253/1859
f 1706/2155/1789 1707/2249/1791 1859/2219/1839
f 1697/2297/1884 1698/2256/1868 1700/2140/1774
f 1704/2250/1863 1705/2241/1858 1861/2226/1845
f 1632/2306/1828 1635/2084/1718 1842/2307/1885
f 1835/2279/1880 1836/2471/2069 1734/2276/1830
f 1790/2115/1887 1684/2115/1748 1856/2121/1754
f 1888/2179/1810 1887/2178/1809 1663/2309/1743
f 1887/2178/1809 1890/2211/1835 1664/2311/1837
f 1676/2128/1762 1677/2127/1761 1892/2312/1888
f 1890/2211/1835 1675/2490/1829 1676/2128/1762
f 1890/2211/1835 1889/2313/1889 1661/2314/1842
f 1889/2313/1889 1892/2312/1888 1662/2315/1843
f 1678/2316/1752 1679/2118/1751 1894/2317/1890
f 1892/2312/1888 1677/2127/1761 1678/2316/1752
f 1662/2315/1843 1892/2312/1888 1891/2318/1891
f 1891/2318/1891 1894/2317/1890 1660/2320/1848
f 1681/2233/1850 1896/2323/1894 1893/2321/1893
f 1894/2317/1890 1679/2118/1751 1680/2150/1784
f 1660/2320/1848 1894/2317/1890 1893/2321/1893
f 1896/2323/1894 1658/2326/1854 1657/2322/1853
f 1683/2196/1822 1898/2327/1897 1895/2324/1895
f 1681/2233/1850 1682/2158/1792 1895/2324/1895
f 1896/2323/1894 1895/2324/1895 1655/2325/1896
f 1898/2327/1897 1656/2331/1799 1655/2325/1896
f 1669/2328/1797 1670/2116/1749 1900/2329/1898
f 1898/2327/1897 1683/2196/1822 1669/2328/1797
f 1898/2327/1897 1897/2330/1899 1653/2175/1807
f 1897/2330/1899 1900/2329/1898 1654/2332/1808
f 1759/2333/1900 1982/2347/1910 1902/2334/1901
f 1670/2116/1749 1684/2373/1748 1899/2336/1903
f 1900/2329/1898 1899/2336/1903 1652/2337/1902
f 1759/2335/1900 1652/2337/1902 1899/2336/1903
f 1841/2308/1886 1840/2082/1716 1633/2339/1905
f 1626/2340/1906 1731/2343/1909 1901/2341/1907
f 1731/2343/1909 1627/2238/1855 1671/2344/1856
f 1901/2341/1907 1671/2344/1856 1618/2209/1772
f 1667/2342/1908 1901/2341/1907 1651/2208/1833
f 1872/2172/1804 1868/2173/1805 1644/2177/1739
f 1673/2346/1720 1918/2111/1745 1860/2137/1771
f 1714/2207/1759 1716/2350/1758 1904/2174/1806
f 1982/2347/1910 1820/2207/1832 1714/2207/1759
f 1867/2161/1795 1875/2170/1802 1642/2195/1733
f 1902/2334/1901 1904/2174/1806 1654/2176/1808
f 1715/2348/1803 1718/2352/1801 1906/2168/1800
f 1716/2350/1758 1715/2348/1803 1903/2349/1911
f 1885/2152/1786 1884/2159/1793 1640/2164/1730
f 1906/2168/1800 1656/2167/1799 1653/2175/1807
f 1717/2351/1794 1720/2357/1851 1908/2235/1852
f 1718/2352/1801 1717/2351/1794 1905/2166/1798
f 1882/2227/1846 1638/2232/1728 1639/2353/1727
f 1908/2235/1852 1658/2237/1854 1655/2325/1896
f 1722/2354/1787 1910/2230/1849 1907/2355/1912
f 1719/2356/1788 1907/2355/1912 1908/2235/1852
f 1881/2220/1840 1880/2144/1778 1636/2225/1725
f 1910/2230/1849 1660/2229/1848 1657/2236/1853
f 1721/2358/1777 1724/2145/1779 1912/2221/1841
f 1721/2358/1777 1909/2228/1847 1910/2230/1849
f 1879/2146/1780 1878/2130/1764 1634/2218/1719
f 1909/2228/1847 1912/2221/1841 1662/2223/1843
f 1726/2360/1765 1914/2216/1838 1911/2361/1913
f 1723/2362/1763 1911/2361/1913 1912/2221/1841
f 1873/2201/1827 1632/2203/1828 1633/2363/1905
f 1911/2361/1913 1914/2216/1838 1664/2215/1837
f 1728/2147/1781 1916/2108/1742 1913/2110/1744
f 1725/2364/1782 1913/2110/1744 1914/2216/1838
f 1617/2214/1818 1648/2366/1914 1915/2199/1825
f 1648/2366/1914 1614/2372/1836 1665/2210/1834
f 1727/2365/1824 1915/2199/1825 1916/2108/1742
f 1737/2367/1817 1917/2369/1916 1648/2366/1914
f 1630/2368/1915 1736/2370/1917 1917/2369/1916
f 1736/2370/1917 1626/2340/1906 1667/2371/1908
f 1917/2369/1916 1667/2371/1908 1614/2372/1836
f 1790/2373/1887 1979/2336/1904 1899/2336/1903
f 1919/2374/1918 1754/2379/1925 1619/2080/1919
f 1668/2077/1711 1919/2374/1918 1738/2078/1920
f 1923/2376/1921 1741/2085/1932 1742/2084/1922
f 1920/2378/1924 1740/2339/2090 1619/2080/1919
f 1956/2380/1926 1968/2428/2006 1779/2381/1927
f 1924/2383/1929 1925/2089/1936 1743/2091/1930
f 1924/2383/1929 1744/2090/1931 1741/2085/1932
f 1926/2384/1933 1927/2092/1940 1745/2094/1934
f 1926/2384/1933 1746/2093/1935 1743/2091/1930
f 1929/2102/1937 1747/2096/1944 1748/2098/1938
f 1927/2092/1940 1928/2385/1939 1748/2098/1938
f 1930/2386/1941 1931/2106/1948 1749/2099/1942
f 1930/2386/1941 1750/2101/1943 1747/2096/1944
f 1933/2387/1945 1751/2105/1949 1752/2104/1946
f 1931/2106/1948 1932/2388/1947 1752/2104/1946
f 1934/2107/1878 1753/2277/1879 1751/2105/1949
f 1770/2389/1950 1773/2436/2020 1996/2108/1951
f 1622/2192/1953 1837/2180/2014 1966/2191/1954
f 1790/2115/1887 1936/2206/1831 1949/2391/1956
f 1778/2393/1928 1779/2511/1927 1998/2394/1958
f 1944/2396/1960 1784/2119/2076 1785/2397/1961
f 1936/2206/1831 1836/2528/2069 1819/2120/1963
f 1954/2122/1755 1820/2207/1832 1822/2399/1964
f 1782/2128/1966 1783/2127/2028 1939/2219/1967
f 1958/2401/1969 1961/2442/2030 1829/2402/1970
f 1808/2242/1972 1811/2487/2055 1941/2398/1962
f 1625/2209/1974 1778/2393/1928 1938/2395/1959
f 1780/2405/1975 1781/2204/2018 1937/2406/1976
f 1806/2140/1978 1950/2417/1993 1945/2141/1979
f 1960/2408/1981 1963/2443/2031 1827/2409/1982
f 1959/2410/1984 1831/2440/2027 1834/2147/1985
f 1786/2411/1987 1787/2233/2035 1943/2412/1988
f 1965/2413/1989 1825/2154/2039 1828/2414/1990
f 1788/2416/1992 1789/2434/2015 1945/2141/1979
f 1964/2159/1994 1947/2161/1999 1823/2418/1995
f 1776/2392/1957 1949/2391/1956 1935/2420/1997
f 1747/2164/1944 1750/2165/1943 1947/2161/1999
f 1955/2422/2000 1952/2505/2088 1821/2423/2001
f 1955/2422/2000 1824/2424/2002 1823/2418/1995
f 1986/2425/2003 1763/2503/2087 1762/2426/2004
f 1821/2423/2001 1952/2505/2088 1948/2173/1965
f 1968/2428/2006 1967/2178/2025 1780/2405/1975
f 1753/2123/1879 1954/2122/1755 1948/2173/1965
f 1984/2429/2007 1761/2512/2089 1760/2430/2008
f 1621/2183/1814 1738/2185/1920 1951/2432/2010
f 1738/2185/1920 1619/2190/1919 1757/2189/2011
f 1951/2432/2010 1757/2189/2011 1624/2214/2012
f 1729/2186/1816 1951/2432/2010 1838/2433/2013
f 1837/2180/2014 1629/2182/1813 1732/2181/1812
f 1752/2194/1946 1952/2505/2088 1955/2422/2000
f 1775/2421/1998 1935/2420/1997 1945/2141/1979
f 1957/2435/2016 1953/2201/1986 1834/2147/1985
f 1782/2128/1966 1942/2400/1968 1937/2406/1976
f 1742/2202/1922 1959/2410/1984 1953/2201/1986
f 1773/2436/2020 1772/2523/2026 1995/2437/2021
f 1758/2208/2022 1956/2380/1926 1778/2382/1928
f 1620/2372/2023 1772/2439/2026 1956/2380/1926
f 1970/2438/2024 1781/2490/2018 1780/2405/1975
f 1772/2439/2026 1773/2436/2020 1968/2428/2006
f 1757/2189/2011 1957/2435/2016 1833/2365/2017
f 1619/2190/1919 1740/2363/2090 1957/2435/2016
f 1959/2410/1984 1958/2401/1969 1832/2403/1971
f 1783/2127/2028 1784/2119/2076 1944/2396/1960
f 1744/2217/1931 1961/2442/2030 1958/2401/1969
f 1994/2441/2029 1771/2529/2073 1770/2389/1950
f 1961/2442/2030 1960/2408/1981 1830/2145/1983
f 1785/2397/1961 1786/2411/1987 1946/2404/1973
f 1743/2225/1930 1746/2353/1935 1963/2443/2031
f 1769/2223/2032 1768/2521/2074 1991/2361/2033
f 1827/2409/1982 1963/2443/2031 1962/2415/1991
f 1788/2416/1992 1950/2417/1993 1943/2412/1988
f 1748/2231/1938 1965/2413/1989 1962/2415/1991
f 1767/2229/2036 1766/2518/2080 1989/2445/2037
f 1965/2413/1989 1964/2159/1994 1826/2419/1996
f 1765/2446/2040 1764/2322/2083 1987/2447/2041
f 1627/2238/1855 1777/2449/2043 1966/2191/1954
f 1777/2449/2043 1625/2530/1974 1756/2390/1955
f 1815/2450/2044 1937/2406/1976 1942/2400/1968
f 1816/2452/2046 1817/2465/2065 1795/2133/2047
f 1812/2453/2045 1813/2459/2057 1799/2289/2049
f 1814/2454/2051 1815/2450/2044 1797/2455/2052
f 1806/2140/1978 1809/2248/2059 1943/2412/1988
f 1800/2296/2054 1810/2478/2070 1811/2457/2055
f 1944/2396/1960 1810/2486/2070 1813/2459/2057
f 1935/2420/1997 1818/2254/2062 1807/2255/1980
f 1802/2251/2058 1808/2253/1972 1809/2252/2059
f 1805/2257/2061 1807/2255/1980 1818/2254/2062
f 1807/2255/1980 1805/2257/2061 1804/2462/2064
f 1940/2407/1977 1814/2531/2051 1817/2463/2065
f 1791/2461/2063 1818/2254/2062 1819/2259/1963
f 1796/2456/2053 1795/2133/2047 1817/2465/2065
f 1946/2404/1973 1943/2412/1988 1809/2248/2059
f 1816/2452/2046 1622/2192/1953 1756/2193/1955
f 1793/2264/2067 1837/2265/2014 1622/2192/1953
f 1793/2264/2067 1628/2273/1877 1629/2182/1813
f 1792/2464/2066 1819/2259/1963 1836/2471/2069
f 1798/2281/2050 1797/2455/2052 1815/2450/2044
f 1818/2254/2062 1935/2420/1997 1949/2391/1956
f 1794/2280/2048 1623/2270/2068 1622/2192/1953
f 1800/2296/2054 1799/2289/2049 1813/2459/2057
f 1938/2395/1959 1998/2394/1958 1817/2463/2065
f 1808/2253/1972 1802/2251/2058 1801/2458/2056
f 1815/2450/2044 1814/2531/2051 1940/2407/1977
f 1803/2460/2060 1809/2252/2059 1806/2140/1978
f 1942/2400/1968 1939/2219/1967 1813/2459/2057
f 1810/2486/2070 1944/2396/1960 1941/2398/1962
f 1922/2377/1923 1742/2084/1922 1739/2306/2019
f 1770/2309/1950 1967/2178/2025 1968/2428/2006
f 1970/2438/2024 1969/2491/2072 1782/2128/1966
f 1969/2491/2072 1972/2312/2075 1783/2127/2028
f 1771/2311/2073 1970/2438/2024 1967/2178/2025
f 1768/2314/2074 1969/2491/2072 1970/2438/2024
f 1972/2312/2075 1971/2492/2078 1784/2316/2076
f 1974/2317/2077 1785/2397/1961 1784/2316/2076
f 1769/2315/2032 1972/2312/2075 1969/2491/2072
f 1769/2315/2032 1766/2319/2080 1971/2492/2078
f 1974/2317/2077 1973/2493/2079 1786/2411/1987
f 1973/2493/2079 1976/2495/2081 1787/2233/2035
f 1767/2494/2036 1974/2317/2077 1971/2492/2078
f 1767/2494/2036 1764/2497/2083 1973/2493/2079
f 1976/2495/2081 1975/2324/2082 1788/2416/1992
f 1975/2324/2082 1978/2499/2084 1789/2434/2015
f 1765/2496/2040 1976/2495/2081 1973/2493/2079
f 1762/2498/2004 1975/2324/2082 1976/2495/2081
f 1978/2499/2084 1977/2501/2086 1775/2421/1998
f 1980/2500/2085 1776/2504/1957 1775/2421/1998
f 1762/2498/2004 1763/2503/2087 1978/2499/2084
f 1760/2502/2008 1977/2501/2086 1978/2499/2084
f 1979/2336/1904 1790/2373/1887 1776/2504/1957
f 1952/2505/2088 1752/2194/1946 1751/2177/1949
f 1761/2506/2089 1980/2500/2085 1977/2501/2086
f 1759/2335/1900 1979/2336/1904 1980/2500/2085
f 1921/2308/2071 1739/2306/2019 1740/2339/2090
f 1626/2340/1906 1774/2342/2092 1981/2507/2091
f 1774/2342/2092 1620/2532/2023 1758/2508/2022
f 1981/2507/2091 1758/2508/2022 1625/2509/1974
f 1731/2343/1909 1981/2507/2091 1777/2510/2043
f 1984/2429/2007 1822/2124/1964 1820/2207/1832
f 1780/2405/1975 1940/2407/1977 1998/2394/1958
f 1749/2195/1942 1955/2422/2000 1947/2161/1999
f 1822/2124/1964 1984/2429/2007 1983/2431/2009
f 1986/2425/2003 1824/2352/2002 1821/2423/2001
f 1761/2512/2089 1984/2429/2007 1982/2347/1910
f 1965/2413/1989 1748/2231/1938 1747/2164/1944
f 1986/2425/2003 1985/2427/2005 1823/2513/1995
f 1985/2427/2005 1988/2448/2042 1826/2514/1996
f 1760/2430/2008 1763/2503/2087 1986/2425/2003
f 1746/2353/1935 1745/2232/1934 1962/2415/1991
f 1988/2448/2042 1987/2447/2041 1825/2356/2039
f 1990/2230/2038 1828/2414/1990 1825/2356/2039
f 1765/2446/2040 1988/2448/2042 1985/2427/2005
f 1961/2442/2030 1744/2217/1931 1743/2225/1930
f 1990/2230/2038 1989/2445/2037 1827/2515/1982
f 1992/2444/2034 1830/2516/1983 1827/2515/1982
f 1767/2229/2036 1990/2230/2038 1987/2447/2041
f 1959/2410/1984 1742/2202/1922 1741/2218/1932
f 1830/2516/1983 1992/2444/2034 1991/2361/2033
f 1994/2441/2029 1832/2520/1971 1829/2517/1970
f 1769/2223/2032 1992/2444/2034 1989/2445/2037
f 1740/2363/2090 1739/2203/2019 1953/2201/1986
f 1994/2441/2029 1993/2110/1952 1831/2519/2027
f 1996/2108/1951 1834/2522/1985 1831/2519/2027
f 1768/2521/2074 1771/2529/2073 1994/2441/2029
f 1996/2108/1951 1995/2437/2021 1833/2365/2017
f 1772/2523/2026 1620/2212/2023 1755/2524/2093
f 1995/2437/2021 1755/2524/2093 1624/2214/2012
f 1755/2524/2093 1997/2525/2094 1838/2367/2013
f 1620/2212/2023 1774/2342/2092 1997/2525/2094
f 1774/2342/2092 1626/2340/1906 1736/2370/1917
f 1997/2525/2094 1736/2370/1917 1630/2368/1915
o print
v -14.986265 6.439423 1.616658
v -13.328760 6.439423 7.279455
v -14.426659 6.439425 4.620623
v -9.706090 6.439423 11.694094
v -11.734876 6.439425 9.665117
v -4.669771 6.439423 14.386355
v -7.320581 6.439425 13.288206
v 1.013465 6.439423 14.946364
v -1.855808 6.439425 14.946230
v 6.478396 6.439423 13.288867
v 3.827480 6.439425 14.386761
v 10.893564 6.439709 9.667928
v 8.864058 6.439425 11.694985
v 13.724374 6.559881 5.010050
v 12.503928 6.448963 7.333595
v -13.516235 13.606112 7.379653
v -14.630083 13.606108 4.682321
v -9.840954 13.606112 11.858412
v -11.899206 13.606108 9.799965
v -4.731488 13.606112 14.589772
v -7.420798 13.606108 13.475677
v 1.034291 13.606112 15.157914
v -1.876655 13.606108 15.157776
v 6.578593 13.606112 13.476343
v 3.889177 13.606108 14.590186
v 11.058033 13.606226 9.801610
v 8.998904 13.606108 11.859314
v 13.986183 13.646200 4.750716
v 12.696930 13.610659 7.395706
v 12.807307 -9.276124 4.731040
v 11.677261 -9.171428 6.891688
v 10.170956 -9.161027 9.074859
v 8.271101 -9.160697 10.972388
v 6.037800 -9.160698 12.464477
v 3.556185 -9.160697 13.492255
v 0.921887 -9.160698 14.016119
v -1.764139 -9.160697 14.015988
v -4.398388 -9.160698 13.491875
v -6.879904 -9.160697 12.463859
v -9.113062 -9.160698 10.971557
v -11.012279 -9.160697 9.072160
v -12.504369 -9.160698 6.838858
v -13.532150 -9.160697 4.349326
v -14.056019 -9.160698 1.525056
v 13.863406 16.299477 4.692613
v 12.714260 16.286238 7.400784
v 11.088203 16.285084 9.826328
v 9.024108 16.285053 11.890029
v 6.597322 16.285051 13.511385
v 3.900709 16.285053 14.628208
v 1.038183 16.285051 15.197456
v -1.880552 16.285053 15.197316
v -4.743024 16.285051 14.627795
v -7.439530 16.285053 13.510712
v -9.866161 16.285051 11.889123
v -11.929921 16.285053 9.825169
v -13.551279 16.285051 7.398381
v -14.668103 16.285053 4.693852
v -13.448264 10.762594 7.343325
v -14.556325 10.762594 4.659951
v -9.792055 10.762594 11.798836
v -11.839623 10.762594 9.751072
v -4.709111 10.762594 14.516020
v -7.384462 10.762594 13.407701
v 1.026740 10.762594 15.081214
v -1.869097 10.762594 15.081075
v 6.542265 10.762594 13.408369
v 3.866808 10.762594 14.516430
v 10.998524 10.762676 9.753760
v 8.950013 10.762594 11.799732
v 13.896098 10.791838 5.077709
v 12.630090 10.765467 7.394738
v -15.197818 13.606112 1.637490
v -15.237358 16.285051 1.641383
v -15.121114 10.762594 1.629937
v -14.986263 6.439425 -1.616697
v -13.328759 6.439425 -7.279494
v -14.426659 6.439423 -4.620663
v -9.706090 6.439425 -11.694136
v -11.734876 6.439423 -9.665157
v -4.669771 6.439425 -14.386395
v -7.320581 6.439423 -13.288245
v 1.013465 6.439425 -14.946404
v -1.855808 6.439423 -14.946267
v 6.478395 6.439425 -13.288907
v 3.827480 6.439423 -14.386803
v 10.893565 6.439709 -9.667968
v 8.864058 6.439423 -11.695024
v 13.724374 6.559881 -5.010089
v 12.503930 6.448961 -7.333634
v -13.516237 13.606108 -7.379692
v -14.630081 13.606108 -4.682360
v -9.840953 13.606108 -11.858452
v -11.899206 13.606108 -9.800004
v -4.731488 13.606108 -14.589815
v -7.420798 13.606108 -13.475715
v 1.034291 13.606108 -15.157956
v -1.876655 13.606108 -15.157816
v 6.578593 13.606108 -13.476383
v 3.889177 13.606108 -14.590226
v 11.058033 13.606224 -9.801650
v 8.998904 13.606108 -11.859354
v 13.986183 13.646202 -4.750755
v 12.696930 13.610659 -7.395745
v 12.807308 -9.276124 -4.731079
v 11.677261 -9.171428 -6.891728
v 10.170956 -9.161026 -9.074898
v 8.271101 -9.160697 -10.972430
v 6.037800 -9.160698 -12.464518
v 3.556185 -9.160697 -13.492297
v 0.921887 -9.160698 -14.016158
v -1.764139 -9.160697 -14.016029
v -4.398387 -9.160698 -13.491913
v -6.879904 -9.160697 -12.463898
v -9.113061 -9.160698 -10.971597
v -11.012280 -9.160697 -9.072200
v -12.504369 -9.160698 -6.838897
v -13.532148 -9.160697 -4.349366
v -14.056017 -9.160698 -1.525095
v 13.863405 16.299479 -4.692652
v 12.714260 16.286240 -7.400823
v 11.088202 16.285084 -9.826368
v 9.024108 16.285053 -11.890069
v 6.597322 16.285053 -13.511424
v 3.900708 16.285053 -14.628246
v 1.038183 16.285053 -15.197496
v -1.880552 16.285053 -15.197355
v -4.743024 16.285053 -14.627834
v -7.439529 16.285053 -13.510752
v -9.866161 16.285053 -11.889163
v -11.929921 16.285053 -9.825209
v -13.551279 16.285053 -7.398420
v -14.668101 16.285053 -4.693892
v -13.448264 10.762594 -7.343364
v -14.556326 10.762594 -4.659990
v -9.792056 10.762594 -11.798874
v -11.839623 10.762594 -9.751112
v -4.709111 10.762594 -14.516060
v -7.384462 10.762594 -13.407742
v 1.026740 10.762594 -15.081254
v -1.869097 10.762594 -15.081115
v 6.542264 10.762594 -13.408411
v 3.866808 10.762594 -14.516471
v 10.998525 10.762676 -9.753799
v 8.950013 10.762594 -11.799772
v 13.896098 10.791842 -5.077747
v 12.630090 10.765467 -7.394777
v -15.197818 13.606108 -1.637529
v -15.237358 16.285053 -1.641423
v -15.121116 10.762594 -1.629976
v 13.783067 16.804451 4.680226
v 12.665760 16.802795 7.376010
v 11.049101 16.802650 9.794286
v 8.992120 16.802650 11.851048
v 6.573553 16.802650 13.466912
v 3.886073 16.802650 14.579952
v 1.033243 16.802650 15.147268
v -1.875607 16.802650 15.147132
v -4.728383 16.802650 14.579539
v -7.415757 16.802650 13.466241
v -9.834169 16.802650 11.850144
v -11.890938 16.802650 9.793180
v -13.506807 16.802650 7.374613
v -14.619848 16.802650 4.679216
v -15.187176 16.802650 1.636442
v -15.070695 9.028625 1.624972
v -15.160934 12.193182 1.633858
v -13.403581 9.028625 7.319444
v -13.483551 12.193182 7.362184
v -14.594613 12.193180 4.671563
v -14.507846 9.028625 4.645247
v -9.759914 9.028625 11.759674
v -9.817440 12.193182 11.829764
v -11.870554 12.193180 9.776454
v -11.800458 9.028625 9.718934
v -4.694403 9.028625 14.467540
v -4.720728 12.193182 14.554307
v -7.403326 12.193180 13.442987
v -7.360578 9.028625 13.363021
v 1.021776 9.028625 15.030793
v 1.030660 12.193182 15.121033
v -1.873021 12.193180 15.120894
v -1.864129 9.028625 15.030658
v 6.518386 9.028625 13.363690
v 6.561124 12.193182 13.443659
v 3.878421 12.193180 14.554717
v 3.852104 9.028625 14.467945
v 10.959288 9.028826 9.721761
v 11.029481 12.193262 9.778659
v 8.975395 12.193180 11.830665
v 8.917876 9.028625 11.760571
v 13.831182 9.107836 5.076972
v 13.956553 12.217649 4.942705
v 12.666795 12.196354 7.397128
v 12.583026 9.035229 7.374882
v 12.583386 -11.369097 4.693133
v 11.455849 -11.298147 6.772383
v 9.973957 -11.290511 8.913074
v 8.109336 -11.290272 10.775257
v 5.917602 -11.290272 12.239578
v 3.482173 -11.290272 13.248224
v 0.896904 -11.290272 13.762337
v -1.739131 -11.290272 13.762211
v -4.324351 -11.290272 13.247850
v -6.759683 -11.290272 12.238966
v -8.951279 -11.290272 10.774442
v -10.815147 -11.290272 8.910394
v -12.279468 -11.290272 6.718658
v -13.288117 -11.290272 4.275314
v -13.802237 -11.290272 1.500065
v 13.783065 16.804451 -4.680265
v 12.665760 16.802801 -7.376049
v 11.049102 16.802656 -9.794326
v 8.992120 16.802650 -11.851088
v 6.573553 16.802650 -13.466950
v 3.886073 16.802650 -14.579992
v 1.033242 16.802650 -15.147313
v -1.875607 16.802650 -15.147170
v -4.728383 16.802650 -14.579579
v -7.415756 16.802650 -13.466281
v -9.834169 16.802650 -11.850184
v -11.890938 16.802650 -9.793220
v -13.506807 16.802650 -7.374650
v -14.619848 16.802650 -4.679255
v -15.187176 16.802650 -1.636481
v -15.070697 9.028625 -1.625011
v -15.160933 12.193182 -1.633897
v -13.403581 9.028625 -7.319482
v -13.483552 12.193182 -7.362223
v -14.594612 12.193180 -4.671603
v -14.507844 9.028625 -4.645286
v -9.759913 9.028625 -11.759714
v -9.817441 12.193182 -11.829803
v -11.870555 12.193180 -9.776493
v -11.800461 9.028625 -9.718974
v -4.694403 9.028625 -14.467578
v -4.720728 12.193182 -14.554346
v -7.403327 12.193180 -13.443030
v -7.360578 9.028625 -13.363061
v 1.021776 9.028625 -15.030835
v 1.030660 12.193182 -15.121073
v -1.873021 12.193180 -15.120933
v -1.864129 9.028625 -15.030699
v 6.518387 9.028625 -13.363729
v 6.561124 12.193182 -13.443697
v 3.878421 12.193180 -14.554758
v 3.852104 9.028625 -14.467988
v 10.959287 9.028826 -9.721802
v 11.029481 12.193262 -9.778699
v 8.975394 12.193180 -11.830705
v 8.917876 9.028625 -11.760611
v 13.831183 9.107836 -5.077010
v 13.956552 12.217651 -4.942743
v 12.666795 12.196354 -7.397166
v 12.583026 9.035233 -7.374920
v 12.583386 -11.369097 -4.693172
v 11.455850 -11.298147 -6.772422
v 9.973957 -11.290511 -8.913114
v 8.109336 -11.290272 -10.775298
v 5.917601 -11.290272 -12.239616
v 3.482173 -11.290272 -13.248264
v 0.896904 -11.290272 -13.762377
v -1.739131 -11.290272 -13.762250
v -4.324352 -11.290272 -13.247890
v -6.759683 -11.290272 -12.239007
v -8.951279 -11.290272 -10.774480
v -10.815147 -11.290272 -8.910434
v -12.279466 -11.290272 -6.718698
v -13.288117 -11.290272 -4.275352
v -13.802237 -11.290272 -1.500105
vn 0.9104 0.1490 0.3860
vn 0.8756 0.0569 0.4797
vn 0.9156 0.1022 0.3890
vn 0.8766 0.1044 0.4697
vn 0.7713 0.0424 0.6350
vn 0.6338 0.0410 0.7724
vn 0.7694 -0.0196 0.6384
vn 0.9048 0.0321 0.4247
vn 0.7692 0.0972 0.6315
vn 0.6314 0.0970 0.7694
vn 0.4710 0.0410 0.8812
vn 0.2900 0.0410 0.9562
vn 0.4713 -0.0205 0.8818
vn 0.8628 -0.0088 0.5055
vn 0.4691 0.0970 0.8778
vn 0.0975 0.0970 0.9905
vn 0.2889 0.0970 0.9524
vn -0.0980 0.0410 0.9943
vn 0.0979 -0.0205 0.9950
vn 0.0979 0.0410 0.9944
vn -0.2890 0.0970 0.9524
vn -0.0976 0.0970 0.9905
vn -0.2901 0.0410 0.9561
vn -0.4713 -0.0205 0.8817
vn -0.2903 -0.0205 0.9567
vn -0.4710 0.0410 0.8812
vn -0.4692 0.0970 0.8777
vn -0.6339 0.0410 0.7723
vn -0.7724 0.0410 0.6338
vn -0.6343 -0.0205 0.7728
vn -0.7694 0.0970 0.6314
vn -0.6314 0.0970 0.7693
vn -0.8814 0.0410 0.4705
vn -0.9580 0.0410 0.2838
vn -0.8820 -0.0205 0.4708
vn -0.8780 0.0970 0.4687
vn -0.9543 0.0970 0.2826
vn -0.9949 0.0410 0.0920
vn -0.9949 0.0410 -0.0920
vn -0.9911 0.0970 0.0916
vn -0.9911 0.0970 -0.0916
vn 0.6335 -0.0462 0.7724
vn 0.4695 -0.0892 0.8784
vn 0.6316 -0.0892 0.7701
vn 0.7649 -0.0892 0.6380
vn 0.7673 -0.0463 0.6396
vn 0.2899 -0.0462 0.9559
vn 0.0976 -0.0892 0.9912
vn 0.2891 -0.0892 0.9531
vn 0.4708 -0.0462 0.8810
vn -0.0977 -0.0892 0.9912
vn -0.2900 -0.0462 0.9559
vn -0.2892 -0.0892 0.9531
vn 0.0979 -0.0462 0.9941
vn -0.4709 -0.0462 0.8810
vn -0.6319 -0.0892 0.7699
vn -0.4696 -0.0892 0.8784
vn -0.7700 -0.0892 0.6318
vn -0.8812 -0.0462 0.4704
vn -0.8787 -0.0892 0.4690
vn -0.7722 -0.0462 0.6337
vn -0.6338 -0.0462 0.7722
vn -0.9578 -0.0462 0.2836
vn 0.8552 -0.0470 0.5161
vn 0.8796 -0.0848 0.4682
vn 0.8834 -0.0505 0.4660
vn -0.9947 -0.0462 -0.0918
vn -0.9953 -0.0310 0.0919
vn -0.9953 -0.0310 -0.0919
vn 0.8550 -0.0186 0.5184
vn 0.7681 -0.0265 0.6398
vn -0.9954 -0.0271 0.0920
vn -0.9955 -0.0205 -0.0920
vn -0.9954 -0.0271 -0.0920
vn -0.9586 -0.0205 0.2840
vn -0.8819 -0.0271 0.4707
vn 0.8517 -0.0883 0.5165
vn 0.7623 -0.1185 0.6363
vn 0.8475 -0.1139 0.5184
vn -0.9947 -0.0462 0.0918
vn -0.9918 -0.0892 -0.0912
vn -0.9887 -0.1189 0.0908
vn -0.9918 -0.0892 0.0912
vn -0.9954 -0.0286 0.0920
vn -0.9954 -0.0286 -0.0920
vn -0.9584 -0.0310 0.2838
vn -0.9584 -0.0286 0.2839
vn -0.9585 -0.0271 0.2839
vn -0.9955 -0.0205 0.0920
vn -0.7727 -0.0310 0.6341
vn -0.7729 -0.0205 0.6342
vn -0.6342 -0.0271 0.7727
vn -0.8818 -0.0310 0.4707
vn -0.8818 -0.0286 0.4707
vn -0.7727 -0.0286 0.6341
vn -0.7728 -0.0271 0.6341
vn -0.4712 -0.0310 0.8815
vn -0.2902 -0.0271 0.9566
vn -0.6342 -0.0286 0.7727
vn -0.6341 -0.0310 0.7726
vn -0.4713 -0.0271 0.8816
vn -0.4712 -0.0286 0.8815
vn -0.0980 -0.0310 0.9947
vn -0.0980 -0.0462 0.9941
vn -0.0980 -0.0205 0.9950
vn 0.0979 -0.0271 0.9948
vn -0.2902 -0.0310 0.9565
vn -0.2902 -0.0286 0.9565
vn -0.0980 -0.0286 0.9948
vn -0.0980 -0.0271 0.9948
vn 0.0979 -0.0310 0.9947
vn 0.2902 -0.0205 0.9568
vn 0.4712 -0.0271 0.8816
vn 0.0979 -0.0286 0.9948
vn 0.2901 -0.0286 0.9566
vn 0.2901 -0.0310 0.9565
vn 0.2901 -0.0271 0.9566
vn 0.6338 -0.0310 0.7729
vn 0.6341 -0.0205 0.7730
vn 0.4712 -0.0286 0.8816
vn 0.4711 -0.0310 0.8815
vn 0.6339 -0.0271 0.7729
vn 0.6339 -0.0286 0.7729
vn 0.7674 -0.0312 0.6404
vn 0.8905 0.0163 0.4546
vn 0.7674 -0.0285 0.6405
vn 0.8526 -0.0336 0.5215
vn 0.8514 -0.0268 0.5238
vn 0.8730 -0.1020 0.4769
vn 0.8781 -0.0407 0.4768
vn 0.8804 -0.0173 0.4739
vn 0.6296 -0.1189 0.7677
vn 0.4680 -0.1189 0.8757
vn 0.2882 -0.1189 0.9502
vn 0.0973 -0.1189 0.9881
vn -0.0974 -0.1189 0.9881
vn -0.2883 -0.1189 0.9501
vn -0.4681 -0.1189 0.8756
vn -0.6299 -0.1189 0.7675
vn -0.7676 -0.1189 0.6299
vn -0.9551 -0.0892 0.2824
vn -0.8760 -0.1189 0.4675
vn -0.9522 -0.1190 0.2814
vn -0.9586 -0.0205 -0.2840
vn -0.9580 0.0410 -0.2838
vn 0.7673 -0.0463 -0.6396
vn 0.8517 -0.0883 -0.5165
vn 0.7649 -0.0892 -0.6380
vn 0.8756 0.0569 -0.4797
vn 0.9104 0.1490 -0.3860
vn 0.9156 0.1022 -0.3890
vn 0.6338 0.0410 -0.7724
vn 0.7694 -0.0196 -0.6384
vn 0.6341 -0.0205 -0.7730
vn 0.7713 0.0424 -0.6350
vn 0.8766 0.1044 -0.4697
vn 0.9048 0.0321 -0.4247
vn 0.8628 -0.0088 -0.5055
vn 0.7692 0.0972 -0.6315
vn 0.2900 0.0410 -0.9562
vn 0.4713 -0.0205 -0.8818
vn 0.2902 -0.0205 -0.9568
vn 0.4691 0.0970 -0.8778
vn 0.6314 0.0970 -0.7694
vn 0.4710 0.0410 -0.8812
vn -0.0980 -0.0205 -0.9950
vn 0.0979 0.0410 -0.9944
vn 0.0979 -0.0205 -0.9950
vn 0.2889 0.0970 -0.9524
vn -0.0980 0.0410 -0.9943
vn 0.0975 0.0970 -0.9905
vn -0.4710 0.0410 -0.8812
vn -0.2903 -0.0205 -0.9567
vn -0.4713 -0.0205 -0.8817
vn -0.2901 0.0410 -0.9561
vn -0.0976 0.0970 -0.9905
vn -0.2890 0.0970 -0.9524
vn -0.7729 -0.0205 -0.6342
vn -0.6339 0.0410 -0.7723
vn -0.6343 -0.0205 -0.7728
vn -0.4692 0.0970 -0.8777
vn -0.7724 0.0410 -0.6338
vn -0.6314 0.0970 -0.7693
vn -0.8814 0.0410 -0.4705
vn -0.7694 0.0970 -0.6314
vn -0.8780 0.0970 -0.4687
vn -0.9543 0.0970 -0.2826
vn -0.8820 -0.0205 -0.4708
vn 0.6335 -0.0462 -0.7724
vn 0.6316 -0.0892 -0.7701
vn 0.4695 -0.0892 -0.8784
vn 0.0979 -0.0462 -0.9941
vn 0.2891 -0.0892 -0.9531
vn 0.0976 -0.0892 -0.9912
vn 0.2899 -0.0462 -0.9559
vn -0.2892 -0.0892 -0.9531
vn -0.0980 -0.0462 -0.9941
vn -0.0977 -0.0892 -0.9912
vn -0.6319 -0.0892 -0.7699
vn -0.4709 -0.0462 -0.8810
vn -0.4696 -0.0892 -0.8784
vn -0.8812 -0.0462 -0.4704
vn -0.7700 -0.0892 -0.6318
vn -0.8787 -0.0892 -0.4690
vn -0.7722 -0.0462 -0.6337
vn -0.9578 -0.0462 -0.2836
vn -0.9551 -0.0892 -0.2824
vn 0.8550 -0.0186 -0.5184
vn -0.8819 -0.0271 -0.4707
vn 0.7623 -0.1185 -0.6363
vn 0.8475 -0.1139 -0.5184
vn -0.9584 -0.0310 -0.2838
vn -0.9584 -0.0286 -0.2839
vn -0.9585 -0.0271 -0.2839
vn -0.8818 -0.0310 -0.4707
vn -0.8818 -0.0286 -0.4707
vn -0.6342 -0.0271 -0.7727
vn -0.7727 -0.0310 -0.6341
vn -0.7727 -0.0286 -0.6341
vn -0.7728 -0.0271 -0.6341
vn -0.6342 -0.0286 -0.7727
vn -0.6341 -0.0310 -0.7726
vn -0.2902 -0.0271 -0.9566
vn -0.6338 -0.0462 -0.7722
vn -0.4712 -0.0310 -0.8815
vn -0.4712 -0.0286 -0.8815
vn -0.4713 -0.0271 -0.8816
vn -0.2902 -0.0310 -0.9565
vn -0.2902 -0.0286 -0.9565
vn 0.0979 -0.0271 -0.9948
vn -0.2900 -0.0462 -0.9559
vn -0.0980 -0.0310 -0.9947
vn -0.0980 -0.0286 -0.9948
vn -0.0980 -0.0271 -0.9948
vn 0.0979 -0.0286 -0.9948
vn 0.0979 -0.0310 -0.9947
vn 0.4712 -0.0271 -0.8816
vn 0.2901 -0.0310 -0.9565
vn 0.2901 -0.0286 -0.9566
vn 0.2901 -0.0271 -0.9566
vn 0.4712 -0.0286 -0.8816
vn 0.4711 -0.0310 -0.8815
vn 0.7681 -0.0265 -0.6398
vn 0.4708 -0.0462 -0.8810
vn 0.6338 -0.0310 -0.7729
vn 0.6339 -0.0286 -0.7729
vn 0.6339 -0.0271 -0.7729
vn 0.7674 -0.0312 -0.6404
vn 0.7674 -0.0285 -0.6405
vn 0.8905 0.0163 -0.4547
vn 0.8552 -0.0470 -0.5161
vn 0.8526 -0.0336 -0.5215
vn 0.8514 -0.0268 -0.5238
vn 0.8781 -0.0407 -0.4768
vn 0.8804 -0.0173 -0.4739
vn 0.8796 -0.0848 -0.4682
vn 0.8730 -0.1020 -0.4769
vn 0.8834 -0.0505 -0.4660
vn 0.6296 -0.1189 -0.7677
vn 0.2882 -0.1189 -0.9502
vn 0.4680 -0.1189 -0.8757
vn -0.0974 -0.1189 -0.9881
vn 0.0973 -0.1189 -0.9881
vn -0.2883 -0.1189 -0.9501
vn -0.4681 -0.1189 -0.8756
vn -0.6299 -0.1189 -0.7675
vn -0.8760 -0.1189 -0.4675
vn -0.7676 -0.1189 -0.6299
vn -0.9522 -0.1190 -0.2814
vn -0.9887 -0.1189 -0.0908
vt 1.000000 1.000000
vt 0.967497 0.981542
vt 1.000000 0.981542
vt 0.967497 1.000000
vt 0.933414 0.981542
vt 0.899108 0.981542
vt 0.933414 0.886441
vt 1.000000 0.886441
vt 0.933414 1.000000
vt 0.899108 1.000000
vt 0.864799 0.981542
vt 0.830487 0.981542
vt 0.864799 0.886441
vt 0.967497 0.886441
vt 0.864799 1.000000
vt 0.796177 1.000000
vt 0.830487 1.000000
vt 0.761866 0.981542
vt 0.796177 0.886441
vt 0.796177 0.981542
vt 0.727556 1.000000
vt 0.761866 1.000000
vt 0.727556 0.981542
vt 0.693245 0.886441
vt 0.727556 0.886441
vt 0.693245 0.981542
vt 0.693245 1.000000
vt 0.658935 0.981542
vt 0.624623 0.981542
vt 0.658935 0.886441
vt 0.624623 1.000000
vt 0.658935 1.000000
vt 0.590313 0.981542
vt 0.555914 0.981542
vt 0.590313 0.886441
vt 0.590313 1.000000
vt 0.555914 1.000000
vt 0.519355 0.981542
vt 0.480654 0.981542
vt 0.519355 1.000000
vt 0.480654 1.000000
vt 0.899108 0.631918
vt 0.864799 0.076141
vt 0.899108 0.076141
vt 0.933414 0.076141
vt 0.933414 0.631918
vt 0.830487 0.631918
vt 0.796177 0.076141
vt 0.830487 0.076141
vt 0.864799 0.631918
vt 0.761866 0.076141
vt 0.727556 0.631918
vt 0.727556 0.076141
vt 0.796177 0.631918
vt 0.693245 0.631918
vt 0.658935 0.076141
vt 0.693245 0.076141
vt 0.624623 0.076141
vt 0.590313 0.631918
vt 0.590313 0.076141
vt 0.624623 0.631918
vt 0.658935 0.631918
vt 0.555914 0.631918
vt 0.967497 0.631918
vt 1.000000 0.076141
vt 1.000000 0.631918
vt 0.480654 0.631918
vt 0.519355 0.723835
vt 0.480654 0.723835
vt 0.967497 0.836165
vt 0.933414 0.836165
vt 0.519355 0.836165
vt 0.480654 0.886441
vt 0.480654 0.836165
vt 0.555914 0.886441
vt 0.590313 0.836165
vt 0.967497 0.076141
vt 0.933414 0.000018
vt 0.967497 0.000018
vt 0.519355 0.631918
vt 0.480654 0.076141
vt 0.519355 0.000018
vt 0.519355 0.076141
vt 0.519355 0.785325
vt 0.480654 0.785325
vt 0.555914 0.723835
vt 0.555914 0.785325
vt 0.555914 0.836165
vt 0.519355 0.886441
vt 0.624623 0.723835
vt 0.624623 0.886441
vt 0.658935 0.836165
vt 0.590313 0.723835
vt 0.590313 0.785325
vt 0.624623 0.785325
vt 0.624623 0.836165
vt 0.693245 0.723835
vt 0.727556 0.836165
vt 0.658935 0.785325
vt 0.658935 0.723835
vt 0.693245 0.836165
vt 0.693245 0.785325
vt 0.761866 0.723835
vt 0.761866 0.631918
vt 0.761866 0.886441
vt 0.796177 0.836165
vt 0.727556 0.723835
vt 0.727556 0.785325
vt 0.761866 0.785325
vt 0.761866 0.836165
vt 0.796177 0.723835
vt 0.830487 0.886441
vt 0.864799 0.836165
vt 0.796177 0.785325
vt 0.830487 0.785325
vt 0.830487 0.723835
vt 0.830487 0.836165
vt 0.899108 0.723835
vt 0.899108 0.886441
vt 0.864799 0.785325
vt 0.864799 0.723835
vt 0.899108 0.836165
vt 0.899108 0.785325
vt 0.933414 0.723835
vt 1.000000 0.836165
vt 0.933414 0.785325
vt 0.967497 0.723835
vt 0.967497 0.785325
vt 1.000000 0.000018
vt 1.000000 0.723835
vt 1.000000 0.785325
vt 0.899108 0.000018
vt 0.864799 0.000018
vt 0.830487 0.000018
vt 0.796177 0.000018
vt 0.761866 0.000018
vt 0.727556 0.000018
vt 0.693245 0.000018
vt 0.658935 0.000018
vt 0.624623 0.000018
vt 0.555914 0.076141
vt 0.590313 0.000018
vt 0.555914 0.000018
vt 0.444096 0.886441
vt 0.444096 0.981542
vt 0.066596 0.631918
vt 0.032514 0.076141
vt 0.066596 0.076141
vt 0.032514 0.981542
vt 0.000010 1.000000
vt 0.000010 0.981542
vt 0.100902 0.981542
vt 0.066596 0.886441
vt 0.100902 0.886441
vt 0.066596 0.981542
vt 0.032514 1.000000
vt 0.000010 0.886441
vt 0.032514 0.886441
vt 0.066596 1.000000
vt 0.169523 0.981542
vt 0.135212 0.886441
vt 0.169523 0.886441
vt 0.135212 1.000000
vt 0.100902 1.000000
vt 0.135212 0.981542
vt 0.238145 0.886441
vt 0.203833 0.981542
vt 0.203833 0.886441
vt 0.169523 1.000000
vt 0.238145 0.981542
vt 0.203833 1.000000
vt 0.306766 0.981542
vt 0.272454 0.886441
vt 0.306766 0.886441
vt 0.272454 0.981542
vt 0.238145 1.000000
vt 0.272454 1.000000
vt 0.375387 0.886441
vt 0.341075 0.981542
vt 0.341075 0.886441
vt 0.306766 1.000000
vt 0.375387 0.981542
vt 0.341075 1.000000
vt 0.409696 0.981542
vt 0.375387 1.000000
vt 0.409696 1.000000
vt 0.444096 1.000000
vt 0.409696 0.886441
vt 0.100902 0.631918
vt 0.100902 0.076141
vt 0.135212 0.076141
vt 0.203833 0.631918
vt 0.169523 0.076141
vt 0.203833 0.076141
vt 0.169523 0.631918
vt 0.272454 0.076141
vt 0.238145 0.631918
vt 0.238145 0.076141
vt 0.341075 0.076141
vt 0.306766 0.631918
vt 0.306766 0.076141
vt 0.409696 0.631918
vt 0.375387 0.076141
vt 0.409696 0.076141
vt 0.375387 0.631918
vt 0.444096 0.631918
vt 0.444096 0.076141
vt 0.032514 0.836165
vt 0.409696 0.836165
vt 0.066596 0.000018
vt 0.032514 0.000018
vt 0.444096 0.723835
vt 0.444096 0.785325
vt 0.444096 0.836165
vt 0.409696 0.723835
vt 0.409696 0.785325
vt 0.341075 0.836165
vt 0.375387 0.723835
vt 0.375387 0.785325
vt 0.375387 0.836165
vt 0.341075 0.785325
vt 0.341075 0.723835
vt 0.272454 0.836165
vt 0.341075 0.631918
vt 0.306766 0.723835
vt 0.306766 0.785325
vt 0.306766 0.836165
vt 0.272454 0.723835
vt 0.272454 0.785325
vt 0.203833 0.836165
vt 0.272454 0.631918
vt 0.238145 0.723835
vt 0.238145 0.785325
vt 0.238145 0.836165
vt 0.203833 0.785325
vt 0.203833 0.723835
vt 0.135212 0.836165
vt 0.169523 0.723835
vt 0.169523 0.785325
vt 0.169523 0.836165
vt 0.135212 0.785325
vt 0.135212 0.723835
vt 0.066596 0.836165
vt 0.135212 0.631918
vt 0.100902 0.723835
vt 0.100902 0.785325
vt 0.100902 0.836165
vt 0.066596 0.723835
vt 0.066596 0.785325
vt 0.000010 0.836165
vt 0.032514 0.631918
vt 0.032514 0.723835
vt 0.032514 0.785325
vt 0.000010 0.723835
vt 0.000010 0.785325
vt 0.000010 0.076141
vt 0.000010 0.000018
vt 0.000010 0.631918
vt 0.100902 0.000018
vt 0.169523 0.000018
vt 0.135212 0.000018
vt 0.238145 0.000018
vt 0.203833 0.000018
vt 0.272454 0.000018
vt 0.306766 0.000018
vt 0.341075 0.000018
vt 0.409696 0.000018
vt 0.375387 0.000018
vt 0.444096 0.000018
vt 0.480654 0.000018
s 1
f 2149/2533/2097 2044/2534/2098 2043/2535/2099
f 2150/2536/2100 2045/2537/2101 2044/2534/2098
f 2046/2538/2102 2024/2539/2103 2045/2537/2101
f 2044/2534/2098 2026/2540/2104 2043/2535/2099
f 2151/2541/2105 2046/2538/2102 2045/2537/2101
f 2152/2542/2106 2047/2543/2107 2046/2538/2102
f 2048/2544/2108 2022/2545/2109 2047/2543/2107
f 2045/2537/2101 2027/2546/2110 2044/2534/2098
f 2153/2547/2111 2048/2544/2108 2047/2543/2107
f 2155/2548/2112 2048/2544/2108 2154/2549/2113
f 2050/2550/2114 2020/2551/2115 2049/2552/2116
f 2022/2545/2109 2046/2538/2102 2047/2543/2107
f 2155/2548/2112 2050/2550/2114 2049/2552/2116
f 2157/2553/2117 2050/2550/2114 2156/2554/2118
f 2051/2555/2119 2019/2556/2120 2018/2557/2121
f 2020/2551/2115 2048/2544/2108 2049/2552/2116
f 2157/2553/2117 2052/2558/2122 2051/2555/2119
f 2158/2559/2123 2053/2560/2124 2052/2558/2122
f 2054/2561/2125 2016/2562/2126 2053/2560/2124
f 2018/2557/2121 2050/2550/2114 2051/2555/2119
f 2160/2563/2127 2053/2560/2124 2159/2564/2128
f 2160/2563/2127 2055/2565/2129 2054/2561/2125
f 2056/2566/2130 2014/2567/2131 2055/2565/2129
f 2016/2562/2126 2052/2558/2122 2053/2560/2124
f 2161/2568/2132 2056/2566/2130 2055/2565/2129
f 2162/2569/2133 2072/2570/2134 2056/2566/2130
f 2014/2567/2131 2054/2561/2125 2055/2565/2129
f 2147/2571/2135 2163/2572/2136 2223/2573/2137
f 2011/2574/2138 2032/2575/2139 2031/2576/2140
f 2011/2574/2138 2030/2577/2141 2010/2578/2142
f 2009/2579/2143 2034/2580/2144 2033/2581/2145
f 2008/2582/2146 2033/2581/2145 2032/2575/2139
f 2035/2583/2147 2004/2584/2148 2036/2585/2149
f 2006/2586/2150 2035/2583/2147 2034/2580/2144
f 2005/2587/2151 2038/2588/2152 2037/2589/2153
f 2004/2584/2148 2037/2589/2153 2036/2585/2149
f 2039/2590/2154 2000/2591/2155 2040/2592/2156
f 2003/2593/2157 2038/2588/2152 2002/2594/2158
f 2001/2595/2159 2040/2592/2156 2000/2591/2155
f 2013/2596/2160 2028/2597/2161 2012/2598/2162
f 2074/2599/2163 2164/2600/2164 2224/2601/2165
f 2192/2602/2166 2024/2539/2103 2187/2603/2167
f 2165/2604/2168 2146/2605/2169 2225/2606/2170
f 2015/2607/2171 2167/2608/2172 2014/2567/2131
f 2029/2609/2173 2196/2610/2174 2195/2611/2175
f 2001/2595/2159 2164/2600/2164 1999/2612/2176
f 2117/2613/2177 2208/2614/2178 2042/2615/2179
f 2224/2601/2165 2073/2616/2180 2148/2617/2181
f 2169/2618/2182 2073/2616/2180 2164/2600/2164
f 2058/2619/2183 2165/2604/2168 2073/2616/2180
f 2073/2616/2180 2225/2606/2170 2148/2617/2181
f 2168/2620/2184 2071/2621/2185 2165/2604/2168
f 2173/2622/2186 2000/2591/2155 2003/2593/2157
f 2017/2623/2187 2171/2624/2188 2016/2562/2126
f 2058/2619/2183 2166/2625/2189 2057/2626/2190
f 2060/2627/2191 2166/2625/2189 2173/2622/2186
f 2172/2628/2192 2057/2626/2190 2060/2627/2191
f 2168/2620/2184 2057/2626/2190 2167/2608/2172
f 2169/2618/2182 2000/2591/2155 2166/2625/2189
f 2017/2623/2187 2167/2608/2172 2172/2628/2192
f 2177/2629/2193 2002/2594/2158 2005/2587/2151
f 2019/2556/2120 2175/2630/2194 2018/2557/2121
f 2059/2631/2195 2173/2622/2186 2170/2632/2196
f 2177/2629/2193 2059/2631/2195 2170/2632/2196
f 2176/2633/2197 2059/2631/2195 2062/2634/2198
f 2172/2628/2192 2059/2631/2195 2171/2624/2188
f 2173/2622/2186 2002/2594/2158 2170/2632/2196
f 2019/2556/2120 2171/2624/2188 2176/2633/2197
f 2181/2635/2199 2004/2584/2148 2007/2636/2200
f 2021/2637/2201 2179/2638/2202 2020/2551/2115
f 2062/2634/2198 2174/2639/2203 2061/2640/2204
f 2064/2641/2205 2174/2639/2203 2181/2635/2199
f 2180/2642/2206 2061/2640/2204 2064/2641/2205
f 2176/2633/2197 2061/2640/2204 2175/2630/2194
f 2174/2639/2203 2005/2587/2151 2004/2584/2148
f 2021/2637/2201 2175/2630/2194 2180/2642/2206
f 2009/2579/2143 2178/2643/2207 2006/2586/2150
f 2023/2644/2208 2183/2645/2209 2022/2545/2109
f 2063/2646/2210 2181/2635/2199 2178/2643/2207
f 2066/2647/2211 2178/2643/2207 2185/2648/2212
f 2184/2649/2213 2063/2646/2210 2066/2647/2211
f 2180/2642/2206 2063/2646/2210 2179/2638/2202
f 2181/2635/2199 2006/2586/2150 2178/2643/2207
f 2023/2644/2208 2179/2638/2202 2184/2649/2213
f 2189/2650/2214 2008/2582/2146 2011/2574/2138
f 2025/2651/2215 2187/2603/2167 2024/2539/2103
f 2065/2652/2216 2185/2648/2212 2182/2653/2217
f 2189/2650/2214 2065/2652/2216 2182/2653/2217
f 2188/2654/2218 2065/2652/2216 2068/2655/2219
f 2184/2649/2213 2065/2652/2216 2183/2645/2209
f 2182/2653/2217 2009/2579/2143 2008/2582/2146
f 2025/2651/2215 2183/2645/2209 2188/2654/2218
f 2013/2596/2160 2186/2656/2220 2010/2578/2142
f 2027/2546/2110 2191/2657/2221 2026/2540/2104
f 2068/2655/2219 2186/2656/2220 2067/2658/2222
f 2193/2659/2223 2067/2658/2222 2186/2656/2220
f 2070/2660/2224 2187/2603/2167 2067/2658/2222
f 2188/2654/2218 2067/2658/2222 2187/2603/2167
f 2189/2650/2214 2010/2578/2142 2186/2656/2220
f 2028/2597/2161 2195/2611/2175 2194/2661/2225
f 2070/2660/2224 2190/2662/2226 2069/2663/2227
f 2192/2602/2166 2069/2663/2227 2191/2657/2221
f 2193/2659/2223 2012/2598/2162 2190/2662/2226
f 2030/2577/2141 2197/2664/2228 2196/2610/2174
f 2032/2575/2139 2197/2664/2228 2031/2576/2140
f 2033/2581/2145 2198/2665/2229 2032/2575/2139
f 2034/2580/2144 2199/2666/2230 2033/2581/2145
f 2035/2583/2147 2200/2667/2231 2034/2580/2144
f 2036/2585/2149 2201/2668/2232 2035/2583/2147
f 2037/2589/2153 2202/2669/2233 2036/2585/2149
f 2038/2588/2152 2203/2670/2234 2037/2589/2153
f 2039/2590/2154 2204/2671/2235 2038/2588/2152
f 2040/2592/2156 2205/2672/2236 2039/2590/2154
f 2041/2673/2237 2206/2674/2238 2040/2592/2156
f 2042/2615/2179 2207/2675/2239 2041/2673/2237
f 2090/2676/2240 2147/2571/2135 2131/2677/2241
f 2072/2570/2134 2015/2607/2171 2056/2566/2130
f 2041/2673/2237 1999/2612/2176 2042/2615/2179
f 2085/2678/2242 2104/2679/2243 2105/2680/2244
f 2119/2681/2245 2209/2682/2246 2118/2683/2247
f 2121/2684/2248 2099/2685/2249 2100/2686/2250
f 2120/2687/2251 2210/2688/2252 2119/2681/2245
f 2119/2681/2245 2101/2689/2253 2102/2690/2254
f 2121/2684/2248 2211/2691/2255 2120/2687/2251
f 2123/2692/2256 2097/2693/2257 2098/2694/2258
f 2121/2684/2248 2213/2695/2259 2212/2696/2260
f 2120/2687/2251 2102/2690/2254 2099/2685/2249
f 2123/2692/2256 2213/2695/2259 2122/2697/2261
f 2096/2698/2262 2124/2699/2263 2095/2700/2264
f 2124/2699/2263 2214/2701/2265 2123/2692/2256
f 2122/2697/2261 2100/2686/2250 2097/2693/2257
f 2125/2702/2266 2215/2703/2267 2124/2699/2263
f 2127/2704/2268 2093/2705/2269 2094/2706/2270
f 2126/2707/2271 2216/2708/2272 2125/2702/2266
f 2124/2699/2263 2098/2694/2258 2095/2700/2264
f 2127/2704/2268 2217/2709/2273 2126/2707/2271
f 2092/2710/2274 2128/2711/2275 2091/2712/2276
f 2128/2711/2275 2218/2713/2277 2127/2704/2268
f 2126/2707/2271 2096/2698/2262 2093/2705/2269
f 2129/2714/2278 2219/2715/2279 2128/2711/2275
f 2147/2571/2135 2071/2621/2185 2072/2570/2134
f 2130/2716/2280 2220/2717/2281 2129/2714/2278
f 2128/2711/2275 2094/2706/2270 2091/2712/2276
f 2131/2677/2241 2221/2718/2282 2130/2716/2280
f 2147/2571/2135 2222/2719/2283 2131/2677/2241
f 2131/2677/2241 2089/2720/2284 2090/2676/2240
f 2086/2721/2285 2105/2680/2244 2106/2722/2286
f 2107/2723/2287 2086/2721/2285 2106/2722/2286
f 2081/2724/2288 2108/2725/2289 2109/2726/2290
f 2084/2727/2291 2107/2723/2287 2108/2725/2289
f 2111/2728/2292 2082/2729/2293 2110/2730/2294
f 2082/2729/2293 2109/2726/2290 2110/2730/2294
f 2113/2731/2295 2080/2732/2296 2112/2733/2297
f 2080/2732/2296 2111/2728/2292 2112/2733/2297
f 2075/2734/2298 2114/2735/2299 2115/2736/2300
f 2078/2737/2301 2113/2731/2295 2114/2735/2299
f 2076/2738/2302 2115/2736/2300 2116/2739/2303
f 2117/2613/2177 1999/2612/2176 2074/2599/2163
f 2252/2740/2304 2099/2685/2249 2102/2690/2254
f 2227/2741/2305 2090/2676/2240 2089/2720/2284
f 2256/2742/2306 2104/2679/2243 2255/2743/2307
f 2076/2738/2302 2224/2601/2165 2229/2744/2308
f 2229/2744/2308 2148/2617/2181 2133/2745/2309
f 2133/2745/2309 2225/2606/2170 2228/2746/2310
f 2228/2746/2310 2146/2605/2169 2090/2676/2240
f 2226/2747/2311 2133/2745/2309 2132/2748/2312
f 2231/2749/2313 2092/2710/2274 2091/2712/2276
f 2075/2734/2298 2233/2750/2314 2078/2737/2301
f 2226/2747/2311 2135/2751/2315 2233/2750/2314
f 2075/2734/2298 2229/2744/2308 2226/2747/2311
f 2132/2748/2312 2228/2746/2310 2227/2741/2305
f 2132/2748/2312 2232/2752/2316 2135/2751/2315
f 2227/2741/2305 2092/2710/2274 2232/2752/2316
f 2233/2750/2314 2134/2753/2317 2230/2754/2318
f 2235/2755/2319 2094/2706/2270 2093/2705/2269
f 2077/2756/2320 2237/2757/2321 2080/2732/2296
f 2230/2754/2318 2137/2758/2322 2237/2757/2321
f 2078/2737/2301 2230/2754/2318 2077/2756/2320
f 2134/2753/2317 2232/2752/2316 2231/2749/2313
f 2134/2753/2317 2236/2759/2323 2137/2758/2322
f 2236/2759/2323 2091/2712/2276 2094/2706/2270
f 2234/2760/2324 2137/2758/2322 2136/2761/2325
f 2239/2762/2326 2096/2698/2262 2095/2700/2264
f 2079/2763/2327 2241/2764/2328 2082/2729/2293
f 2241/2764/2328 2136/2761/2325 2139/2765/2329
f 2079/2763/2327 2237/2757/2321 2234/2760/2324
f 2137/2758/2322 2235/2755/2319 2136/2761/2325
f 2136/2761/2325 2240/2766/2330 2139/2765/2329
f 2235/2755/2319 2096/2698/2262 2240/2766/2330
f 2241/2764/2328 2138/2767/2331 2238/2768/2332
f 2243/2769/2333 2098/2694/2258 2097/2693/2257
f 2081/2724/2288 2245/2770/2334 2084/2727/2291
f 2238/2768/2332 2141/2771/2335 2245/2770/2334
f 2082/2729/2293 2238/2768/2332 2081/2724/2288
f 2138/2767/2331 2240/2766/2330 2239/2762/2326
f 2138/2767/2331 2244/2772/2336 2141/2771/2335
f 2239/2762/2326 2098/2694/2258 2244/2772/2336
f 2245/2770/2334 2140/2773/2337 2242/2774/2338
f 2247/2775/2339 2100/2686/2250 2099/2685/2249
f 2083/2776/2340 2249/2777/2341 2086/2721/2285
f 2242/2774/2338 2143/2778/2342 2249/2777/2341
f 2083/2776/2340 2245/2770/2334 2242/2774/2338
f 2140/2773/2337 2244/2772/2336 2243/2769/2333
f 2140/2773/2337 2248/2779/2343 2143/2778/2342
f 2243/2769/2333 2100/2686/2250 2248/2779/2343
f 2246/2780/2344 2143/2778/2342 2142/2781/2345
f 2251/2782/2346 2102/2690/2254 2101/2689/2253
f 2088/2783/2347 2246/2780/2344 2253/2784/2348
f 2253/2784/2348 2142/2781/2345 2145/2785/2349
f 2085/2678/2242 2249/2777/2341 2246/2780/2344
f 2142/2781/2345 2248/2779/2343 2247/2775/2339
f 2145/2785/2349 2247/2775/2339 2252/2740/2304
f 2250/2786/2350 2145/2785/2349 2144/2787/2351
f 2255/2743/2307 2103/2788/2352 2254/2789/2353
f 2087/2790/2354 2253/2784/2348 2250/2786/2350
f 2144/2787/2351 2252/2740/2304 2251/2782/2346
f 2257/2791/2355 2105/2680/2244 2256/2742/2306
f 2257/2791/2355 2107/2723/2287 2106/2722/2286
f 2259/2792/2356 2107/2723/2287 2258/2793/2357
f 2259/2792/2356 2109/2726/2290 2108/2725/2289
f 2261/2794/2358 2109/2726/2290 2260/2795/2359
f 2261/2794/2358 2111/2728/2292 2110/2730/2294
f 2262/2796/2360 2112/2733/2297 2111/2728/2292
f 2263/2797/2361 2113/2731/2295 2112/2733/2297
f 2264/2798/2362 2114/2735/2299 2113/2731/2295
f 2266/2799/2363 2114/2735/2299 2265/2800/2364
f 2266/2799/2363 2116/2739/2303 2115/2736/2300
f 2267/2801/2365 2117/2613/2177 2116/2739/2303
f 2029/2609/2173 2010/2578/2142 2030/2577/2141
f 2130/2716/2280 2092/2710/2274 2089/2720/2284
f 2074/2599/2163 2116/2739/2303 2117/2613/2177
f 2088/2783/2347 2103/2788/2352 2104/2679/2243
f 2149/2533/2097 2150/2536/2100 2044/2534/2098
f 2150/2536/2100 2151/2541/2105 2045/2537/2101
f 2046/2538/2102 2025/2651/2215 2024/2539/2103
f 2044/2534/2098 2027/2546/2110 2026/2540/2104
f 2151/2541/2105 2152/2542/2106 2046/2538/2102
f 2152/2542/2106 2153/2547/2111 2047/2543/2107
f 2048/2544/2108 2023/2644/2208 2022/2545/2109
f 2045/2537/2101 2024/2539/2103 2027/2546/2110
f 2153/2547/2111 2154/2549/2113 2048/2544/2108
f 2155/2548/2112 2049/2552/2116 2048/2544/2108
f 2050/2550/2114 2021/2637/2201 2020/2551/2115
f 2022/2545/2109 2025/2651/2215 2046/2538/2102
f 2155/2548/2112 2156/2554/2118 2050/2550/2114
f 2157/2553/2117 2051/2555/2119 2050/2550/2114
f 2051/2555/2119 2052/2558/2122 2019/2556/2120
f 2020/2551/2115 2023/2644/2208 2048/2544/2108
f 2157/2553/2117 2158/2559/2123 2052/2558/2122
f 2158/2559/2123 2159/2564/2128 2053/2560/2124
f 2054/2561/2125 2017/2623/2187 2016/2562/2126
f 2018/2557/2121 2021/2637/2201 2050/2550/2114
f 2160/2563/2127 2054/2561/2125 2053/2560/2124
f 2160/2563/2127 2161/2568/2132 2055/2565/2129
f 2056/2566/2130 2015/2607/2171 2014/2567/2131
f 2016/2562/2126 2019/2556/2120 2052/2558/2122
f 2161/2568/2132 2162/2569/2133 2056/2566/2130
f 2162/2569/2133 2163/2572/2136 2072/2570/2134
f 2014/2567/2131 2017/2623/2187 2054/2561/2125
f 2147/2571/2135 2072/2570/2134 2163/2572/2136
f 2011/2574/2138 2008/2582/2146 2032/2575/2139
f 2011/2574/2138 2031/2576/2140 2030/2577/2141
f 2009/2579/2143 2006/2586/2150 2034/2580/2144
f 2008/2582/2146 2009/2579/2143 2033/2581/2145
f 2035/2583/2147 2007/2636/2200 2004/2584/2148
f 2006/2586/2150 2007/2636/2200 2035/2583/2147
f 2005/2587/2151 2002/2594/2158 2038/2588/2152
f 2004/2584/2148 2005/2587/2151 2037/2589/2153
f 2039/2590/2154 2003/2593/2157 2000/2591/2155
f 2003/2593/2157 2039/2590/2154 2038/2588/2152
f 2001/2595/2159 2041/2673/2237 2040/2592/2156
f 2013/2596/2160 2029/2609/2173 2028/2597/2161
f 2074/2599/2163 1999/2612/2176 2164/2600/2164
f 2192/2602/2166 2027/2546/2110 2024/2539/2103
f 2165/2604/2168 2071/2621/2185 2146/2605/2169
f 2015/2607/2171 2168/2620/2184 2167/2608/2172
f 2029/2609/2173 2030/2577/2141 2196/2610/2174
f 2001/2595/2159 2169/2618/2182 2164/2600/2164
f 2117/2613/2177 2268/2802/2366 2208/2614/2178
f 2224/2601/2165 2164/2600/2164 2073/2616/2180
f 2169/2618/2182 2058/2619/2183 2073/2616/2180
f 2058/2619/2183 2168/2620/2184 2165/2604/2168
f 2073/2616/2180 2165/2604/2168 2225/2606/2170
f 2168/2620/2184 2015/2607/2171 2071/2621/2185
f 2173/2622/2186 2166/2625/2189 2000/2591/2155
f 2017/2623/2187 2172/2628/2192 2171/2624/2188
f 2058/2619/2183 2169/2618/2182 2166/2625/2189
f 2060/2627/2191 2057/2626/2190 2166/2625/2189
f 2172/2628/2192 2167/2608/2172 2057/2626/2190
f 2168/2620/2184 2058/2619/2183 2057/2626/2190
f 2169/2618/2182 2001/2595/2159 2000/2591/2155
f 2017/2623/2187 2014/2567/2131 2167/2608/2172
f 2177/2629/2193 2170/2632/2196 2002/2594/2158
f 2019/2556/2120 2176/2633/2197 2175/2630/2194
f 2059/2631/2195 2060/2627/2191 2173/2622/2186
f 2177/2629/2193 2062/2634/2198 2059/2631/2195
f 2176/2633/2197 2171/2624/2188 2059/2631/2195
f 2172/2628/2192 2060/2627/2191 2059/2631/2195
f 2173/2622/2186 2003/2593/2157 2002/2594/2158
f 2019/2556/2120 2016/2562/2126 2171/2624/2188
f 2181/2635/2199 2174/2639/2203 2004/2584/2148
f 2021/2637/2201 2180/2642/2206 2179/2638/2202
f 2062/2634/2198 2177/2629/2193 2174/2639/2203
f 2064/2641/2205 2061/2640/2204 2174/2639/2203
f 2180/2642/2206 2175/2630/2194 2061/2640/2204
f 2176/2633/2197 2062/2634/2198 2061/2640/2204
f 2174/2639/2203 2177/2629/2193 2005/2587/2151
f 2021/2637/2201 2018/2557/2121 2175/2630/2194
f 2009/2579/2143 2185/2648/2212 2178/2643/2207
f 2023/2644/2208 2184/2649/2213 2183/2645/2209
f 2063/2646/2210 2064/2641/2205 2181/2635/2199
f 2066/2647/2211 2063/2646/2210 2178/2643/2207
f 2184/2649/2213 2179/2638/2202 2063/2646/2210
f 2180/2642/2206 2064/2641/2205 2063/2646/2210
f 2181/2635/2199 2007/2636/2200 2006/2586/2150
f 2023/2644/2208 2020/2551/2115 2179/2638/2202
f 2189/2650/2214 2182/2653/2217 2008/2582/2146
f 2025/2651/2215 2188/2654/2218 2187/2603/2167
f 2065/2652/2216 2066/2647/2211 2185/2648/2212
f 2189/2650/2214 2068/2655/2219 2065/2652/2216
f 2188/2654/2218 2183/2645/2209 2065/2652/2216
f 2184/2649/2213 2066/2647/2211 2065/2652/2216
f 2182/2653/2217 2185/2648/2212 2009/2579/2143
f 2025/2651/2215 2022/2545/2109 2183/2645/2209
f 2013/2596/2160 2193/2659/2223 2186/2656/2220
f 2027/2546/2110 2192/2602/2166 2191/2657/2221
f 2068/2655/2219 2189/2650/2214 2186/2656/2220
f 2193/2659/2223 2070/2660/2224 2067/2658/2222
f 2070/2660/2224 2192/2602/2166 2187/2603/2167
f 2188/2654/2218 2068/2655/2219 2067/2658/2222
f 2189/2650/2214 2011/2574/2138 2010/2578/2142
f 2028/2597/2161 2029/2609/2173 2195/2611/2175
f 2070/2660/2224 2193/2659/2223 2190/2662/2226
f 2192/2602/2166 2070/2660/2224 2069/2663/2227
f 2193/2659/2223 2013/2596/2160 2012/2598/2162
f 2030/2577/2141 2031/2576/2140 2197/2664/2228
f 2032/2575/2139 2198/2665/2229 2197/2664/2228
f 2033/2581/2145 2199/2666/2230 2198/2665/2229
f 2034/2580/2144 2200/2667/2231 2199/2666/2230
f 2035/2583/2147 2201/2668/2232 2200/2667/2231
f 2036/2585/2149 2202/2669/2233 2201/2668/2232
f 2037/2589/2153 2203/2670/2234 2202/2669/2233
f 2038/2588/2152 2204/2671/2235 2203/2670/2234
f 2039/2590/2154 2205/2672/2236 2204/2671/2235
f 2040/2592/2156 2206/2674/2238 2205/2672/2236
f 2041/2673/2237 2207/2675/2239 2206/2674/2238
f 2042/2615/2179 2208/2614/2178 2207/2675/2239
f 2090/2676/2240 2146/2605/2169 2147/2571/2135
f 2072/2570/2134 2071/2621/2185 2015/2607/2171
f 2041/2673/2237 2001/2595/2159 1999/2612/2176
f 2085/2678/2242 2088/2783/2347 2104/2679/2243
f 2119/2681/2245 2210/2688/2252 2209/2682/2246
f 2121/2684/2248 2120/2687/2251 2099/2685/2249
f 2120/2687/2251 2211/2691/2255 2210/2688/2252
f 2119/2681/2245 2118/2683/2247 2101/2689/2253
f 2121/2684/2248 2212/2696/2260 2211/2691/2255
f 2123/2692/2256 2122/2697/2261 2097/2693/2257
f 2121/2684/2248 2122/2697/2261 2213/2695/2259
f 2120/2687/2251 2119/2681/2245 2102/2690/2254
f 2123/2692/2256 2214/2701/2265 2213/2695/2259
f 2096/2698/2262 2125/2702/2266 2124/2699/2263
f 2124/2699/2263 2215/2703/2267 2214/2701/2265
f 2122/2697/2261 2121/2684/2248 2100/2686/2250
f 2125/2702/2266 2216/2708/2272 2215/2703/2267
f 2127/2704/2268 2126/2707/2271 2093/2705/2269
f 2126/2707/2271 2217/2709/2273 2216/2708/2272
f 2124/2699/2263 2123/2692/2256 2098/2694/2258
f 2127/2704/2268 2218/2713/2277 2217/2709/2273
f 2092/2710/2274 2129/2714/2278 2128/2711/2275
f 2128/2711/2275 2219/2715/2279 2218/2713/2277
f 2126/2707/2271 2125/2702/2266 2096/2698/2262
f 2129/2714/2278 2220/2717/2281 2219/2715/2279
f 2147/2571/2135 2146/2605/2169 2071/2621/2185
f 2130/2716/2280 2221/2718/2282 2220/2717/2281
f 2128/2711/2275 2127/2704/2268 2094/2706/2270
f 2131/2677/2241 2222/2719/2283 2221/2718/2282
f 2147/2571/2135 2223/2573/2137 2222/2719/2283
f 2131/2677/2241 2130/2716/2280 2089/2720/2284
f 2086/2721/2285 2085/2678/2242 2105/2680/2244
f 2107/2723/2287 2083/2776/2340 2086/2721/2285
f 2081/2724/2288 2084/2727/2291 2108/2725/2289
f 2084/2727/2291 2083/2776/2340 2107/2723/2287
f 2111/2728/2292 2079/2763/2327 2082/2729/2293
f 2082/2729/2293 2081/2724/2288 2109/2726/2290
f 2113/2731/2295 2077/2756/2320 2080/2732/2296
f 2080/2732/2296 2079/2763/2327 2111/2728/2292
f 2075/2734/2298 2078/2737/2301 2114/2735/2299
f 2078/2737/2301 2077/2756/2320 2113/2731/2295
f 2076/2738/2302 2075/2734/2298 2115/2736/2300
f 2117/2613/2177 2042/2615/2179 1999/2612/2176
f 2252/2740/2304 2247/2775/2339 2099/2685/2249
f 2227/2741/2305 2228/2746/2310 2090/2676/2240
f 2256/2742/2306 2105/2680/2244 2104/2679/2243
f 2076/2738/2302 2074/2599/2163 2224/2601/2165
f 2229/2744/2308 2224/2601/2165 2148/2617/2181
f 2133/2745/2309 2148/2617/2181 2225/2606/2170
f 2228/2746/2310 2225/2606/2170 2146/2605/2169
f 2226/2747/2311 2229/2744/2308 2133/2745/2309
f 2231/2749/2313 2232/2752/2316 2092/2710/2274
f 2075/2734/2298 2226/2747/2311 2233/2750/2314
f 2226/2747/2311 2132/2748/2312 2135/2751/2315
f 2075/2734/2298 2076/2738/2302 2229/2744/2308
f 2132/2748/2312 2133/2745/2309 2228/2746/2310
f 2132/2748/2312 2227/2741/2305 2232/2752/2316
f 2227/2741/2305 2089/2720/2284 2092/2710/2274
f 2233/2750/2314 2135/2751/2315 2134/2753/2317
f 2235/2755/2319 2236/2759/2323 2094/2706/2270
f 2077/2756/2320 2230/2754/2318 2237/2757/2321
f 2230/2754/2318 2134/2753/2317 2137/2758/2322
f 2078/2737/2301 2233/2750/2314 2230/2754/2318
f 2134/2753/2317 2135/2751/2315 2232/2752/2316
f 2134/2753/2317 2231/2749/2313 2236/2759/2323
f 2236/2759/2323 2231/2749/2313 2091/2712/2276
f 2234/2760/2324 2237/2757/2321 2137/2758/2322
f 2239/2762/2326 2240/2766/2330 2096/2698/2262
f 2079/2763/2327 2234/2760/2324 2241/2764/2328
f 2241/2764/2328 2234/2760/2324 2136/2761/2325
f 2079/2763/2327 2080/2732/2296 2237/2757/2321
f 2137/2758/2322 2236/2759/2323 2235/2755/2319
f 2136/2761/2325 2235/2755/2319 2240/2766/2330
f 2235/2755/2319 2093/2705/2269 2096/2698/2262
f 2241/2764/2328 2139/2765/2329 2138/2767/2331
f 2243/2769/2333 2244/2772/2336 2098/2694/2258
f 2081/2724/2288 2238/2768/2332 2245/2770/2334
f 2238/2768/2332 2138/2767/2331 2141/2771/2335
f 2082/2729/2293 2241/2764/2328 2238/2768/2332
f 2138/2767/2331 2139/2765/2329 2240/2766/2330
f 2138/2767/2331 2239/2762/2326 2244/2772/2336
f 2239/2762/2326 2095/2700/2264 2098/2694/2258
f 2245/2770/2334 2141/2771/2335 2140/2773/2337
f 2247/2775/2339 2248/2779/2343 2100/2686/2250
f 2083/2776/2340 2242/2774/2338 2249/2777/2341
f 2242/2774/2338 2140/2773/2337 2143/2778/2342
f 2083/2776/2340 2084/2727/2291 2245/2770/2334
f 2140/2773/2337 2141/2771/2335 2244/2772/2336
f 2140/2773/2337 2243/2769/2333 2248/2779/2343
f 2243/2769/2333 2097/2693/2257 2100/2686/2250
f 2246/2780/2344 2249/2777/2341 2143/2778/2342
f 2251/2782/2346 2252/2740/2304 2102/2690/2254
f 2088/2783/2347 2085/2678/2242 2246/2780/2344
f 2253/2784/2348 2246/2780/2344 2142/2781/2345
f 2085/2678/2242 2086/2721/2285 2249/2777/2341
f 2142/2781/2345 2143/2778/2342 2248/2779/2343
f 2145/2785/2349 2142/2781/2345 2247/2775/2339
f 2250/2786/2350 2253/2784/2348 2145/2785/2349
f 2255/2743/2307 2104/2679/2243 2103/2788/2352
f 2087/2790/2354 2088/2783/2347 2253/2784/2348
f 2144/2787/2351 2145/2785/2349 2252/2740/2304
f 2257/2791/2355 2106/2722/2286 2105/2680/2244
f 2257/2791/2355 2258/2793/2357 2107/2723/2287
f 2259/2792/2356 2108/2725/2289 2107/2723/2287
f 2259/2792/2356 2260/2795/2359 2109/2726/2290
f 2261/2794/2358 2110/2730/2294 2109/2726/2290
f 2261/2794/2358 2262/2796/2360 2111/2728/2292
f 2262/2796/2360 2263/2797/2361 2112/2733/2297
f 2263/2797/2361 2264/2798/2362 2113/2731/2295
f 2264/2798/2362 2265/2800/2364 2114/2735/2299
f 2266/2799/2363 2115/2736/2300 2114/2735/2299
f 2266/2799/2363 2267/2801/2365 2116/2739/2303
f 2267/2801/2365 2268/2802/2366 2117/2613/2177
f 2029/2609/2173 2013/2596/2160 2010/2578/2142
f 2130/2716/2280 2129/2714/2278 2092/2710/2274
f 2074/2599/2163 2076/2738/2302 2116/2739/2303
f 2088/2783/2347 2087/2790/2354 2103/2788/2352
o handle
v 26.082867 -0.787010 1.462853
v 24.632793 -0.460466 1.756104
v 24.697794 -5.526700 1.366042
v 23.449036 -5.096022 1.859961
v 19.430334 -11.969604 1.004747
v 19.961452 -9.425613 2.255538
v 17.321896 -13.049340 1.711872
v 16.212879 -11.310598 2.844138
v 15.553392 -13.783158 1.231719
v 14.162424 -9.443123 1.392954
v 24.022276 -0.248053 0.781544
v 22.976896 -4.701548 0.808609
v 19.711161 -8.975817 1.040980
v 16.077951 -10.696504 1.743412
v 14.369010 -11.630724 2.890674
v 20.869532 -10.567369 1.846491
v 16.468866 -13.557756 3.153925
v 14.155576 -14.438072 2.958040
v 18.691734 -10.647128 0.757814
v 16.414421 -11.174403 1.395189
v 14.756955 -11.157642 0.939086
v 25.336447 -0.627854 1.824767
v 24.036547 -5.323302 1.855703
v 24.376526 -2.525272 1.798112
v 25.706242 -2.878854 1.362632
v 20.364418 -9.945678 2.306136
v 21.929937 -7.528619 1.981924
v 23.053036 -8.152519 1.422207
v 16.323410 -12.295805 3.124408
v 18.533760 -12.356556 2.804810
v 17.909864 -10.633192 2.622092
v 14.289011 -10.877846 2.320052
v 14.294911 -12.864112 3.120533
v 15.098166 -11.605072 2.895757
v 15.068575 -14.173349 3.167361
v 17.645203 -10.168207 1.589863
v 21.654461 -6.967944 0.866809
v 23.782465 -2.262651 0.781869
v 16.124414 -10.831299 2.296972
v 24.216625 -0.337094 1.388841
v 23.095167 -4.909042 1.470012
v 19.725401 -9.098224 1.807283
v 14.944143 -10.763469 1.708590
v 18.515785 -12.483486 1.546758
v 16.256601 -13.503653 1.686272
v 19.995348 -11.733409 1.331242
v 17.022247 -13.468859 2.371098
v 15.087303 -14.315592 1.723633
v 18.838625 -9.948967 0.801711
v 16.134460 -10.760946 1.452601
v 14.391847 -10.584951 0.979708
v 18.968555 -11.361391 0.825516
v 16.915794 -12.056216 1.465354
v 15.243206 -12.374737 1.029764
v 15.383914 -11.243553 1.338013
v 17.675274 -10.918836 1.238578
v 21.639351 -7.267110 1.574149
v 23.971992 -2.389669 1.413199
v 17.745686 -10.239298 2.128150
v 25.033121 -2.708444 1.838873
v 22.435150 -7.853103 1.957805
v 18.183889 -11.386623 2.855855
v 15.095736 -12.734397 3.166688
v 15.016173 -11.021583 2.324114
v 16.457508 12.275597 2.117099
v 18.581905 -12.637049 2.123482
v 15.810714 -14.025733 2.332266
v 17.532057 -10.423204 1.302808
v 15.051975 -10.804957 1.388258
v 15.898362 -12.289491 1.428967
v 18.081192 -11.690360 1.311579
v 16.653612 10.871534 2.546287
v 16.418528 9.188143 1.952674
v 16.201464 9.061489 1.180800
v 16.559015 9.810728 2.378405
v 20.881021 9.646303 1.891503
v 19.807581 7.797091 1.167280
v 19.733425 8.303625 2.191026
v 20.300314 8.895332 2.321535
v 19.485556 7.963579 1.835086
v 18.415752 10.019869 2.372653
v 17.946730 8.698315 1.371945
v 17.936209 8.698238 1.868215
v 18.122875 9.172009 2.231060
v 18.691309 10.912937 2.128071
v 18.307384 9.776117 1.139180
v 18.654030 10.889563 1.235368
v 20.284830 10.007151 1.009505
v 16.886946 11.814425 1.052360
v 16.711393 10.447901 0.954369
v 19.951319 8.987923 0.927947
v 22.929354 7.661610 1.784780
v 24.549536 5.598223 1.654900
v 22.162323 7.317039 2.179579
v 23.804655 5.404692 2.023991
v 22.421696 5.179136 0.986934
v 20.906731 6.779703 1.090573
v 21.410278 7.000443 2.071017
v 23.058332 5.230745 1.921349
v 22.610872 5.168808 1.597647
v 20.993456 6.843243 1.735891
v 25.613188 3.471930 1.540327
v 26.021788 1.445709 1.451582
v 24.500395 1.695822 1.761796
v 24.016285 3.563820 1.819538
v 23.322218 3.701172 0.905513
v 23.846176 1.890682 0.830315
v 24.047598 1.811029 1.422263
v 23.532000 3.636869 1.498523
v 25.270336 1.561218 1.846874
v 24.824364 3.509157 1.912206
v 26.082867 -0.787010 -1.462892
v 24.632795 -0.460465 -1.756143
v 24.697792 -5.526700 -1.366082
v 23.449036 -5.096021 -1.860000
v 19.430332 -11.969604 -1.004787
v 19.961452 -9.425613 -2.255578
v 17.321892 -13.049340 -1.711911
v 16.212881 -11.310599 -2.844177
v 15.553392 -13.783158 -1.231758
v 14.162426 -9.443123 -1.392994
v 24.022276 -0.248054 -0.781584
v 22.976898 -4.701548 -0.808648
v 19.711161 -8.975817 -1.041019
v 16.077950 -10.696503 -1.743451
v 14.369012 -11.630724 -2.890713
v 20.869532 -10.567369 -1.846531
v 16.468866 -13.557756 -3.153965
v 14.155576 -14.438072 -2.958079
v 18.691734 -10.647128 -0.757854
v 16.414419 -11.174403 -1.395229
v 14.756956 -11.157642 -0.939126
v 25.336451 -0.627854 -1.824807
v 24.036547 -5.323302 -1.855742
v 24.376524 -2.525273 -1.798151
v 25.706242 -2.878854 -1.362671
v 20.364418 -9.945679 -2.306176
v 21.929939 -7.528619 -1.981963
v 23.053036 -8.152519 -1.422246
v 16.323412 -12.295805 -3.124448
v 18.533760 -12.356556 -2.804849
v 17.909864 -10.633192 -2.622132
v 14.289011 -10.877846 -2.320091
v 14.113807 -8.532362 -0.000020
v 14.294911 -12.864112 -3.120573
v 15.098166 -11.605072 -2.895797
v 15.068575 -14.173349 -3.167401
v 17.645203 -10.168207 -1.589902
v 21.654459 -6.967944 -0.866849
v 23.782465 -2.262651 -0.781909
v 16.124414 -10.831299 -2.297012
v 24.216625 -0.337094 -1.388880
v 23.095167 -4.909043 -1.470051
v 19.725401 -9.098224 -1.807322
v 14.944142 -10.763469 -1.708629
v 18.515785 -12.483486 -1.546797
v 15.311719 -13.876515 -0.000020
v 16.256603 -13.503653 -1.686311
v 19.995346 -11.733409 -1.331282
v 17.022245 -13.468859 -2.371137
v 15.087303 -14.315592 -1.723673
v 18.838625 -9.948967 -0.801751
v 16.134460 -10.760946 -1.452641
v 14.391847 -10.584951 -0.979748
v 18.968555 -11.361391 -0.825555
v 16.915794 -12.056216 -1.465393
v 15.243207 -12.374737 -1.029804
v 14.549771 -11.102749 -0.000020
v 15.383914 -11.243553 -1.338053
v 17.675272 -10.918836 -1.238618
v 21.639351 -7.267110 -1.574188
v 23.971992 -2.389668 -1.413238
v 17.745686 -10.239298 -2.128189
v 25.808456 -2.853868 -0.000020
v 25.033117 -2.708444 -1.838912
v 19.359991 -9.693705 -0.000020
v 23.571495 -7.908230 -0.000020
v 22.435150 -7.853103 -1.957844
v 18.183891 -11.386623 -2.855895
v 23.672167 -2.116609 -0.000020
v 15.095737 -12.734397 -3.166728
v 15.016172 -11.021583 -2.324153
v 16.457508 12.275599 -2.117138
v 20.693998 -11.235480 -0.000020
v 18.581905 -12.637049 -2.123522
v 15.810712 -14.025732 -2.332306
v 17.532059 -10.423204 -1.302848
v 15.051975 -10.804957 -1.388297
v 15.898362 -12.289491 -1.429006
v 18.081192 -11.690360 -1.311619
v 19.243820 -11.241771 -0.000020
v 26.140568 -0.800035 -0.000020
v 24.956276 -5.433542 -0.000020
v 21.954132 -9.922764 -0.000020
v 14.109357 -14.552874 -0.000020
v 20.566446 -8.336244 -0.000020
v 22.978479 -4.477752 -0.000020
v 23.892101 -0.177225 -0.000020
v 16.031937 9.160006 -0.000020
v 16.653612 10.871536 -2.546327
v 15.964626 12.715168 -0.000020
v 16.418528 9.188145 -1.952713
v 16.201462 9.061489 -1.180839
v 16.559015 9.810728 -2.378445
v 19.733261 -11.765857 -0.000020
v 19.032619 -10.532897 -0.000020
v 21.901203 -6.603598 -0.000020
v 20.881021 9.646303 -1.891542
v 20.196014 7.719429 -0.000020
v 14.868833 -14.407196 -0.000020
v 19.807581 7.797091 -1.167319
v 19.733425 8.303625 -2.191066
v 20.300314 8.895332 -2.321574
v 14.190919 -10.436441 -0.000020
v 15.019915 -12.392538 -0.000020
v 19.485558 7.963583 -1.835126
v 21.370096 9.537523 -0.000020
v 18.415752 10.019867 -2.372692
v 17.946730 8.698315 -1.371985
v 17.936209 8.698236 -1.868255
v 18.122871 9.172009 -2.231099
v 18.691309 10.912937 -2.128110
v 18.307383 9.776117 -1.139219
v 16.302174 12.111549 -0.000020
v 18.654030 10.889563 -1.235408
v 20.284830 10.007151 -1.009544
v 20.746117 9.806458 -0.000020
v 16.886944 11.814425 -1.052400
v 16.711395 10.447901 -0.954409
v 16.288628 10.629078 -0.000020
v 19.951319 8.987925 -0.927987
v 20.387106 8.826500 -0.000020
v 22.929352 7.661608 -1.784819
v 24.549534 5.598225 -1.654940
v 23.119717 7.747969 -0.000020
v 24.726427 5.641710 -0.000020
v 22.162323 7.317041 -2.179619
v 23.804655 5.404690 -2.024030
v 22.421694 5.179136 -0.986974
v 20.906729 6.779701 -1.090613
v 22.360079 5.176731 -0.000020
v 20.906614 6.797293 -0.000020
v 21.410276 7.000443 -2.071056
v 23.058334 5.230745 -1.921388
v 22.610872 5.168808 -1.597687
v 20.993456 6.843245 -1.735931
v 25.613186 3.471933 -1.540366
v 26.021790 1.445709 -1.451621
v 24.500395 1.695822 -1.761835
v 24.016287 3.563822 -1.819578
v 23.322222 3.701170 -0.905552
v 23.846176 1.890680 -0.830354
v 24.047602 1.811028 -1.422302
v 23.532003 3.636869 -1.498562
v 25.792225 3.462006 -0.000020
v 26.174158 1.415868 -0.000020
v 25.270336 1.561215 -1.846913
v 24.824364 3.509159 -1.912245
v 23.728508 1.912860 -0.000020
v 23.226942 3.707785 -0.000020
v 25.717281 -0.710353 1.689212
v 24.962015 -0.541842 1.840376
v 24.367071 -5.431321 1.657447
v 23.722410 -5.207968 1.919078
v 23.997431 -3.770177 1.825997
v 24.572624 -1.463944 1.773285
v 25.954281 -1.803989 1.398677
v 25.286833 -4.153954 1.358325
v 20.607935 -10.249811 2.136875
v 20.145832 -9.665897 2.342122
v 20.983416 -8.558723 2.098363
v 22.756489 -6.365199 1.906941
v 23.951981 -6.863609 1.373594
v 22.013433 -9.395646 1.566137
v 16.389164 -12.922061 3.164487
v 16.265076 -11.746498 3.021672
v 19.679518 -11.546055 2.358835
v 17.438929 -13.030787 3.054467
v 18.917467 -10.109475 2.442566
v 16.994616 -11.027345 2.757816
v 14.218874 -10.441919 1.937989
v 14.345265 -11.223399 2.641525
v 14.127272 -8.680250 0.663550
v 14.349264 -12.181867 3.051214
v 14.219215 -13.639228 3.106834
v 15.589417 -11.498382 2.885491
v 14.701835 -11.644672 2.891513
v 15.684858 -13.929271 3.186419
v 14.578586 -14.326797 3.100559
v 16.808151 -10.489296 1.699766
v 18.582787 -9.709626 1.384276
v 20.796843 -7.966736 0.933134
v 22.378517 -5.882410 0.829303
v 23.449781 -3.451856 0.793212
v 23.965122 -1.234232 0.776518
v 16.165325 -11.012646 2.591904
v 16.093512 -10.734913 1.999881
v 24.107952 -0.292307 1.113164
v 24.385487 -0.392083 1.603492
v 23.011906 -4.818700 1.166093
v 23.239237 -4.997748 1.705385
v 19.685772 -9.005625 1.473223
v 19.819321 -9.237062 2.071909
v 14.513537 -10.523151 1.611453
v 15.460617 -10.795864 1.747430
v 19.035049 -12.203250 1.337461
v 17.926077 -12.772967 1.660075
v 15.372401 -13.853171 0.683266
v 16.754831 -13.295916 1.727177
v 15.851426 -13.666557 1.548190
v 20.361214 -11.307775 1.516441
v 19.695271 -11.948328 1.161102
v 16.756912 -13.549129 2.762647
v 17.228230 -13.313498 2.010722
v 15.387193 -14.127244 1.436425
v 14.688498 -14.411960 2.148893
v 18.692955 -10.308885 0.763390
v 19.161736 -9.525766 0.882972
v 16.241135 -10.909658 1.403101
v 16.085848 -10.699078 1.561769
v 14.553237 -10.816465 0.935403
v 14.268341 -10.293309 1.100033
v 19.186808 -11.710659 0.899840
v 18.794220 -11.000287 0.778361
v 17.163799 -12.577591 1.555902
v 16.651863 -11.570507 1.414321
v 15.450755 -13.116377 1.112427
v 14.998977 -11.694138 0.971812
v 14.601375 -11.118011 0.515661
v 15.017575 -11.208714 1.202732
v 15.853851 -11.235212 1.394467
v 17.041258 -11.061620 1.349567
v 18.248446 -10.772704 1.041326
v 22.435152 -6.141395 1.511068
v 21.596878 -7.142824 1.249762
v 20.719858 -8.262976 1.671911
v 21.753609 -7.390064 1.822875
v 24.161137 -1.337437 1.395171
v 23.863556 -2.334341 1.123788
v 23.613449 -3.613873 1.438341
v 24.138361 -2.450780 1.639435
v 18.714190 -9.750582 1.972677
v 17.697355 -10.162404 1.842672
v 16.873240 -10.592372 2.235638
v 17.814325 -10.392771 2.398028
v 25.780039 -2.863069 0.689709
v 25.252922 -1.638977 1.830261
v 24.686935 -2.614385 1.878581
v 24.622303 -3.970485 1.844627
v 25.377804 -2.797743 1.651650
v 19.225122 -9.766981 0.422752
v 23.408501 -7.989098 0.719573
v 23.304596 -6.630477 1.885958
v 22.161589 -7.687269 2.035524
v 21.440125 -8.971537 2.093503
v 22.735825 -8.012575 1.738414
v 19.261211 -10.743615 2.587804
v 18.033689 -10.969276 2.777875
v 17.186220 -11.902985 3.031282
v 18.356211 -11.863328 2.857803
v 23.707561 -2.167515 0.400993
v 15.634909 -12.566438 3.164427
v 15.106352 -12.106037 3.071779
v 14.664035 -12.824437 3.144958
v 15.075359 -13.449305 3.194040
v 15.512092 -10.972872 2.323421
v 14.967204 -10.858081 1.996519
v 14.611917 -10.982820 2.312327
v 15.065039 -11.256187 2.637060
v 20.493567 -11.381768 0.706616
v 18.576464 -12.627011 1.809708
v 19.336180 -12.173024 1.806482
v 18.566490 -12.535799 2.463467
v 17.785839 -13.079245 2.296173
v 16.098331 -13.828697 1.974244
v 16.358154 -13.784374 2.388683
v 15.450591 -14.139949 2.743616
v 15.384947 -14.199290 2.152158
v 17.563675 -10.637707 1.249873
v 16.810444 -10.622668 1.412204
v 17.575306 -10.261242 1.411181
v 18.241737 -10.184294 1.099277
v 15.188349 -10.955216 1.339129
v 14.664847 -10.710502 1.250759
v 14.970825 -10.744767 1.506389
v 15.544048 -10.823706 1.447456
v 16.131338 -12.925132 1.528011
v 15.519313 -12.345862 1.302367
v 15.634283 -11.705458 1.367320
v 16.370760 -12.193683 1.473188
v 18.317970 -12.117785 1.401325
v 17.503899 -11.881451 1.418720
v 17.856876 -11.278620 1.258492
v 18.588348 -11.508282 1.117427
v 19.180689 -11.271456 0.438889
v 17.486788 10.511992 2.405091
v 17.023357 8.978573 1.347834
v 21.254074 -7.512767 -0.000020
v 22.480776 -5.595379 -0.000020
v 14.508430 -14.498879 -0.000020
v 19.576408 7.813318 1.556617
v 18.721752 8.358646 1.858102
v 19.991587 8.565508 2.282254
v 19.549467 8.118210 2.044081
v 18.925476 8.768135 2.218085
v 20.145035 7.713598 0.601660
v 20.627277 9.265814 2.274130
v 19.756248 10.308165 2.092153
v 18.099228 9.139257 1.226874
v 21.302645 9.542889 1.003541
v 26.127062 -0.796898 0.742386
v 24.877436 -5.464962 0.691431
v 21.669203 -10.102234 0.837372
v 14.123150 -14.529504 1.423231
v 20.337187 -8.513945 0.495662
v 22.973761 -4.554624 0.413770
v 23.935148 -0.200702 0.403222
v 19.660709 -11.818567 0.539639
v 18.950987 -10.563124 0.399154
v 26.024263 -1.802175 -0.000020
v 25.454329 -4.098989 -0.000020
v 19.092243 -10.157266 -0.000020
v 19.889729 -9.077032 -0.000020
v 24.321030 -6.716707 -0.000020
v 22.749207 -8.988857 -0.000020
v 21.807474 -6.730949 0.443570
v 23.381731 -3.271207 -0.000020
v 23.837078 -1.126183 -0.000020
v 16.027176 9.141897 0.602795
v 20.175188 -11.606301 -0.000020
v 21.274607 -10.675600 -0.000020
v 15.151974 -14.224540 -0.000020
v 14.920242 -14.384277 0.959781
v 14.348057 -10.729598 -0.000020
v 14.093439 -9.949661 -0.000020
v 14.238214 -10.479948 0.538983
v 15.216448 -13.176064 -0.000020
v 14.785531 -11.672731 -0.000020
v 15.075973 -12.388617 0.569361
v 19.450222 -11.565144 -0.000020
v 19.096329 -10.892637 -0.000020
v 16.609825 10.290487 2.491581
v 16.501564 9.453285 2.202884
v 16.300613 9.004827 1.618788
v 16.661421 11.522074 2.513311
v 16.083155 12.641136 1.036958
v 20.946829 9.880564 -0.000020
v 19.358490 9.494007 2.355589
v 18.904699 8.295002 1.343189
v 17.156338 8.992762 1.881693
v 17.324604 9.546803 2.257216
v 17.611986 11.528111 2.142015
v 16.503323 9.676029 1.017021
v 20.489134 10.072567 1.384773
v 16.324512 11.463091 -0.000020
v 18.575315 10.520365 2.344237
v 18.259506 9.553440 2.327866
v 18.013643 8.893919 2.079509
v 17.901091 8.587610 1.607590
v 19.579580 10.385033 1.195553
v 20.650351 9.838240 0.578328
v 16.435329 12.044577 0.607791
v 17.684696 11.402298 1.225015
v 18.719141 11.054617 1.668071
v 16.815948 12.114054 1.444750
v 16.199675 12.455074 -0.000020
v 19.809692 8.366352 1.003704
v 20.224623 8.234049 -0.000020
v 18.506365 10.417839 1.092345
v 16.842651 11.219965 0.926585
v 16.200396 9.806274 -0.000020
v 20.114618 9.590775 0.889826
v 20.570583 9.403069 -0.000020
v 20.304848 8.845222 0.530502
v 19.231070 9.335867 1.102723
v 16.370089 10.591421 0.548667
v 17.401955 10.167223 1.120888
v 21.670986 6.019049 1.039975
v 20.905533 6.787466 0.583001
v 21.632833 6.028852 -0.000020
v 22.376644 5.179008 0.524840
v 21.840849 6.027109 1.665841
v 20.923214 6.799374 1.467037
v 22.493458 5.171556 1.339232
v 23.987192 6.704485 -0.000020
v 23.087339 7.733303 1.019747
v 23.801720 6.642359 1.716950
v 24.697958 5.635489 0.945164
v 22.590841 7.508354 2.121326
v 23.039446 6.377558 2.098392
v 24.222870 5.512737 1.968461
v 21.754120 7.140448 2.151353
v 22.284243 6.133375 1.993861
v 23.401957 5.305996 1.997973
v 21.154257 6.905716 1.933810
v 22.795464 5.186035 1.789068
v 21.951836 8.660898 1.855589
v 22.164562 8.760441 -0.000020
v 21.239925 8.166771 2.259075
v 20.556522 7.724506 2.140120
v 20.414001 7.305771 -0.000020
v 20.327633 7.302462 1.128280
v 20.220737 7.479309 1.793963
v 23.619778 2.859972 0.866917
v 23.931267 1.857138 1.160182
v 23.828041 2.783199 1.457224
v 23.406118 3.674641 1.243030
v 24.304205 2.677684 1.785064
v 23.730925 3.598585 1.688782
v 24.231630 1.756803 1.622006
v 25.881651 2.471889 1.483816
v 26.150511 1.422194 0.805581
v 26.057184 2.446678 -0.000020
v 25.765095 3.464014 0.876329
v 24.857262 1.629329 1.840609
v 25.106272 2.565408 1.874123
v 24.389832 3.534300 1.893480
v 25.269773 3.487637 1.845915
v 25.689484 1.496842 1.750717
v 23.255899 3.708670 0.478141
v 23.512140 2.872801 -0.000020
v 23.766535 1.908153 0.433648
v 26.126865 0.320796 1.517812
v 25.341875 0.464266 1.830117
v 24.397953 4.448536 1.961839
v 25.162827 4.525293 1.596691
v 26.193371 0.300507 -0.000020
v 25.339621 4.541876 -0.000020
v 24.607548 0.616930 1.751955
v 24.177111 0.736924 1.398373
v 23.622480 4.390091 1.863806
v 23.155499 4.396950 1.543298
v 23.855608 0.860558 -0.000020
v 23.981245 0.819159 0.800396
v 22.874273 4.432522 -0.000020
v 22.954277 4.433914 0.943501
v 25.717278 -0.710353 -1.689252
v 24.962011 -0.541843 -1.840416
v 24.367071 -5.431321 -1.657487
v 23.722410 -5.207969 -1.919118
v 23.997427 -3.770177 -1.826036
v 24.572624 -1.463943 -1.773324
v 25.954281 -1.803989 -1.398716
v 25.286831 -4.153954 -1.358365
v 20.607937 -10.249811 -2.136914
v 20.145832 -9.665897 -2.342162
v 20.983416 -8.558723 -2.098402
v 22.756487 -6.365199 -1.906981
v 23.951981 -6.863609 -1.373633
v 22.013432 -9.395646 -1.566176
v 16.389164 -12.922061 -3.164526
v 16.265074 -11.746498 -3.021712
v 19.679518 -11.546055 -2.358874
v 17.438927 -13.030787 -3.054506
v 18.917469 -10.109475 -2.442606
v 16.994616 -11.027345 -2.757856
v 14.218874 -10.441919 -1.938028
v 14.345266 -11.223399 -2.641565
v 14.127271 -8.680251 -0.663589
v 14.349264 -12.181867 -3.051254
v 14.219215 -13.639228 -3.106874
v 15.589417 -11.498382 -2.885531
v 14.701838 -11.644672 -2.891552
v 15.684859 -13.929271 -3.186458
v 14.578587 -14.326797 -3.100599
v 16.808151 -10.489296 -1.699805
v 18.582787 -9.709626 -1.384315
v 20.796844 -7.966736 -0.933173
v 22.378517 -5.882410 -0.829342
v 23.449781 -3.451857 -0.793251
v 23.965122 -1.234233 -0.776558
v 16.165325 -11.012646 -2.591943
v 16.093510 -10.734913 -1.999920
v 24.107952 -0.292307 -1.113203
v 24.385487 -0.392082 -1.603531
v 23.011908 -4.818700 -1.166132
v 23.239241 -4.997748 -1.705424
v 19.685770 -9.005625 -1.473262
v 19.819323 -9.237062 -2.071949
v 14.513537 -10.523151 -1.611492
v 15.460617 -10.795864 -1.747470
v 19.035048 -12.203250 -1.337501
v 17.926079 -12.772967 -1.660114
v 15.372403 -13.853171 -0.683305
v 16.754831 -13.295916 -1.727216
v 15.851424 -13.666557 -1.548229
v 20.361216 -11.307774 -1.516481
v 19.695269 -11.948328 -1.161141
v 16.756910 -13.549129 -2.762686
v 17.228231 -13.313498 -2.010761
v 15.387193 -14.127244 -1.436465
v 14.688498 -14.411960 -2.148932
v 18.692953 -10.308885 -0.763429
v 19.161739 -9.525766 -0.883011
v 16.241135 -10.909658 -1.403140
v 16.085848 -10.699078 -1.561808
v 14.553238 -10.816465 -0.935442
v 14.268341 -10.293309 -1.100072
v 19.186808 -11.710660 -0.899880
v 18.794224 -11.000287 -0.778400
v 17.163799 -12.577591 -1.555941
v 16.651863 -11.570507 -1.414360
v 15.450755 -13.116377 -1.112467
v 14.998976 -11.694138 -0.971851
v 14.601373 -11.118011 -0.515701
v 15.017575 -11.208714 -1.202772
v 15.853851 -11.235212 -1.394506
v 17.041258 -11.061620 -1.349606
v 18.248447 -10.772704 -1.041365
v 22.435152 -6.141394 -1.511107
v 21.596878 -7.142824 -1.249802
v 20.719856 -8.262976 -1.671950
v 21.753609 -7.390064 -1.822914
v 24.161137 -1.337437 -1.395210
v 23.863556 -2.334341 -1.123828
v 23.613449 -3.613872 -1.438381
v 24.138359 -2.450780 -1.639475
v 18.714186 -9.750582 -1.972717
v 17.697353 -10.162403 -1.842711
v 16.873238 -10.592372 -2.235677
v 17.814325 -10.392771 -2.398067
v 25.780035 -2.863068 -0.689749
v 25.252918 -1.638976 -1.830300
v 24.686934 -2.614385 -1.878620
v 24.622299 -3.970485 -1.844666
v 25.377804 -2.797743 -1.651690
v 19.225122 -9.766981 -0.422792
v 23.408501 -7.989097 -0.719613
v 23.304596 -6.630477 -1.885997
v 22.161591 -7.687269 -2.035563
v 21.440125 -8.971537 -2.093543
v 22.735825 -8.012573 -1.738454
v 19.261211 -10.743615 -2.587844
v 18.033689 -10.969276 -2.777915
v 17.186220 -11.902985 -3.031322
v 18.356211 -11.863327 -2.857842
v 23.707561 -2.167515 -0.401033
v 15.634908 -12.566438 -3.164467
v 15.106350 -12.106037 -3.071818
v 14.664036 -12.824437 -3.144998
v 15.075360 -13.449305 -3.194079
v 15.512093 -10.972872 -2.323460
v 14.967204 -10.858081 -1.996558
v 14.611916 -10.982820 -2.312366
v 15.065039 -11.256187 -2.637100
v 20.493567 -11.381768 -0.706655
v 18.576464 -12.627011 -1.809747
v 19.336182 -12.173024 -1.806522
v 18.566488 -12.535799 -2.463506
v 17.785839 -13.079245 -2.296212
v 16.098331 -13.828697 -1.974284
v 16.358154 -13.784374 -2.388722
v 15.450592 -14.139949 -2.743656
v 15.384947 -14.199290 -2.152198
v 17.563677 -10.637707 -1.249913
v 16.810446 -10.622669 -1.412243
v 17.575306 -10.261242 -1.411221
v 18.241737 -10.184294 -1.099317
v 15.188349 -10.955215 -1.339168
v 14.664847 -10.710502 -1.250799
v 14.970825 -10.744767 -1.506428
v 15.544048 -10.823706 -1.447495
v 16.131338 -12.925132 -1.528051
v 15.519311 -12.345862 -1.302407
v 15.634284 -11.705458 -1.367359
v 16.370760 -12.193683 -1.473228
v 18.317970 -12.117785 -1.401364
v 17.503899 -11.881451 -1.418759
v 17.856874 -11.278620 -1.258531
v 18.588348 -11.508282 -1.117466
v 19.180689 -11.271456 -0.438928
v 17.486788 10.511992 -2.405130
v 17.023355 8.978573 -1.347873
v 19.576406 7.813320 -1.556657
v 18.721750 8.358644 -1.858141
v 19.991587 8.565508 -2.282294
v 19.549465 8.118210 -2.044121
v 18.925476 8.768135 -2.218125
v 20.145035 7.713600 -0.601700
v 20.627277 9.265814 -2.274170
v 19.756250 10.308165 -2.092192
v 18.099228 9.139256 -1.226914
v 21.302643 9.542889 -1.003581
v 26.127062 -0.796899 -0.742425
v 24.877436 -5.464962 -0.691471
v 21.669201 -10.102234 -0.837412
v 14.123150 -14.529504 -1.423270
v 20.337185 -8.513945 -0.495702
v 22.973761 -4.554624 -0.413810
v 23.935146 -0.200702 -0.403262
v 19.660709 -11.818567 -0.539678
v 18.950989 -10.563124 -0.399194
v 21.807476 -6.730949 -0.443609
v 16.027176 9.141899 -0.602834
v 14.920242 -14.384277 -0.959821
v 14.238215 -10.479948 -0.539022
v 15.075973 -12.388617 -0.569401
v 16.609825 10.290491 -2.491620
v 16.501564 9.453285 -2.202924
v 16.300613 9.004829 -1.618827
v 16.661421 11.522074 -2.513351
v 16.083155 12.641136 -1.036998
v 19.358490 9.494005 -2.355628
v 18.904701 8.295004 -1.343228
v 17.156340 8.992760 -1.881733
v 17.324602 9.546803 -2.257255
v 17.611984 11.528109 -2.142054
v 16.503325 9.676027 -1.017061
v 20.489138 10.072567 -1.384812
v 18.575315 10.520365 -2.344276
v 18.259506 9.553440 -2.327906
v 18.013643 8.893919 -2.079549
v 17.901091 8.587608 -1.607629
v 19.579582 10.385031 -1.195592
v 20.650349 9.838236 -0.578368
v 16.435329 12.044577 -0.607831
v 17.684694 11.402294 -1.225055
v 18.719141 11.054617 -1.668110
v 16.815948 12.114052 -1.444790
v 19.809694 8.366352 -1.003744
v 18.506365 10.417841 -1.092385
v 16.842649 11.219965 -0.926624
v 20.114614 9.590773 -0.889865
v 20.304848 8.845222 -0.530542
v 19.231070 9.335871 -1.102762
v 16.370089 10.591419 -0.548707
v 17.401955 10.167225 -1.120928
v 21.670986 6.019049 -1.040015
v 20.905537 6.787466 -0.583041
v 22.376642 5.179008 -0.524880
v 21.840849 6.027109 -1.665880
v 20.923212 6.799374 -1.467077
v 22.493458 5.171556 -1.339272
v 23.087339 7.733301 -1.019787
v 23.801720 6.642357 -1.716989
v 24.697958 5.635487 -0.945203
v 22.590839 7.508354 -2.121366
v 23.039444 6.377558 -2.098431
v 24.222870 5.512737 -1.968500
v 21.754120 7.140450 -2.151392
v 22.284245 6.133375 -1.993901
v 23.401953 5.305996 -1.998012
v 21.154257 6.905716 -1.933849
v 22.795464 5.186033 -1.789108
v 21.951838 8.660898 -1.855628
v 21.239925 8.166769 -2.259115
v 20.556520 7.724506 -2.140159
v 20.327635 7.302460 -1.128319
v 20.220736 7.479309 -1.794002
v 23.619778 2.859976 -0.866956
v 23.931263 1.857136 -1.160221
v 23.828047 2.783198 -1.457264
v 23.406115 3.674641 -1.243069
v 24.304205 2.677687 -1.785103
v 23.730925 3.598583 -1.688822
v 24.231630 1.756804 -1.622046
v 25.881657 2.471890 -1.483855
v 26.150513 1.422194 -0.805620
v 25.765095 3.464014 -0.876369
v 24.857262 1.629329 -1.840648
v 25.106270 2.565408 -1.874162
v 24.389828 3.534302 -1.893520
v 25.269773 3.487637 -1.845955
v 25.689482 1.496844 -1.750756
v 23.255896 3.708670 -0.478181
v 23.766535 1.908153 -0.433688
v 26.126863 0.320796 -1.517852
v 25.341875 0.464267 -1.830156
v 24.397951 4.448532 -1.961879
v 25.162828 4.525293 -1.596731
v 24.607548 0.616930 -1.751994
v 24.177114 0.736923 -1.398413
v 23.622480 4.390091 -1.863846
v 23.155500 4.396950 -1.543337
v 23.981245 0.819159 -0.800435
v 22.954279 4.433912 -0.943541
v 23.033022 4.417583 1.287324
v 23.980436 4.412380 1.938625
v 25.312181 4.539764 0.910847
v 22.563639 -6.248488 1.752200
v 22.372602 -6.030184 1.197705
v 20.688652 -8.143967 1.336620
v 20.823324 -8.395679 1.929798
v 24.351494 0.682144 1.605545
v 24.828720 4.491026 1.903570
v 24.329288 -1.393544 1.616181
v 24.051449 -1.290065 1.112496
v 23.514004 -3.543533 1.142143
v 23.771261 -3.686315 1.669068
v 18.796932 -9.895605 2.239038
v 18.662155 -9.674041 1.667928
v 16.835653 -10.508196 1.949293
v 16.925549 -10.758014 2.516966
v 26.006449 -1.803864 0.708681
v 25.404819 -4.117950 0.687451
v 25.612354 -1.724939 1.663832
v 24.893211 -1.548884 1.857937
v 24.291229 -3.868147 1.896285
v 24.959227 -4.067196 1.650492
v 18.994469 -10.198614 0.401707
v 19.691713 -9.208686 0.462780
v 24.206451 -6.765668 0.695039
v 22.520264 -9.121302 0.782849
v 23.623892 -6.755195 1.676310
v 23.009195 -6.496433 1.959680
v 21.192579 -8.754961 2.162063
v 21.714247 -9.194165 1.880936
v 19.472836 -11.134336 2.505810
v 19.073839 -10.396229 2.564918
v 17.081526 -11.415467 2.930407
v 17.306950 -12.460595 3.068387
v 21.087185 -7.672352 0.476051
v 22.439917 -5.694287 0.423913
v 22.897554 4.435455 0.500065
v 23.401903 -3.333698 0.406320
v 23.879131 -1.163517 0.399101
v 15.652734 -13.243666 3.201091
v 15.615519 -11.971245 3.063889
v 14.697114 -12.169485 3.061345
v 14.614554 -13.570238 3.153596
v 15.552921 -11.174568 2.627776
v 15.476583 -10.855624 2.014613
v 14.546341 -10.720468 1.952018
v 14.670025 -11.268630 2.635149
v 20.044233 -11.704216 0.621169
v 21.013523 -10.855865 0.786881
v 17.900999 -12.983274 1.948390
v 19.190355 -12.270396 1.555714
v 19.504683 -11.915705 2.073323
v 17.623863 -13.090615 2.675077
v 15.210162 -14.200289 0.796098
v 14.545385 -14.476580 1.189805
v 15.684976 -14.004424 1.808634
v 16.618336 -13.597599 2.026380
v 16.032181 -13.894678 2.786480
v 14.999503 -14.305268 2.591457
v 18.192183 -10.465435 1.050413
v 16.891283 -10.794462 1.360159
v 16.791460 -10.525247 1.521403
v 18.399967 -9.913423 1.201363
v 15.666679 -10.963402 1.399067
v 14.816379 -10.895213 1.200642
v 14.559943 -10.577637 1.378332
v 15.478973 -10.778312 1.559088
v 14.398507 -10.754236 0.513028
v 14.130220 -10.039753 0.601192
v 15.275372 -13.161349 0.616628
v 14.838967 -11.678985 0.535405
v 16.614201 -12.770355 1.568031
v 15.739120 -13.039209 1.400272
v 15.264780 -11.709773 1.237161
v 16.102200 -11.661160 1.417746
v 18.815893 -11.892462 1.205190
v 17.748692 -12.353965 1.508072
v 17.256060 -11.435576 1.367863
v 18.389744 -11.125992 1.063350
v 19.390734 -11.600805 0.481505
v 19.025393 -10.920206 0.411477
v 23.348064 4.385771 1.733161
v 23.896908 0.848342 0.415322
v 26.179718 0.305794 0.780437
v 17.049471 8.862858 1.605876
v 17.247667 9.222572 2.100931
v 17.404802 9.983515 2.357610
v 17.558823 11.081165 2.375317
v 17.181049 9.469288 1.200220
v 19.712610 10.497320 1.622650
v 21.632833 8.438828 2.203542
v 20.240965 7.371140 1.516537
v 20.330479 7.588594 1.997988
v 24.949116 0.542202 1.833929
v 24.066193 0.781982 1.129896
v 20.396482 7.294003 0.601208
v 20.868059 7.919804 2.225707
v 20.862326 9.904181 0.787464
v 16.236601 9.779789 0.576770
v 19.602694 9.933577 2.322756
v 19.123631 9.091883 2.312787
v 18.780695 8.535896 2.068372
v 18.773584 8.226141 1.593930
v 17.684988 11.628176 1.657486
v 16.339516 12.380840 0.820637
v 19.054035 8.720795 1.191102
v 20.155405 8.241127 0.568032
v 20.476912 9.431629 0.509173
v 19.413012 9.950218 1.056023
v 16.438238 11.409674 0.534445
v 17.583014 10.870129 1.081296
v 21.641340 6.025499 0.554890
v 21.730772 6.015995 1.403469
v 23.956392 6.694876 0.980814
v 23.466290 6.525291 2.041447
v 22.630724 6.240957 2.071736
v 22.021740 6.063505 1.859684
v 22.125999 8.743917 1.052303
v 23.705231 2.828548 1.199641
v 24.022602 2.732018 1.650970
v 26.030550 2.451631 0.840221
v 24.675331 2.621593 1.860687
v 25.544891 2.512386 1.794074
v 23.546001 2.871714 0.455504
v 25.745712 0.389511 1.723394
v 23.033020 4.417582 -1.287363
v 23.980436 4.412382 -1.938664
v 25.312185 4.539764 -0.910886
v 22.563639 -6.248488 -1.752239
v 22.372601 -6.030184 -1.197744
v 20.688652 -8.143967 -1.336660
v 20.823326 -8.395679 -1.929837
v 24.351494 0.682144 -1.605585
v 24.828720 4.491026 -1.903609
v 24.329288 -1.393544 -1.616221
v 24.051445 -1.290064 -1.112535
v 23.514004 -3.543533 -1.142183
v 23.771261 -3.686315 -1.669108
v 18.796932 -9.895605 -2.239078
v 18.662153 -9.674041 -1.667968
v 16.835653 -10.508196 -1.949332
v 16.925550 -10.758014 -2.517005
v 26.006451 -1.803863 -0.708720
v 25.404819 -4.117951 -0.687491
v 25.612352 -1.724939 -1.663871
v 24.893211 -1.548886 -1.857977
v 24.291229 -3.868147 -1.896324
v 24.959229 -4.067196 -1.650531
v 18.994467 -10.198614 -0.401747
v 19.691715 -9.208686 -0.462820
v 24.206451 -6.765668 -0.695078
v 22.520264 -9.121302 -0.782888
v 23.623892 -6.755195 -1.676349
v 23.009197 -6.496434 -1.959719
v 21.192579 -8.754961 -2.162103
v 21.714247 -9.194164 -1.880975
v 19.472837 -11.134336 -2.505849
v 19.073837 -10.396229 -2.564957
v 17.081528 -11.415467 -2.930447
v 17.306950 -12.460595 -3.068426
v 21.087183 -7.672353 -0.476090
v 22.439917 -5.694287 -0.423953
v 22.897556 4.435457 -0.500104
v 23.401897 -3.333697 -0.406359
v 23.879131 -1.163517 -0.399140
v 15.652732 -13.243666 -3.201130
v 15.615519 -11.971245 -3.063928
v 14.697114 -12.169485 -3.061384
v 14.614554 -13.570238 -3.153635
v 15.552921 -11.174568 -2.627815
v 15.476583 -10.855624 -2.014652
v 14.546341 -10.720468 -1.952057
v 14.670022 -11.268630 -2.635188
v 20.044233 -11.704216 -0.621209
v 21.013521 -10.855865 -0.786921
v 17.900999 -12.983274 -1.948429
v 19.190357 -12.270396 -1.555754
v 19.504683 -11.915705 -2.073363
v 17.623863 -13.090615 -2.675117
v 15.210162 -14.200289 -0.796138
v 14.545388 -14.476580 -1.189844
v 15.684976 -14.004424 -1.808673
v 16.618336 -13.597599 -2.026419
v 16.032181 -13.894678 -2.786520
v 14.999503 -14.305268 -2.591496
v 18.192183 -10.465435 -1.050452
v 16.891283 -10.794462 -1.360198
v 16.791460 -10.525247 -1.521443
v 18.399967 -9.913422 -1.201402
v 15.666678 -10.963402 -1.399107
v 14.816381 -10.895213 -1.200681
v 14.559944 -10.577637 -1.378371
v 15.478971 -10.778311 -1.559128
v 14.398504 -10.754236 -0.513068
v 14.130220 -10.039753 -0.601231
v 15.275371 -13.161349 -0.616667
v 14.838967 -11.678985 -0.535445
v 16.614201 -12.770355 -1.568071
v 15.739121 -13.039209 -1.400311
v 15.264781 -11.709773 -1.237200
v 16.102200 -11.661160 -1.417785
v 18.815893 -11.892462 -1.205229
v 17.748692 -12.353965 -1.508111
v 17.256060 -11.435576 -1.367902
v 18.389744 -11.125992 -1.063389
v 19.390736 -11.600805 -0.481544
v 19.025393 -10.920206 -0.411517
v 23.348064 4.385767 -1.733200
v 23.896908 0.848342 -0.415362
v 26.179714 0.305793 -0.780476
v 17.049471 8.862858 -1.605915
v 17.247669 9.222572 -2.100971
v 17.404802 9.983515 -2.357649
v 17.558821 11.081167 -2.375356
v 17.181051 9.469284 -1.200260
v 19.712610 10.497320 -1.622689
v 21.632833 8.438828 -2.203582
v 20.240967 7.371141 -1.516577
v 20.330477 7.588594 -1.998027
v 24.949118 0.542202 -1.833969
v 24.066195 0.781984 -1.129936
v 20.396482 7.294001 -0.601247
v 20.868059 7.919807 -2.225747
v 20.862326 9.904182 -0.787504
v 16.236601 9.779791 -0.576810
v 19.602694 9.933577 -2.322796
v 19.123631 9.091879 -2.312826
v 18.780693 8.535898 -2.068412
v 18.773586 8.226141 -1.593969
v 17.684988 11.628174 -1.657525
v 16.339518 12.380840 -0.820676
v 19.054035 8.720795 -1.191141
v 20.155407 8.241127 -0.568071
v 20.476910 9.431629 -0.509212
v 19.413012 9.950220 -1.056063
v 16.438242 11.409676 -0.534484
v 17.583014 10.870131 -1.081335
v 21.641340 6.025501 -0.554929
v 21.730772 6.015995 -1.403509
v 23.956392 6.694878 -0.980854
v 23.466288 6.525290 -2.041487
v 22.630724 6.240953 -2.071776
v 22.021738 6.063505 -1.859723
v 22.125999 8.743919 -1.052342
v 23.705227 2.828548 -1.199680
v 24.022602 2.732018 -1.651010
v 26.030554 2.451631 -0.840260
v 24.675335 2.621593 -1.860726
v 25.544891 2.512387 -1.794113
v 23.546000 2.871716 -0.455543
v 25.745714 0.389511 -1.723434
vn -0.9044 -0.3936 0.1646
vn -0.8193 -0.5129 0.2562
vn -0.8442 -0.5179 0.1384
vn -0.8772 -0.3902 0.2798
vn -0.7306 -0.4687 0.4965
vn -0.6675 -0.5695 0.4797
vn -0.7480 -0.6208 0.2347
vn -0.7723 -0.6257 0.1100
vn -0.3143 -0.1680 0.9343
vn -0.1176 -0.1218 0.9856
vn -0.2982 -0.2243 0.9278
vn -0.1224 -0.0907 0.9883
vn 0.0461 -0.0324 0.9984
vn 0.0460 -0.0373 0.9982
vn -0.1043 -0.1468 0.9836
vn -0.2718 -0.2736 0.9227
vn 0.8340 0.2622 0.4855
vn 0.8944 0.4322 0.1149
vn 0.7961 0.3687 0.4799
vn 0.9419 0.3143 0.1189
vn 0.8994 0.4372 -0.0000
vn 0.8482 0.5296 -0.0000
vn 0.8432 0.5252 0.1150
vn 0.7513 0.4534 0.4796
vn -0.6174 0.3148 0.7209
vn -0.2990 0.2332 0.9253
vn -0.3294 0.1850 0.9259
vn -0.7464 0.4829 0.4578
vn -0.5811 0.3976 0.7101
vn -0.6777 0.5838 0.4471
vn -0.5242 0.4849 0.7000
vn -0.2618 0.2933 0.9195
vn -0.7933 0.3843 0.4722
vn -0.8200 0.5081 0.2636
vn -0.8690 0.4043 0.2851
vn -0.8557 0.4985 0.1390
vn -0.7953 0.5991 0.0926
vn -0.7513 0.6130 0.2446
vn -0.6712 0.7098 0.2137
vn -0.5937 0.6788 0.4322
vn -0.7286 0.6845 0.0221
vn -0.6462 0.7522 -0.1288
vn -0.5737 0.8044 0.1546
vn -0.4972 0.7619 0.4152
vn -0.4509 0.5689 0.6878
vn -0.2172 0.3609 0.9069
vn -0.3675 0.6418 0.6731
vn -0.1718 0.4278 0.8874
vn -0.3498 -0.0675 0.9344
vn -0.6451 -0.0515 0.7623
vn -0.3710 -0.0251 0.9283
vn -0.6181 -0.1171 0.7774
vn -0.8577 -0.0741 0.5088
vn -0.8652 0.0086 0.5014
vn -0.6605 0.0136 0.7507
vn -0.3841 0.0171 0.9231
vn 0.0547 -0.0249 0.9982
vn 0.4114 0.1616 0.8970
vn 0.4332 0.1131 0.8942
vn 0.3884 0.2005 0.8994
vn -0.6577 0.0914 0.7477
vn -0.3828 0.0658 0.9215
vn -0.8568 0.1067 0.5045
vn -0.8390 0.2072 0.5031
vn -0.6471 0.1712 0.7429
vn -0.3731 0.1102 0.9212
vn -0.9404 0.1123 0.3210
vn -0.9504 0.0066 0.3109
vn -0.9614 0.1117 0.2516
vn -0.9437 0.2147 0.2517
vn -0.9206 0.2185 0.3235
vn -0.8991 0.3103 0.3088
vn -0.8204 0.2950 0.4899
vn -0.9257 0.3034 0.2259
vn -0.8997 0.3962 0.1830
vn -0.6361 0.2423 0.7326
vn -0.3547 0.1478 0.9232
vn -0.2886 0.6942 0.6594
vn -0.1296 0.4906 0.8617
vn -0.3996 0.8172 0.4153
vn -0.3248 0.8477 0.4195
vn -0.2332 0.7219 0.6515
vn -0.1064 0.5223 0.8461
vn -0.4749 0.8650 0.1619
vn -0.5196 0.8375 -0.1692
vn -0.3820 0.9063 0.1808
vn -0.3021 0.9302 0.2085
vn -0.2682 0.8661 0.4219
vn -0.4112 0.9040 -0.1170
vn -0.2157 0.9735 0.0760
vn -0.2305 0.9417 0.2451
vn -0.2146 0.8757 0.4325
vn -0.1967 0.7328 0.6514
vn -0.0953 0.5204 0.8486
vn -0.1651 0.7308 0.6624
vn -0.0903 0.5026 0.8598
vn 0.9966 -0.0830 -0.0000
vn 0.9854 -0.1631 0.0498
vn 0.9874 -0.1581 -0.0000
vn 0.9954 -0.0860 0.0415
vn 0.8679 -0.1675 0.4677
vn 0.9664 -0.2481 0.0674
vn 0.9709 -0.2396 -0.0000
vn 0.9490 -0.3152 -0.0000
vn 0.8546 -0.2420 0.4595
vn 0.9402 -0.3254 0.1009
vn 0.8225 -0.3041 0.4807
vn 0.9017 -0.4091 0.1398
vn 0.9165 -0.4000 -0.0000
vn 0.8565 -0.0915 0.5080
vn 0.5003 -0.1008 0.8599
vn 0.4283 -0.0507 0.9022
vn 0.2477 -0.0342 0.9682
vn 0.2865 -0.0763 0.9550
vn 0.5384 -0.1577 0.8278
vn 0.1889 -0.0120 0.9819
vn -0.0789 0.0267 0.9965
vn -0.1001 0.0119 0.9949
vn -0.0557 0.0258 0.9981
vn 0.3065 -0.1090 0.9456
vn -0.0251 0.0233 0.9994
vn 0.0092 0.0180 0.9998
vn 0.3203 -0.1448 0.9362
vn 0.5377 -0.2014 0.8188
vn 0.5222 -0.2523 0.8147
vn 0.7776 -0.3746 0.5050
vn -0.9999 -0.0104 -0.0000
vn -0.8686 0.2948 -0.3982
vn -0.9385 0.3452 -0.0000
vn -0.9063 -0.0467 -0.4199
vn -0.6594 0.1822 -0.7294
vn -0.6866 0.3643 -0.6291
vn -0.8278 0.4679 -0.3095
vn -0.8659 0.5002 -0.0000
vn -0.7612 0.6485 -0.0000
vn -0.7133 0.6680 -0.2121
vn -0.7418 0.6706 -0.0000
vn -0.7183 0.6225 -0.3108
vn -0.6259 0.6591 -0.4170
vn -0.7175 0.6829 -0.1372
vn -0.7480 0.6637 -0.0000
vn 0.8716 -0.4902 -0.0000
vn 0.8514 -0.4955 0.1717
vn 0.7345 -0.4441 0.5132
vn 0.8004 -0.5686 0.1899
vn 0.8221 -0.5693 -0.0000
vn 0.7798 -0.6260 -0.0000
vn 0.6997 -0.4962 0.5139
vn 0.7610 -0.6192 0.1934
vn 0.6727 -0.5206 0.5258
vn 0.7372 -0.6476 0.1929
vn 0.7530 -0.6580 -0.0000
vn 0.5189 -0.3028 0.7994
vn 0.3391 -0.1782 0.9237
vn 0.5151 -0.3338 0.7895
vn 0.0412 0.0199 0.9990
vn 0.0642 0.0389 0.9972
vn 0.3485 -0.1941 0.9170
vn 0.3357 -0.1694 0.9266
vn 0.0749 0.0843 0.9936
vn 0.0672 0.1632 0.9843
vn 0.2957 -0.0817 0.9518
vn 0.4954 -0.3214 0.8070
vn 0.4614 -0.2388 0.8544
vn 0.6605 -0.5006 0.5596
vn 0.5771 -0.4104 0.7061
vn 0.3384 -0.0899 0.9367
vn 0.1440 0.1361 0.9802
vn 0.2411 0.0303 0.9700
vn 0.4764 -0.3892 0.7884
vn 0.2060 0.0388 0.9778
vn 0.0423 0.2522 0.9667
vn 0.0265 0.3058 0.9517
vn 0.0022 0.3018 0.9534
vn 0.0764 0.1449 0.9865
vn -0.0185 0.2772 0.9606
vn 0.0307 0.1250 0.9917
vn 0.1330 0.0458 0.9901
vn 0.3775 -0.4536 0.8073
vn 0.0645 0.0293 0.9975
vn 0.3083 -0.5166 0.7988
vn -0.7885 0.6151 -0.0000
vn -0.8254 0.5646 0.0051
vn -0.8408 0.5414 -0.0000
vn -0.7669 0.6392 -0.0572
vn -0.8909 0.4541 -0.0000
vn -0.9206 0.3762 0.1047
vn -0.9315 0.3637 -0.0000
vn -0.8797 0.4721 0.0571
vn -0.9234 -0.3838 -0.0000
vn -0.8560 -0.5116 0.0744
vn -0.8618 -0.5073 -0.0000
vn -0.9169 -0.3877 0.0951
vn -0.7847 -0.6178 0.0506
vn -0.7904 -0.6126 -0.0000
vn -0.9594 0.2820 -0.0000
vn -0.9626 0.2067 0.1751
vn -0.9791 0.2035 -0.0000
vn -0.9456 0.2893 0.1487
vn -0.9941 0.1085 -0.0000
vn -0.9861 0.0078 0.1658
vn -1.0000 0.0088 -0.0000
vn -0.9781 0.1092 0.1769
vn -0.9712 0.0067 0.2382
vn 0.0138 0.0149 0.9998
vn 0.2390 -0.5648 0.7899
vn -0.0062 0.1080 0.9941
vn -0.0457 0.0918 0.9947
vn -0.0482 -0.0014 0.9988
vn 0.1421 -0.6147 0.7758
vn -0.0382 0.2557 0.9660
vn -0.0849 0.4805 0.8729
vn -0.0717 0.4614 0.8843
vn -0.0531 0.2365 0.9702
vn -0.0465 0.2149 0.9755
vn -0.0696 0.0714 0.9950
vn -0.0186 0.4421 0.8968
vn 0.0216 0.4305 0.9023
vn -0.0432 0.1972 0.9794
vn -0.0803 0.0522 0.9954
vn -0.0982 -0.0242 0.9949
vn 0.0193 -0.6632 0.7482
vn -0.1441 -0.0579 0.9879
vn 0.0006 -0.8341 0.5516
vn -0.1319 0.7194 0.6819
vn -0.1396 0.8721 0.4689
vn -0.0688 0.6977 0.7131
vn -0.1027 0.9475 0.3029
vn -0.0597 0.9842 0.1666
vn 0.1019 0.9154 0.3894
vn -0.0106 0.8470 0.5315
vn 0.1669 0.7840 0.5978
vn 0.2277 0.9440 0.2389
vn 0.3933 0.7795 0.4876
vn 0.6764 0.7078 0.2034
vn 0.6426 0.5460 0.5375
vn 0.3205 0.7140 0.6225
vn 0.0415 0.6619 0.7484
vn 0.1341 0.6421 0.7548
vn 0.2929 -0.9461 -0.1386
vn 0.4440 -0.8885 -0.1158
vn 0.2357 -0.9246 -0.2992
vn 0.3240 -0.9461 -0.0000
vn 0.4736 -0.8791 -0.0539
vn 0.4853 -0.8744 -0.0000
vn 0.6523 -0.7543 0.0747
vn 0.6394 -0.7564 0.1376
vn 0.6978 -0.6602 0.2778
vn 0.6553 -0.7553 -0.0000
vn 0.7196 -0.6751 0.1624
vn 0.7274 -0.6862 -0.0000
vn 0.3160 -0.7617 -0.5656
vn 0.3964 -0.8600 -0.3213
vn 0.3870 -0.8483 -0.3613
vn 0.3042 -0.7855 -0.5390
vn 0.4079 -0.8724 -0.2694
vn 0.5257 -0.8424 0.1180
vn 0.4818 -0.8747 0.0533
vn 0.4461 -0.8950 -0.0020
vn 0.2806 -0.8177 -0.5026
vn 0.4117 -0.8903 -0.1948
vn 0.2293 -0.8724 -0.4316
vn 0.5913 -0.7898 0.1630
vn 0.5652 -0.7485 0.3468
vn 0.6478 -0.6738 0.3553
vn 0.5049 -0.8155 0.2828
vn 0.4530 -0.8632 0.2230
vn 0.8825 -0.4513 -0.1325
vn 0.7471 -0.6647 -0.0000
vn 0.9088 -0.4172 -0.0000
vn 0.7811 -0.5536 -0.2888
vn 0.7177 -0.6917 -0.0806
vn 0.6402 -0.7500 -0.1665
vn 0.3830 -0.9237 -0.0039
vn 0.3934 -0.9194 -0.0000
vn 0.1893 -0.9819 -0.0000
vn 0.3685 -0.9296 -0.0067
vn 0.1942 -0.9807 0.0244
vn 0.2100 -0.9762 0.0544
vn 0.1399 -0.9895 0.0367
vn 0.1337 -0.9910 -0.0000
vn 0.5333 -0.8012 -0.2714
vn 0.5691 -0.6671 -0.4808
vn 0.4444 -0.8234 -0.3529
vn 0.4010 -0.9156 -0.0301
vn 0.3747 -0.9270 -0.0168
vn 0.4032 -0.7150 -0.5711
vn 0.3963 -0.8370 -0.3773
vn 0.3334 -0.7403 -0.5837
vn 0.4214 -0.9064 -0.0289
vn 0.4042 -0.8963 0.1824
vn 0.3424 -0.9277 0.1486
vn 0.2679 -0.9579 0.1038
vn -0.6613 -0.1138 -0.7414
vn -0.4230 0.0912 -0.9015
vn -0.2189 -0.1019 -0.9704
vn -0.3997 -0.1318 -0.9071
vn -0.2762 0.1955 -0.9410
vn -0.4623 0.2414 -0.8532
vn -0.1069 -0.0640 -0.9922
vn -0.2469 0.0707 -0.9665
vn -0.0309 -0.0294 -0.9991
vn -0.1330 0.0972 -0.9863
vn -0.0503 0.1365 -0.9894
vn -0.1463 0.2233 -0.9637
vn -0.3411 0.5903 -0.7316
vn -0.2769 0.8577 -0.4333
vn -0.3950 0.7530 -0.5263
vn -0.1698 0.8171 -0.5509
vn -0.2412 0.7030 -0.6691
vn -0.1810 0.9395 -0.2909
vn -0.3044 0.9522 -0.0267
vn -0.5889 0.5639 -0.5789
vn -0.5066 0.6809 -0.5289
vn -0.4497 0.5378 -0.7131
vn 0.0583 0.0150 -0.9982
vn 0.2339 0.1072 -0.9663
vn 0.0519 0.2039 -0.9776
vn 0.2482 0.3300 -0.9108
vn 0.0778 0.3851 -0.9196
vn -0.0520 0.2824 -0.9579
vn 0.5402 0.2726 -0.7962
vn 0.7943 0.4049 -0.4528
vn 0.5476 0.4890 -0.6790
vn 0.7641 0.5376 -0.3566
vn 0.5928 0.6007 -0.5365
vn 0.3099 0.5258 -0.7921
vn 0.5098 0.7856 -0.3505
vn 0.2716 0.9549 -0.1204
vn 0.1813 0.9234 -0.3384
vn 0.8165 0.5106 -0.2696
vn 0.6053 0.7688 -0.2062
vn 0.9119 0.3324 -0.2407
vn -0.0431 0.9132 -0.4053
vn -0.0224 0.9885 -0.1499
vn 0.8838 0.4345 -0.1736
vn 0.9009 0.4340 -0.0000
vn 0.8540 0.5026 -0.1343
vn 0.8772 0.4802 -0.0000
vn 0.8580 0.5025 -0.1067
vn 0.7734 0.5672 -0.2832
vn 0.9515 0.2861 -0.1128
vn 0.9763 0.2166 -0.0000
vn 0.9860 0.1401 -0.0906
vn 0.9960 0.0890 -0.0000
vn 0.9993 -0.0050 -0.0366
vn 0.9895 0.1372 -0.0455
vn 0.9699 0.1111 -0.2166
vn 0.8354 0.1042 -0.5397
vn 0.8508 0.0304 -0.5245
vn 0.9912 0.1323 -0.0000
vn 0.9598 0.1740 -0.2202
vn 0.9819 0.1894 -0.0000
vn 0.9387 0.2678 -0.2169
vn 0.8170 0.2109 -0.5368
vn 0.8097 0.2947 -0.5074
vn 0.9606 0.2780 -0.0000
vn 0.9178 0.3421 -0.2014
vn 0.9372 0.3487 -0.0000
vn 0.0703 -0.2871 -0.9553
vn 0.0965 -0.1999 -0.9751
vn 0.0363 -0.2363 -0.9710
vn 0.1307 -0.2499 -0.9594
vn 0.2364 -0.1428 -0.9611
vn 0.0627 -0.1050 -0.9925
vn -0.0075 -0.1426 -0.9897
vn 0.2756 -0.1912 -0.9421
vn 0.5326 -0.0297 -0.8459
vn 0.5704 -0.0904 -0.8164
vn 0.5136 0.0804 -0.8543
vn 0.2128 -0.0412 -0.9762
vn 0.2188 0.0235 -0.9755
vn 0.5244 0.1617 -0.8360
vn -0.0237 -0.0905 -0.9956
vn 0.0564 -0.0502 -0.9971
vn -0.4255 -0.6444 -0.6354
vn -0.2760 -0.4596 -0.8441
vn -0.4982 -0.5886 -0.6367
vn -0.2251 -0.5038 -0.8340
vn -0.1141 -0.3523 -0.9289
vn -0.3495 -0.3492 -0.8694
vn -0.6024 -0.4436 -0.6636
vn -0.0712 -0.3955 -0.9157
vn -0.0175 -0.2802 -0.9598
vn 0.0204 -0.3282 -0.9444
vn -0.0706 -0.1865 -0.9799
vn -0.1768 -0.2563 -0.9503
vn -0.2036 -0.1916 -0.9601
vn -0.0937 -0.1322 -0.9868
vn -0.6444 -0.3104 -0.6988
vn -0.3784 -0.2576 -0.8891
vn -0.5897 -0.8076 -0.0000
vn -0.6686 -0.6728 -0.3169
vn -0.7196 -0.6944 -0.0000
vn -0.5628 -0.7630 -0.3179
vn -0.8098 -0.4758 -0.3433
vn -0.8819 -0.4714 -0.0000
vn -0.8706 -0.3073 -0.3842
vn -0.9568 -0.2907 -0.0000
vn -0.7783 -0.3554 0.5176
vn -0.5330 -0.3583 0.7665
vn -0.5632 -0.2698 0.7810
vn -0.4884 -0.4378 0.7549
vn -0.9968 -0.0800 -0.0000
vn -0.9752 -0.1753 0.1350
vn -0.9850 -0.1727 -0.0000
vn -0.9850 -0.0819 0.1516
vn -0.9709 -0.0846 0.2240
vn -0.9615 -0.1792 0.2082
vn 0.9977 0.0672 -0.0000
vn 0.9989 -0.0124 0.0449
vn 0.9999 -0.0156 -0.0000
vn 0.9919 0.0802 0.0980
vn 0.8353 0.0129 0.5497
vn -0.3118 -0.8408 -0.4425
vn -0.2448 -0.9679 0.0569
vn -0.1966 -0.9208 -0.3367
vn -0.3559 -0.9343 -0.0207
vn -0.2018 -0.7571 0.6213
vn -0.1338 -0.7669 0.6277
vn -0.1296 -0.9819 0.1378
vn -0.0775 -0.9908 -0.1106
vn -0.3095 -0.7628 0.5678
vn -0.1298 -0.5384 0.8326
vn -0.1286 -0.3197 0.9388
vn -0.2253 -0.5416 0.8099
vn -0.0423 -0.3214 0.9460
vn -0.0540 -0.5484 0.8345
vn -0.0523 -0.1521 0.9870
vn 0.0153 -0.0229 0.9996
vn 0.0289 -0.1603 0.9867
vn 0.0881 -0.0289 0.9957
vn 0.1027 -0.1587 0.9820
vn 0.0374 -0.3256 0.9448
vn 0.1577 0.2313 0.9600
vn 0.3949 0.6665 0.6324
vn 0.2142 0.2363 0.9478
vn 0.4144 0.6929 0.5901
vn 0.2730 0.3378 0.9008
vn 0.1558 -0.0146 0.9877
vn 0.0865 -0.1051 -0.9907
vn 0.5288 -0.3084 -0.7907
vn 0.4864 -0.1438 -0.8618
vn -0.0468 -0.0874 -0.9951
vn 0.0697 -0.2259 -0.9717
vn -0.1098 -0.2756 -0.9550
vn 0.0547 -0.3025 -0.9516
vn 0.5601 -0.4589 -0.6897
vn 0.4829 0.8756 -0.0128
vn 0.4843 0.8736 -0.0478
vn 0.4273 0.6582 0.6198
vn 0.4602 0.8875 0.0249
vn 0.2154 0.9297 -0.2988
vn 0.4076 0.8426 -0.3519
vn 0.4333 0.8184 -0.3774
vn 0.0513 -0.0378 0.9980
vn 0.3142 0.2697 0.9102
vn 0.0488 -0.0330 0.9983
vn 0.3425 0.2511 0.9053
vn 0.6144 0.6056 0.5057
vn 0.5510 0.6644 0.5049
vn 0.2718 0.2767 0.9217
vn 0.0356 -0.0254 0.9990
vn -0.6586 -0.7323 0.1733
vn -0.6973 -0.7123 -0.0796
vn -0.6924 -0.7211 0.0224
vn -0.5738 -0.6830 0.4519
vn -0.6187 -0.7793 0.0995
vn -0.5094 -0.7379 0.4427
vn -0.5212 -0.8535 -0.0020
vn -0.5935 -0.7650 -0.2501
vn -0.3654 -0.5572 0.7457
vn -0.4098 -0.5237 0.7469
vn -0.1961 -0.3363 0.9211
vn -0.1727 -0.3389 0.9248
vn -0.3094 -0.5693 0.7617
vn -0.4247 -0.7711 0.4743
vn 0.1053 -0.0108 0.9944
vn -0.1139 -0.0082 0.9935
vn 0.1351 -0.0059 0.9908
vn -0.1204 -0.0313 0.9922
vn -0.8385 -0.1594 0.5211
vn -0.9483 -0.0837 0.3062
vn -0.9362 -0.1773 0.3035
vn -0.7117 -0.7024 -0.0105
vn -0.8071 -0.5904 -0.0000
vn -0.7200 -0.6939 -0.0000
vn -0.7832 -0.6187 -0.0623
vn -0.8063 -0.5709 -0.1547
vn -0.8736 -0.4866 -0.0000
vn -0.2192 -0.3224 0.9209
vn -0.0660 -0.1714 0.9830
vn -0.0755 -0.1692 0.9827
vn -0.0619 -0.1651 0.9843
vn 0.6497 0.7491 0.1293
vn 0.6641 0.7477 -0.0000
vn 0.3552 0.9337 -0.0446
vn 0.2132 0.9770 -0.0000
vn -0.1448 0.9738 -0.1755
vn 0.8938 -0.1239 -0.4309
vn 0.9805 -0.1965 -0.0000
vn 0.9962 -0.0874 -0.0000
vn 0.9118 -0.2458 -0.3288
vn 0.9021 -0.3690 -0.2237
vn 0.9587 -0.2844 -0.0000
vn 0.1764 0.2388 0.9549
vn 0.0145 -0.0219 0.9997
vn -0.0614 -0.1565 0.9858
vn -0.1533 -0.3315 0.9309
vn -0.3540 -0.7777 0.5194
vn -0.2621 -0.5598 0.7861
vn -0.4149 -0.8125 -0.4094
vn -0.4250 -0.9042 -0.0432
vn 0.5991 0.7921 -0.1164
vn 0.5113 0.7948 0.3269
vn 0.4871 0.8704 -0.0717
vn 0.4637 0.7877 -0.4056
vn 0.6324 0.6591 -0.4070
vn 0.7303 0.6831 -0.0000
vn 0.7547 0.6294 -0.1850
vn 0.8556 0.5176 -0.0000
vn 0.6442 0.7635 -0.0450
vn 0.8577 0.4195 -0.2972
vn 0.9583 0.2859 -0.0000
vn -0.1638 -0.0588 -0.9847
vn -0.0835 -0.1971 -0.9768
vn -0.5016 0.0475 -0.8638
vn -0.2119 -0.1686 -0.9626
vn -0.5564 -0.1034 -0.8245
vn -0.2410 -0.2582 -0.9355
vn -0.8773 0.2124 -0.4304
vn -0.9883 0.1526 -0.0000
vn -0.9247 0.0788 -0.3725
vn -0.9993 0.0365 -0.0000
vn -0.9517 -0.0009 -0.3069
vn -0.6346 -0.1789 -0.7518
vn -0.7674 0.4257 -0.4795
vn -0.4234 0.2243 -0.8777
vn -0.3182 0.3848 -0.8664
vn -0.9134 0.4070 -0.0000
vn -0.8292 0.3218 -0.4570
vn -0.9610 0.2767 -0.0000
vn 0.0218 0.2965 -0.9548
vn 0.0405 0.1017 -0.9940
vn 0.1187 0.2516 -0.9605
vn -0.0678 0.1355 -0.9885
vn 0.8936 0.0570 -0.4452
vn 1.0000 -0.0035 -0.0000
vn 0.9994 0.0344 -0.0000
vn 0.5558 0.1296 -0.8212
vn 0.8837 0.0025 -0.4680
vn 0.4994 0.0351 -0.8656
vn 0.2252 0.2095 -0.9515
vn 0.1521 0.0776 -0.9853
vn -0.7237 -0.6864 0.0707
vn -0.7390 -0.6734 0.0214
vn -0.6941 -0.6879 0.2121
vn -0.6144 -0.6335 0.4702
vn 0.7483 0.6634 -0.0000
vn 0.7903 0.6012 0.1181
vn 0.7956 0.6059 -0.0000
vn 0.7426 0.6584 0.1226
vn 0.7032 0.5198 0.4851
vn 0.6594 0.5685 0.4919
vn 0.3641 0.2298 0.9025
vn 0.0489 -0.0387 0.9981
vn -0.0884 -0.1611 0.9830
vn -0.2429 -0.3031 0.9215
vn -0.4449 -0.4872 0.7515
vn 0.7036 0.6984 0.1309
vn 0.7129 0.7012 -0.0000
vn -0.9130 -0.2807 0.2959
vn -0.9403 -0.2833 0.1884
vn -0.8114 -0.2543 0.5263
vn -0.5889 -0.1905 0.7854
vn -0.3295 -0.1156 0.9371
vn 0.8642 0.0846 0.4960
vn 0.9760 0.1817 0.1204
vn 0.8605 0.1505 0.4868
vn 0.9831 0.1831 -0.0000
vn 0.9475 0.3197 -0.0000
vn -0.1223 -0.0595 0.9907
vn 0.0754 -0.0172 0.9970
vn 0.4602 0.0597 0.8858
vn 0.4718 0.0211 0.8814
vn -0.9536 -0.2781 0.1157
vn -0.9615 -0.2747 -0.0000
vn 0.3904 0.0072 0.9206
vn -0.9044 -0.3936 -0.1646
vn -0.8193 -0.5129 -0.2562
vn -0.8772 -0.3902 -0.2798
vn -0.8442 -0.5179 -0.1384
vn -0.7480 -0.6208 -0.2347
vn -0.6675 -0.5695 -0.4797
vn -0.7306 -0.4687 -0.4965
vn -0.7783 -0.3554 -0.5176
vn -0.3143 -0.1680 -0.9343
vn -0.1176 -0.1218 -0.9856
vn -0.1224 -0.0907 -0.9883
vn -0.2982 -0.2243 -0.9278
vn -0.1043 -0.1468 -0.9836
vn 0.0460 -0.0373 -0.9982
vn 0.0461 -0.0324 -0.9984
vn 0.0547 -0.0249 -0.9982
vn 0.8340 0.2622 -0.4855
vn 0.8944 0.4322 -0.1149
vn 0.9419 0.3143 -0.1189
vn 0.7961 0.3687 -0.4799
vn 0.8432 0.5252 -0.1150
vn -0.2990 0.2332 -0.9253
vn -0.6174 0.3148 -0.7209
vn -0.3294 0.1850 -0.9259
vn -0.2618 0.2933 -0.9195
vn -0.5811 0.3976 -0.7101
vn -0.6777 0.5838 -0.4471
vn -0.7464 0.4829 -0.4578
vn -0.7933 0.3843 -0.4722
vn -0.8200 0.5081 -0.2636
vn -0.8690 0.4043 -0.2851
vn -0.7513 0.6130 -0.2446
vn -0.7953 0.5991 -0.0926
vn -0.8557 0.4985 -0.1390
vn -0.8997 0.3962 -0.1830
vn -0.6712 0.7098 -0.2137
vn -0.5937 0.6788 -0.4322
vn -0.5737 0.8044 -0.1546
vn -0.6462 0.7522 0.1288
vn -0.7286 0.6845 -0.0221
vn -0.4509 0.5689 -0.6878
vn -0.5242 0.4849 -0.7000
vn -0.2172 0.3609 -0.9069
vn -0.3675 0.6418 -0.6731
vn -0.4972 0.7619 -0.4152
vn -0.3499 -0.0675 -0.9344
vn -0.6451 -0.0515 -0.7623
vn -0.6180 -0.1171 -0.7774
vn -0.3710 -0.0251 -0.9283
vn -0.6605 0.0136 -0.7507
vn -0.8652 0.0086 -0.5014
vn -0.8577 -0.0741 -0.5088
vn -0.8385 -0.1594 -0.5211
vn 0.4114 0.1616 -0.8970
vn 0.4332 0.1131 -0.8942
vn 0.3884 0.2005 -0.8994
vn 0.7513 0.4534 -0.4796
vn -0.3841 0.0171 -0.9231
vn -0.6577 0.0914 -0.7477
vn -0.3828 0.0658 -0.9215
vn -0.6471 0.1712 -0.7429
vn -0.8390 0.2072 -0.5031
vn -0.8568 0.1067 -0.5045
vn -0.9404 0.1123 -0.3210
vn -0.9504 0.0066 -0.3109
vn -0.9206 0.2185 -0.3235
vn -0.9437 0.2147 -0.2517
vn -0.9614 0.1117 -0.2516
vn -0.9712 0.0067 -0.2382
vn -0.8991 0.3103 -0.3088
vn -0.8204 0.2950 -0.4899
vn -0.9257 0.3034 -0.2259
vn -0.3731 0.1102 -0.9212
vn -0.6361 0.2423 -0.7326
vn -0.3547 0.1479 -0.9232
vn -0.1718 0.4278 -0.8874
vn -0.2886 0.6942 -0.6594
vn -0.1296 0.4906 -0.8617
vn -0.2332 0.7219 -0.6515
vn -0.3248 0.8477 -0.4195
vn -0.3996 0.8172 -0.4153
vn -0.4749 0.8650 -0.1619
vn -0.3820 0.9063 -0.1808
vn -0.5196 0.8375 0.1692
vn -0.3021 0.9302 -0.2085
vn -0.2682 0.8661 -0.4219
vn -0.2305 0.9417 -0.2451
vn -0.2157 0.9735 -0.0760
vn -0.3044 0.9522 0.0267
vn -0.4112 0.9040 0.1170
vn -0.1064 0.5223 -0.8461
vn -0.1967 0.7328 -0.6514
vn -0.0953 0.5204 -0.8486
vn -0.1651 0.7308 -0.6624
vn -0.2146 0.8757 -0.4325
vn 0.9854 -0.1631 -0.0498
vn 0.9954 -0.0860 -0.0415
vn 0.9664 -0.2481 -0.0674
vn 0.8679 -0.1675 -0.4677
vn 0.8565 -0.0915 -0.5080
vn 0.9402 -0.3254 -0.1009
vn 0.9017 -0.4091 -0.1398
vn 0.8225 -0.3041 -0.4807
vn 0.8546 -0.2420 -0.4595
vn 0.5003 -0.1008 -0.8600
vn 0.4283 -0.0507 -0.9022
vn 0.5384 -0.1577 -0.8278
vn 0.2865 -0.0763 -0.9550
vn 0.2477 -0.0342 -0.9682
vn 0.1889 -0.0120 -0.9819
vn -0.0789 0.0267 -0.9965
vn -0.1001 0.0119 -0.9949
vn -0.0557 0.0258 -0.9981
vn 0.3065 -0.1090 -0.9456
vn 0.3203 -0.1448 -0.9362
vn -0.0251 0.0232 -0.9994
vn 0.0092 0.0180 -0.9998
vn 0.7776 -0.3746 -0.5050
vn 0.5377 -0.2014 -0.8188
vn 0.5222 -0.2523 -0.8147
vn -0.8686 0.2948 0.3982
vn -0.9063 -0.0467 0.4199
vn -0.8278 0.4679 0.3095
vn -0.6866 0.3643 0.6291
vn -0.6594 0.1822 0.7294
vn -0.6613 -0.1138 0.7414
vn -0.7133 0.6680 0.2121
vn -0.7183 0.6225 0.3108
vn -0.7175 0.6829 0.1372
vn -0.6259 0.6591 0.4170
vn -0.5889 0.5639 0.5789
vn 0.8514 -0.4955 -0.1717
vn 0.8004 -0.5686 -0.1899
vn 0.7345 -0.4441 -0.5132
vn 0.7610 -0.6192 -0.1934
vn 0.7372 -0.6476 -0.1929
vn 0.6727 -0.5206 -0.5258
vn 0.6997 -0.4962 -0.5139
vn 0.5189 -0.3028 -0.7994
vn 0.5151 -0.3338 -0.7895
vn 0.3391 -0.1782 -0.9237
vn 0.3485 -0.1941 -0.9170
vn 0.0412 0.0199 -0.9990
vn 0.0642 0.0389 -0.9972
vn 0.3357 -0.1694 -0.9266
vn 0.2957 -0.0817 -0.9518
vn 0.0749 0.0843 -0.9936
vn 0.0672 0.1632 -0.9843
vn 0.6605 -0.5006 -0.5596
vn 0.4954 -0.3214 -0.8070
vn 0.4614 -0.2388 -0.8544
vn 0.5771 -0.4104 -0.7061
vn 0.2411 0.0303 -0.9700
vn 0.3384 -0.0899 -0.9367
vn 0.1440 0.1361 -0.9802
vn 0.2060 0.0388 -0.9778
vn 0.0265 0.3058 -0.9517
vn 0.0423 0.2522 -0.9667
vn 0.0022 0.3018 -0.9534
vn 0.0764 0.1449 -0.9865
vn -0.0185 0.2772 -0.9606
vn -0.0903 0.5026 -0.8598
vn 0.4764 -0.3892 -0.7884
vn 0.1330 0.0458 -0.9901
vn 0.3775 -0.4536 -0.8073
vn 0.0645 0.0293 -0.9975
vn 0.0307 0.1250 -0.9917
vn -0.8254 0.5646 -0.0051
vn -0.7669 0.6392 0.0572
vn -0.9206 0.3762 -0.1047
vn -0.8797 0.4721 -0.0571
vn -0.8560 -0.5116 -0.0744
vn -0.9169 -0.3877 -0.0951
vn -0.7847 -0.6178 -0.0506
vn -0.7723 -0.6257 -0.1100
vn -0.9626 0.2067 -0.1751
vn -0.9456 0.2893 -0.1487
vn -0.9861 0.0078 -0.1658
vn -0.9781 0.1092 -0.1769
vn 0.3083 -0.5166 -0.7988
vn 0.0138 0.0149 -0.9998
vn 0.2390 -0.5648 -0.7899
vn -0.0482 -0.0014 -0.9988
vn -0.0457 0.0918 -0.9947
vn -0.0062 0.1080 -0.9941
vn -0.0382 0.2557 -0.9660
vn -0.0531 0.2365 -0.9702
vn -0.0717 0.4614 -0.8843
vn -0.0849 0.4805 -0.8729
vn -0.0465 0.2149 -0.9755
vn -0.0696 0.0714 -0.9950
vn -0.0432 0.1972 -0.9794
vn 0.0216 0.4305 -0.9023
vn -0.0186 0.4421 -0.8968
vn 0.1421 -0.6147 -0.7758
vn -0.0982 -0.0242 -0.9949
vn 0.0193 -0.6632 -0.7482
vn -0.1441 -0.0579 -0.9879
vn -0.0803 0.0522 -0.9954
vn -0.1319 0.7194 -0.6819
vn -0.0688 0.6977 -0.7131
vn -0.1396 0.8721 -0.4689
vn -0.0106 0.8470 -0.5315
vn -0.1027 0.9475 -0.3029
vn 0.1019 0.9154 -0.3894
vn -0.0597 0.9842 -0.1666
vn 0.1669 0.7840 -0.5978
vn 0.3205 0.7140 -0.6225
vn 0.3933 0.7795 -0.4876
vn 0.6426 0.5460 -0.5375
vn 0.6764 0.7078 -0.2034
vn 0.2277 0.9440 -0.2389
vn 0.0415 0.6619 -0.7484
vn 0.1341 0.6421 -0.7548
vn 0.4440 -0.8885 0.1158
vn 0.2929 -0.9461 0.1386
vn 0.2357 -0.9246 0.2992
vn 0.6394 -0.7564 -0.1376
vn 0.4736 -0.8791 0.0539
vn 0.6523 -0.7543 -0.0747
vn 0.6978 -0.6602 -0.2778
vn 0.7196 -0.6751 -0.1624
vn 0.3160 -0.7617 0.5656
vn 0.3964 -0.8600 0.3213
vn 0.3042 -0.7855 0.5390
vn 0.3870 -0.8483 0.3613
vn 0.4818 -0.8747 -0.0533
vn 0.5257 -0.8424 -0.1180
vn 0.4079 -0.8724 0.2694
vn 0.2806 -0.8177 0.5026
vn 0.4117 -0.8903 0.1948
vn 0.2293 -0.8724 0.4316
vn 0.5913 -0.7898 -0.1630
vn 0.5652 -0.7485 -0.3468
vn 0.6478 -0.6738 -0.3553
vn 0.4461 -0.8950 0.0020
vn 0.5049 -0.8155 -0.2828
vn 0.4530 -0.8632 -0.2230
vn 0.8825 -0.4513 0.1325
vn 0.7177 -0.6917 0.0806
vn 0.3830 -0.9237 0.0039
vn 0.6402 -0.7500 0.1665
vn 0.7811 -0.5536 0.2888
vn 0.1942 -0.9807 -0.0244
vn 0.1399 -0.9895 -0.0367
vn 0.2100 -0.9762 -0.0544
vn 0.3685 -0.9296 0.0067
vn 0.5333 -0.8012 0.2714
vn 0.5691 -0.6671 0.4808
vn 0.4010 -0.9156 0.0301
vn 0.4444 -0.8234 0.3529
vn 0.4032 -0.7150 0.5711
vn 0.3963 -0.8370 0.3773
vn 0.3334 -0.7403 0.5837
vn 0.4214 -0.9064 0.0289
vn 0.4042 -0.8963 -0.1824
vn 0.3424 -0.9277 -0.1486
vn 0.3747 -0.9270 0.0168
vn 0.0006 -0.8341 -0.5516
vn 0.2679 -0.9579 -0.1038
vn -0.4230 0.0912 0.9015
vn -0.3997 -0.1318 0.9071
vn -0.4623 0.2414 0.8532
vn -0.2762 0.1955 0.9410
vn -0.2469 0.0707 0.9665
vn -0.2189 -0.1019 0.9704
vn -0.1069 -0.0640 0.9922
vn -0.1330 0.0972 0.9863
vn -0.1463 0.2233 0.9637
vn -0.0503 0.1365 0.9894
vn -0.0309 -0.0294 0.9991
vn -0.3411 0.5903 0.7316
vn -0.2769 0.8577 0.4333
vn -0.2412 0.7030 0.6691
vn -0.3950 0.7530 0.5263
vn -0.1810 0.9395 0.2909
vn -0.1698 0.8171 0.5509
vn -0.5066 0.6809 0.5289
vn -0.4497 0.5378 0.7131
vn 0.0583 0.0150 0.9982
vn -0.0520 0.2824 0.9579
vn 0.0519 0.2039 0.9776
vn 0.0778 0.3851 0.9196
vn 0.2482 0.3300 0.9108
vn 0.2339 0.1072 0.9663
vn 0.5402 0.2726 0.7962
vn 0.3099 0.5258 0.7921
vn 0.5476 0.4890 0.6790
vn 0.5928 0.6007 0.5365
vn 0.7641 0.5376 0.3566
vn 0.7943 0.4049 0.4528
vn 0.2716 0.9549 0.1204
vn 0.5098 0.7856 0.3505
vn 0.1813 0.9234 0.3384
vn 0.6053 0.7688 0.2062
vn 0.9119 0.3324 0.2407
vn 0.8165 0.5106 0.2696
vn -0.0431 0.9132 0.4053
vn -0.0224 0.9885 0.1499
vn 0.8838 0.4345 0.1736
vn 0.7734 0.5672 0.2832
vn 0.8540 0.5026 0.1343
vn 0.8580 0.5025 0.1067
vn 0.9515 0.2861 0.1128
vn 0.9895 0.1372 0.0455
vn 0.9860 0.1401 0.0906
vn 0.9993 -0.0050 0.0366
vn 0.8354 0.1042 0.5397
vn 0.9699 0.1111 0.2166
vn 0.8508 0.0304 0.5245
vn 0.8170 0.2109 0.5368
vn 0.9598 0.1740 0.2202
vn 0.9387 0.2678 0.2169
vn 0.8097 0.2947 0.5074
vn 0.9178 0.3421 0.2014
vn 0.0703 -0.2871 0.9553
vn 0.0965 -0.1999 0.9751
vn 0.1307 -0.2499 0.9594
vn -0.0075 -0.1426 0.9897
vn 0.0363 -0.2363 0.9710
vn 0.0627 -0.1050 0.9925
vn 0.2364 -0.1428 0.9611
vn 0.2756 -0.1912 0.9421
vn 0.5326 -0.0297 0.8459
vn 0.5704 -0.0904 0.8164
vn 0.2128 -0.0412 0.9762
vn 0.5136 0.0804 0.8543
vn 0.2188 0.0235 0.9755
vn 0.5244 0.1617 0.8360
vn -0.0237 -0.0905 0.9956
vn 0.0564 -0.0502 0.9971
vn -0.4255 -0.6444 0.6354
vn -0.2760 -0.4596 0.8441
vn -0.2251 -0.5038 0.8340
vn -0.6024 -0.4436 0.6636
vn -0.4982 -0.5886 0.6367
vn -0.3495 -0.3492 0.8694
vn -0.1141 -0.3523 0.9289
vn -0.0712 -0.3955 0.9157
vn -0.0175 -0.2802 0.9598
vn 0.0204 -0.3282 0.9444
vn -0.1768 -0.2563 0.9503
vn -0.0706 -0.1865 0.9799
vn -0.2036 -0.1916 0.9601
vn -0.0937 -0.1322 0.9868
vn -0.6444 -0.3104 0.6988
vn -0.3784 -0.2576 0.8891
vn -0.6686 -0.6728 0.3169
vn -0.5628 -0.7630 0.3179
vn -0.8098 -0.4758 0.3433
vn -0.8706 -0.3073 0.3842
vn -0.5330 -0.3583 -0.7665
vn -0.5632 -0.2698 -0.7810
vn -0.4884 -0.4378 -0.7549
vn -0.2718 -0.2736 -0.9227
vn -0.9752 -0.1753 -0.1350
vn -0.9615 -0.1792 -0.2082
vn -0.9850 -0.0819 -0.1516
vn -0.9709 -0.0846 -0.2240
vn 0.9989 -0.0124 -0.0449
vn 0.9919 0.0802 -0.0980
vn 0.8353 0.0129 -0.5497
vn 0.8642 0.0846 -0.4960
vn -0.3118 -0.8408 0.4425
vn -0.2448 -0.9679 -0.0569
vn -0.3559 -0.9343 0.0207
vn -0.1966 -0.9208 0.3367
vn -0.1296 -0.9819 -0.1378
vn -0.1338 -0.7669 -0.6277
vn -0.2018 -0.7571 -0.6213
vn -0.3095 -0.7628 -0.5678
vn -0.1298 -0.5384 -0.8326
vn -0.2253 -0.5416 -0.8099
vn -0.0540 -0.5484 -0.8345
vn -0.0423 -0.3214 -0.9460
vn -0.1286 -0.3197 -0.9388
vn -0.0523 -0.1521 -0.9870
vn 0.0374 -0.3256 -0.9448
vn 0.0289 -0.1603 -0.9867
vn 0.1027 -0.1587 -0.9820
vn 0.0881 -0.0289 -0.9957
vn 0.0153 -0.0229 -0.9996
vn 0.1577 0.2313 -0.9600
vn 0.1558 -0.0146 -0.9877
vn 0.2142 0.2364 -0.9478
vn 0.2730 0.3378 -0.9008
vn 0.4144 0.6929 -0.5901
vn 0.3949 0.6665 -0.6324
vn 0.5288 -0.3084 0.7907
vn 0.0865 -0.1051 0.9907
vn 0.4864 -0.1438 0.8618
vn 0.0547 -0.3025 0.9516
vn 0.0697 -0.2259 0.9717
vn -0.1098 -0.2756 0.9550
vn -0.0835 -0.1971 0.9768
vn -0.0468 -0.0874 0.9951
vn 0.4829 0.8756 0.0128
vn 0.4273 0.6582 -0.6198
vn 0.4843 0.8736 0.0478
vn 0.4076 0.8426 0.3519
vn 0.2154 0.9297 0.2988
vn 0.4602 0.8875 -0.0249
vn 0.5510 0.6644 -0.5049
vn 0.0513 -0.0378 -0.9980
vn 0.3142 0.2697 -0.9102
vn 0.3425 0.2511 -0.9053
vn 0.0488 -0.0330 -0.9983
vn 0.2718 0.2767 -0.9217
vn 0.6144 0.6056 -0.5057
vn 0.6594 0.5685 -0.4919
vn -0.6973 -0.7123 0.0796
vn -0.6586 -0.7323 -0.1733
vn -0.6924 -0.7211 -0.0224
vn -0.5935 -0.7650 0.2501
vn -0.6187 -0.7793 -0.0995
vn -0.5212 -0.8535 0.0020
vn -0.5094 -0.7379 -0.4427
vn -0.5738 -0.6830 -0.4519
vn -0.3654 -0.5572 -0.7457
vn -0.4098 -0.5237 -0.7469
vn -0.4247 -0.7711 -0.4743
vn -0.1727 -0.3389 -0.9248
vn -0.1961 -0.3363 -0.9211
vn -0.2192 -0.3224 -0.9209
vn 0.1053 -0.0108 -0.9944
vn -0.1139 -0.0082 -0.9935
vn -0.1204 -0.0313 -0.9922
vn 0.1351 -0.0059 -0.9908
vn -0.9483 -0.0837 -0.3062
vn -0.9362 -0.1773 -0.3035
vn -0.7117 -0.7024 0.0105
vn -0.7832 -0.6187 0.0623
vn -0.8063 -0.5709 0.1547
vn -0.0660 -0.1714 -0.9830
vn -0.0755 -0.1692 -0.9827
vn -0.0619 -0.1651 -0.9843
vn 0.0356 -0.0254 -0.9990
vn 0.6497 0.7491 -0.1293
vn 0.3552 0.9337 0.0446
vn -0.1448 0.9738 0.1755
vn 0.8938 -0.1239 0.4309
vn 0.9118 -0.2458 0.3289
vn 0.9021 -0.3690 0.2237
vn 0.1764 0.2388 -0.9549
vn 0.0145 -0.0219 -0.9997
vn -0.0614 -0.1565 -0.9858
vn -0.1533 -0.3315 -0.9309
vn -0.3540 -0.7777 -0.5194
vn -0.3094 -0.5693 -0.7617
vn -0.2621 -0.5598 -0.7861
vn -0.4149 -0.8125 0.4094
vn -0.4250 -0.9042 0.0432
vn 0.5991 0.7921 0.1164
vn 0.5113 0.7948 -0.3269
vn 0.6324 0.6591 0.4070
vn 0.4871 0.8704 0.0717
vn 0.4637 0.7877 0.4056
vn 0.7547 0.6294 0.1850
vn 0.6442 0.7635 0.0450
vn 0.8577 0.4195 0.2972
vn -0.1638 -0.0588 0.9847
vn -0.2119 -0.1686 0.9626
vn -0.2410 -0.2582 0.9355
vn -0.5564 -0.1034 0.8245
vn -0.5016 0.0475 0.8638
vn -0.8773 0.2124 0.4304
vn -0.6346 -0.1789 0.7518
vn -0.9247 0.0788 0.3725
vn -0.4234 0.2243 0.8777
vn -0.7674 0.4257 0.4795
vn -0.3182 0.3848 0.8664
vn -0.8292 0.3218 0.4570
vn -0.9360 0.3520 -0.0000
vn 0.0405 0.1017 0.9940
vn 0.0218 0.2965 0.9548
vn 0.1187 0.2516 0.9605
vn -0.0678 0.1355 0.9885
vn 0.8936 0.0570 0.4452
vn 0.8837 0.0025 0.4680
vn 0.4994 0.0351 0.8656
vn 0.5558 0.1296 0.8212
vn 0.2252 0.2095 0.9515
vn 0.1521 0.0776 0.9853
vn -0.7237 -0.6864 -0.0707
vn -0.7390 -0.6734 -0.0214
vn -0.7438 -0.6684 -0.0000
vn -0.6941 -0.6879 -0.2121
vn -0.6144 -0.6335 -0.4702
vn 0.7903 0.6012 -0.1181
vn 0.7426 0.6584 -0.1226
vn 0.7032 0.5198 -0.4851
vn 0.3641 0.2298 -0.9025
vn 0.0489 -0.0387 -0.9981
vn -0.0884 -0.1611 -0.9830
vn -0.2429 -0.3031 -0.9215
vn -0.4449 -0.4872 -0.7515
vn 0.7036 0.6984 -0.1309
vn -0.9130 -0.2807 -0.2959
vn -0.9403 -0.2833 -0.1884
vn -0.8114 -0.2543 -0.5264
vn -0.5889 -0.1905 -0.7854
vn -0.3295 -0.1156 -0.9371
vn 0.9760 0.1817 -0.1204
vn 0.8605 0.1505 -0.4868
vn -0.1223 -0.0595 -0.9907
vn 0.0754 -0.0172 -0.9970
vn 0.4601 0.0597 -0.8858
vn 0.4718 0.0211 -0.8814
vn -0.9536 -0.2781 -0.1157
vn 0.3904 0.0072 -0.9206
vn 0.8814 0.4724 -0.0000
vn 0.9999 -0.0144 -0.0000
vn -0.3464 0.9381 -0.0000
vn -0.0775 -0.9908 0.1106
vn 0.5601 -0.4589 0.6897
vn 0.4333 0.8184 0.3774
vn -0.9517 -0.0009 0.3069
vt 0.767826 0.887226
vt 0.763484 0.888000
vt 0.767865 0.887227
vt 0.763471 0.888000
vt 0.759103 0.888774
vt 0.759088 0.888774
vt 0.763497 0.888000
vt 0.767905 0.887227
vt 0.753469 0.902182
vt 0.751719 0.913178
vt 0.753499 0.901816
vt 0.751714 0.913269
vt 0.750705 0.927450
vt 0.750697 0.927451
vt 0.751730 0.912850
vt 0.753879 0.897798
vt 0.755364 0.955547
vt 0.765224 0.960744
vt 0.755300 0.955555
vt 0.765702 0.960739
vt 0.771716 0.961486
vt 0.776042 0.961486
vt 0.765639 0.960745
vt 0.755274 0.955556
vt 0.756321 0.894704
vt 0.753666 0.902182
vt 0.753588 0.902182
vt 0.760129 0.890321
vt 0.756445 0.894704
vt 0.760322 0.890321
vt 0.756590 0.894704
vt 0.753757 0.902182
vt 0.759967 0.890321
vt 0.764657 0.888220
vt 0.760129 0.890321
vt 0.764575 0.888199
vt 0.769908 0.887463
vt 0.769978 0.887484
vt 0.764840 0.888225
vt 0.760322 0.890321
vt 0.765024 0.888231
vt 0.760510 0.890321
vt 0.770066 0.887518
vt 0.768998 0.887742
vt 0.765087 0.888258
vt 0.760690 0.890321
vt 0.756732 0.894704
vt 0.753848 0.902182
vt 0.760510 0.890321
vt 0.760691 0.890321
vt 0.756869 0.894704
vt 0.753937 0.902182
vt 0.753485 0.902182
vt 0.756215 0.894613
vt 0.753528 0.901816
vt 0.756170 0.894704
vt 0.759913 0.890321
vt 0.760108 0.890321
vt 0.756295 0.894156
vt 0.753917 0.897798
vt 0.750722 0.927448
vt 0.750896 0.943146
vt 0.750705 0.927450
vt 0.750943 0.943141
vt 0.755300 0.955555
vt 0.755274 0.955556
vt 0.750877 0.943147
vt 0.750697 0.927451
vt 0.752845 0.899603
vt 0.756132 0.894382
vt 0.752848 0.899603
vt 0.756161 0.894382
vt 0.759960 0.890321
vt 0.759812 0.890321
vt 0.756103 0.894382
vt 0.752851 0.899603
vt 0.764663 0.888226
vt 0.765087 0.888226
vt 0.769897 0.887484
vt 0.767537 0.887484
vt 0.764072 0.888226
vt 0.764359 0.888193
vt 0.759870 0.890321
vt 0.764281 0.888193
vt 0.769450 0.887226
vt 0.771203 0.887226
vt 0.753909 0.897798
vt 0.756248 0.894613
vt 0.753568 0.901816
vt 0.756235 0.894156
vt 0.756321 0.894704
vt 0.753587 0.902182
vt 0.756829 0.893318
vt 0.753952 0.900366
vt 0.760412 0.889323
vt 0.760192 0.887106
vt 0.756795 0.890049
vt 0.753962 0.895943
vt 0.764312 0.887237
vt 0.767716 0.886489
vt 0.763708 0.884919
vt 0.760192 0.887106
vt 0.763390 0.880290
vt 0.760071 0.882859
vt 0.766718 0.883545
vt 0.765999 0.863055
vt 0.763248 0.873758
vt 0.760009 0.877394
vt 0.753962 0.895943
vt 0.756773 0.883376
vt 0.753957 0.886030
vt 0.756795 0.890049
vt 0.756757 0.873758
vt 0.753967 0.863055
vt 0.781250 0.961487
vt 0.766164 0.960943
vt 0.780626 0.961454
vt 0.766213 0.961141
vt 0.751891 0.959714
vt 0.765652 0.960757
vt 0.776259 0.961229
vt 0.771683 0.960994
vt 0.751906 0.959409
vt 0.765132 0.960663
vt 0.751907 0.959281
vt 0.765028 0.960648
vt 0.771267 0.960971
vt 0.751784 0.960084
vt 0.750892 0.943328
vt 0.750833 0.943529
vt 0.750927 0.927271
vt 0.750933 0.927218
vt 0.750902 0.943162
vt 0.750906 0.927336
vt 0.751718 0.912849
vt 0.751772 0.912836
vt 0.753114 0.899152
vt 0.751783 0.912821
vt 0.750940 0.927196
vt 0.751788 0.913146
vt 0.751808 0.913237
vt 0.750952 0.927193
vt 0.750904 0.943093
vt 0.750908 0.943083
vt 0.751907 0.959263
vt 0.777764 0.903267
vt 0.775311 0.895650
vt 0.778091 0.896702
vt 0.774743 0.902704
vt 0.772741 0.894417
vt 0.772113 0.888114
vt 0.775598 0.891423
vt 0.778750 0.892894
vt 0.775729 0.889094
vt 0.779901 0.890042
vt 0.771394 0.887983
vt 0.775644 0.887826
vt 0.780959 0.888114
vt 0.771683 0.960995
vt 0.765132 0.960654
vt 0.751907 0.959263
vt 0.765652 0.960681
vt 0.766276 0.960713
vt 0.751907 0.959263
vt 0.766276 0.961100
vt 0.751907 0.960002
vt 0.766276 0.961487
vt 0.750904 0.943174
vt 0.750932 0.927558
vt 0.750864 0.943631
vt 0.751840 0.913328
vt 0.753666 0.902182
vt 0.751848 0.913575
vt 0.750543 0.931576
vt 0.750417 0.926613
vt 0.753757 0.902182
vt 0.751873 0.913194
vt 0.753848 0.902182
vt 0.751918 0.913076
vt 0.750407 0.925904
vt 0.750844 0.942922
vt 0.750387 0.925904
vt 0.750850 0.943187
vt 0.750456 0.925356
vt 0.750814 0.943068
vt 0.751899 0.961486
vt 0.750678 0.961487
vt 0.750879 0.921520
vt 0.750598 0.942889
vt 0.750859 0.922357
vt 0.750367 0.941086
vt 0.750217 0.961487
vt 0.751977 0.912528
vt 0.750920 0.925427
vt 0.753953 0.900366
vt 0.751997 0.911274
vt 0.751999 0.906887
vt 0.751967 0.897255
vt 0.750802 0.914533
vt 0.751736 0.881284
vt 0.750688 0.899654
vt 0.750256 0.936281
vt 0.750027 0.961487
vt 0.750213 0.923098
vt 0.750000 0.961486
vt 0.781358 0.887337
vt 0.775551 0.887259
vt 0.781344 0.887226
vt 0.775661 0.887330
vt 0.770066 0.887518
vt 0.769978 0.887484
vt 0.781288 0.887226
vt 0.775472 0.887226
vt 0.781250 0.887226
vt 0.775439 0.887253
vt 0.769908 0.887463
vt 0.781250 0.887227
vt 0.774402 0.887232
vt 0.781250 0.887226
vt 0.774444 0.887253
vt 0.767422 0.887259
vt 0.767490 0.887227
vt 0.774370 0.887226
vt 0.781250 0.887226
vt 0.781250 0.887226
vt 0.775196 0.887253
vt 0.781250 0.887226
vt 0.775200 0.887232
vt 0.775220 0.887226
vt 0.768990 0.887259
vt 0.775973 0.887259
vt 0.775591 0.887259
vt 0.770576 0.887484
vt 0.750168 0.894496
vt 0.750070 0.916088
vt 0.750451 0.875333
vt 0.750070 0.839062
vt 0.750105 0.857919
vt 0.750140 0.870689
vt 0.751092 0.859959
vt 0.752010 0.845797
vt 0.750836 0.823315
vt 0.750473 0.833425
vt 0.750148 0.803850
vt 0.750020 0.810065
vt 0.750261 0.797197
vt 0.750000 0.769236
vt 0.749996 0.772125
vt 0.749878 0.775015
vt 0.750137 0.872091
vt 0.750409 0.818580
vt 0.750928 0.826419
vt 0.750105 0.858933
vt 0.750020 0.811079
vt 0.750563 0.778249
vt 0.752084 0.781928
vt 0.750000 0.887227
vt 0.754987 0.857729
vt 0.750000 0.857729
vt 0.755013 0.887227
vt 0.759974 0.857729
vt 0.754961 0.828231
vt 0.750000 0.828231
vt 0.765039 0.887227
vt 0.760026 0.887227
vt 0.770052 0.887227
vt 0.764961 0.857729
vt 0.769948 0.857729
vt 0.764883 0.828231
vt 0.759922 0.828231
vt 0.759870 0.798733
vt 0.769844 0.828231
vt 0.764805 0.798733
vt 0.769739 0.798733
vt 0.764726 0.769236
vt 0.759818 0.769236
vt 0.750000 0.798733
vt 0.754935 0.798733
vt 0.754909 0.769236
vt 0.770717 0.957197
vt 0.762643 0.961540
vt 0.762437 0.961568
vt 0.777675 0.956430
vt 0.770985 0.960915
vt 0.779272 0.960443
vt 0.771596 0.961508
vt 0.761941 0.961521
vt 0.772030 0.961508
vt 0.763196 0.961507
vt 0.765413 0.961523
vt 0.781250 0.961495
vt 0.771484 0.961498
vt 0.781250 0.961491
vt 0.771078 0.961487
vt 0.762370 0.961487
vt 0.754315 0.961906
vt 0.754020 0.961727
vt 0.753236 0.961801
vt 0.755089 0.961807
vt 0.755668 0.961657
vt 0.754647 0.961600
vt 0.752952 0.961646
vt 0.752158 0.961696
vt 0.756689 0.961714
vt 0.758826 0.961595
vt 0.763466 0.961556
vt 0.759664 0.961632
vt 0.763138 0.961539
vt 0.758172 0.961559
vt 0.753625 0.961543
vt 0.757202 0.961523
vt 0.756266 0.961487
vt 0.752604 0.961487
vt 0.751883 0.961567
vt 0.751079 0.961591
vt 0.750814 0.961487
vt 0.750000 0.961487
vt 0.771506 0.823015
vt 0.781241 0.815285
vt 0.781235 0.825621
vt 0.763617 0.818982
vt 0.771309 0.819393
vt 0.763063 0.830030
vt 0.770544 0.810486
vt 0.781246 0.802051
vt 0.781249 0.783363
vt 0.761829 0.825255
vt 0.768945 0.793354
vt 0.758971 0.810493
vt 0.767041 0.766753
vt 0.781250 0.758023
vt 0.757996 0.854215
vt 0.758920 0.851111
vt 0.755255 0.886764
vt 0.753887 0.884578
vt 0.756537 0.850875
vt 0.756686 0.884150
vt 0.753825 0.923255
vt 0.755357 0.919437
vt 0.753000 0.961749
vt 0.752083 0.961679
vt 0.752658 0.922254
vt 0.751422 0.919613
vt 0.752201 0.878769
vt 0.751105 0.961591
vt 0.750090 0.961495
vt 0.750115 0.916092
vt 0.754130 0.840810
vt 0.750928 0.826419
vt 0.771957 0.901980
vt 0.770757 0.892980
vt 0.767967 0.897377
vt 0.769634 0.900679
vt 0.770222 0.883935
vt 0.771396 0.887180
vt 0.767049 0.890459
vt 0.769303 0.889663
vt 0.767967 0.897377
vt 0.766590 0.878544
vt 0.768493 0.882764
vt 0.768099 0.870977
vt 0.769507 0.877075
vt 0.770222 0.883935
vt 0.768139 0.876459
vt 0.768764 0.883381
vt 0.769191 0.865372
vt 0.769507 0.877075
vt 0.768069 0.864448
vt 0.766203 0.877092
vt 0.773193 0.888775
vt 0.769977 0.886648
vt 0.771529 0.888065
vt 0.771531 0.887263
vt 0.767716 0.886489
vt 0.768998 0.887743
vt 0.766259 0.860754
vt 0.768099 0.870978
vt 0.766590 0.878544
vt 0.765937 0.837975
vt 0.767826 0.853667
vt 0.767553 0.831862
vt 0.769028 0.849128
vt 0.765578 0.811623
vt 0.765192 0.783443
vt 0.767180 0.805460
vt 0.766798 0.777518
vt 0.768321 0.801907
vt 0.769010 0.834692
vt 0.769164 0.827814
vt 0.768011 0.773544
vt 0.769017 0.799199
vt 0.768907 0.771016
vt 0.769526 0.797505
vt 0.769417 0.825773
vt 0.769012 0.848321
vt 0.768879 0.828243
vt 0.768529 0.847233
vt 0.769148 0.827008
vt 0.767949 0.846104
vt 0.775234 0.651245
vt 0.769218 0.651245
vt 0.781250 0.651245
vt 0.775234 0.651702
vt 0.781250 0.652160
vt 0.775234 0.652845
vt 0.769218 0.651245
vt 0.769210 0.651245
vt 0.781250 0.654445
vt 0.775237 0.656828
vt 0.781250 0.660723
vt 0.775312 0.673340
vt 0.769151 0.651245
vt 0.767724 0.826326
vt 0.757952 0.782555
vt 0.754197 0.826325
vt 0.781250 0.826328
vt 0.769601 0.782556
vt 0.781250 0.782557
vt 0.771479 0.738786
vt 0.761707 0.738785
vt 0.765463 0.695015
vt 0.781250 0.738786
vt 0.773356 0.695015
vt 0.781250 0.695016
vt 0.753874 0.961788
vt 0.758208 0.903031
vt 0.758035 0.927061
vt 0.755357 0.919437
vt 0.758862 0.872899
vt 0.761275 0.885514
vt 0.761447 0.905615
vt 0.759993 0.841800
vt 0.758920 0.851111
vt 0.761469 0.810601
vt 0.761520 0.830893
vt 0.761318 0.859625
vt 0.763781 0.847638
vt 0.761318 0.859625
vt 0.761802 0.800909
vt 0.763536 0.820450
vt 0.763289 0.791516
vt 0.765578 0.811623
vt 0.765937 0.837975
vt 0.761275 0.885514
vt 0.764347 0.889811
vt 0.761447 0.905615
vt 0.764034 0.871337
vt 0.766259 0.860754
vt 0.762681 0.943314
vt 0.766545 0.943728
vt 0.759583 0.961628
vt 0.760004 0.941839
vt 0.765464 0.926332
vt 0.768748 0.927308
vt 0.756600 0.961695
vt 0.758555 0.938011
vt 0.754851 0.961755
vt 0.761954 0.917687
vt 0.763178 0.923681
vt 0.761954 0.917687
vt 0.765897 0.908687
vt 0.763178 0.923681
vt 0.764844 0.901891
vt 0.765464 0.926332
vt 0.770562 0.913069
vt 0.768748 0.927308
vt 0.767832 0.911865
vt 0.777675 0.956430
vt 0.771657 0.943603
vt 0.777261 0.943456
vt 0.772819 0.927801
vt 0.777304 0.928159
vt 0.773879 0.913691
vt 0.777499 0.914145
vt 0.772819 0.927801
vt 0.774743 0.902704
vt 0.760564 0.888516
vt 0.756087 0.894414
vt 0.759283 0.888741
vt 0.756191 0.894521
vt 0.756093 0.893963
vt 0.759088 0.888774
vt 0.774909 0.887227
vt 0.774737 0.887226
vt 0.774565 0.887226
vt 0.768223 0.887226
vt 0.768568 0.887227
vt 0.781250 0.961486
vt 0.766186 0.961178
vt 0.781250 0.961486
vt 0.766451 0.960793
vt 0.752112 0.959714
vt 0.767637 0.887227
vt 0.763565 0.888193
vt 0.767933 0.887227
vt 0.763411 0.888193
vt 0.759520 0.890321
vt 0.759570 0.890321
vt 0.763719 0.888193
vt 0.768229 0.887227
vt 0.759471 0.890321
vt 0.756105 0.894609
vt 0.753461 0.902182
vt 0.756088 0.894704
vt 0.753503 0.901800
vt 0.756163 0.894135
vt 0.751708 0.913269
vt 0.750695 0.927451
vt 0.751712 0.913256
vt 0.750660 0.927810
vt 0.751724 0.913076
vt 0.753956 0.897626
vt 0.750212 0.943888
vt 0.750000 0.961487
vt 0.750203 0.943979
vt 0.750000 0.961487
vt 0.750159 0.944431
vt 0.750272 0.931791
vt 0.759200 0.923325
vt 0.763891 0.904244
vt 0.761758 0.911980
vt 0.758835 0.924356
vt 0.763418 0.905539
vt 0.766311 0.887484
vt 0.767768 0.887259
vt 0.750055 0.955556
vt 0.750190 0.960095
vt 0.750190 0.960095
vt 0.750051 0.956050
vt 0.750184 0.960713
vt 0.751470 0.955298
vt 0.751470 0.955298
vt 0.751470 0.955298
vt 0.750320 0.943888
vt 0.750694 0.927451
vt 0.750755 0.943765
vt 0.750651 0.961487
vt 0.750000 0.961486
vt 0.750213 0.943765
vt 0.763320 0.888188
vt 0.768407 0.887957
vt 0.767637 0.887226
vt 0.758046 0.890578
vt 0.763470 0.888349
vt 0.759353 0.890342
vt 0.763434 0.888849
vt 0.768436 0.893415
vt 0.756067 0.894618
vt 0.755962 0.894188
vt 0.753496 0.901816
vt 0.753461 0.902182
vt 0.759471 0.890321
vt 0.750802 0.927424
vt 0.751750 0.913170
vt 0.750859 0.927389
vt 0.751731 0.913266
vt 0.759744 0.890321
vt 0.764591 0.888193
vt 0.764272 0.888199
vt 0.769961 0.887226
vt 0.770735 0.887226
vt 0.765106 0.888193
vt 0.774159 0.887232
vt 0.777075 0.887871
vt 0.778981 0.887226
vt 0.774056 0.887506
vt 0.774260 0.888774
vt 0.778981 0.893415
vt 0.753879 0.897798
vt 0.751717 0.913178
vt 0.751730 0.912850
vt 0.751708 0.913269
vt 0.765625 0.961486
vt 0.750000 0.961487
vt 0.765717 0.960713
vt 0.781250 0.960713
vt 0.766360 0.955298
vt 0.770332 0.923325
vt 0.781252 0.906118
vt 0.781250 0.924356
vt 0.772089 0.905808
vt 0.763179 0.904467
vt 0.773674 0.889423
vt 0.781263 0.889839
vt 0.750217 0.943271
vt 0.750051 0.956050
vt 0.750219 0.943147
vt 0.753461 0.902182
vt 0.751708 0.913269
vt 0.753461 0.902182
vt 0.751708 0.913269
vt 0.751708 0.913269
vt 0.753461 0.902182
vt 0.756088 0.894704
vt 0.759471 0.890321
vt 0.756088 0.894704
vt 0.759471 0.890321
vt 0.765182 0.893135
vt 0.763158 0.888865
vt 0.759471 0.890321
vt 0.763245 0.888226
vt 0.750007 0.960745
vt 0.754928 0.960713
vt 0.750000 0.961486
vt 0.750724 0.960589
vt 0.752090 0.955298
vt 0.756433 0.955298
vt 0.775895 0.961489
vt 0.765168 0.960713
vt 0.771710 0.960839
vt 0.764956 0.961487
vt 0.766329 0.955298
vt 0.776042 0.955298
vt 0.758821 0.924356
vt 0.763100 0.905947
vt 0.758819 0.924356
vt 0.762980 0.906463
vt 0.763328 0.906565
vt 0.770034 0.924356
vt 0.763228 0.905791
vt 0.781250 0.905791
vt 0.772239 0.905791
vt 0.774444 0.887226
vt 0.767637 0.887226
vt 0.766360 0.955298
vt 0.754593 0.942148
vt 0.751470 0.955298
vt 0.781250 0.955298
vt 0.767922 0.942148
vt 0.781250 0.924356
vt 0.770034 0.924356
vt 0.758819 0.924356
vt 0.751470 0.955298
vt 0.754595 0.942148
vt 0.751470 0.955298
vt 0.754593 0.942148
vt 0.758821 0.924357
vt 0.758835 0.924357
vt 0.780599 0.942148
vt 0.768348 0.941890
vt 0.758969 0.941116
vt 0.755136 0.941890
vt 0.774159 0.887232
vt 0.767519 0.887227
vt 0.774335 0.887226
vt 0.774370 0.887226
vt 0.763410 0.888038
vt 0.758958 0.888999
vt 0.763320 0.888188
vt 0.767771 0.887227
vt 0.763497 0.888000
vt 0.781250 0.961486
vt 0.766174 0.960869
vt 0.780599 0.961486
vt 0.766276 0.961486
vt 0.755260 0.956050
vt 0.755274 0.955556
vt 0.765639 0.960745
vt 0.755208 0.961486
vt 0.750869 0.943271
vt 0.750695 0.927451
vt 0.750697 0.927451
vt 0.750877 0.943147
vt 0.750695 0.927451
vt 0.751673 0.912871
vt 0.753097 0.899152
vt 0.751730 0.912850
vt 0.752837 0.899603
vt 0.755962 0.894188
vt 0.755962 0.894188
vt 0.752837 0.899603
vt 0.750000 0.961487
vt 0.765625 0.961486
vt 0.765625 0.961486
vt 0.771043 0.887226
vt 0.763844 0.888183
vt 0.768837 0.887463
vt 0.764273 0.888199
vt 0.759706 0.890170
vt 0.763461 0.888000
vt 0.766298 0.887484
vt 0.756160 0.894666
vt 0.753477 0.902182
vt 0.756191 0.894521
vt 0.759706 0.890170
vt 0.755036 0.956179
vt 0.766325 0.960721
vt 0.755483 0.955521
vt 0.766451 0.960793
vt 0.780601 0.961486
vt 0.776057 0.961486
vt 0.753485 0.902182
vt 0.751721 0.913268
vt 0.751731 0.913266
vt 0.750755 0.927442
vt 0.751714 0.913269
vt 0.753469 0.902182
vt 0.755364 0.955547
vt 0.751030 0.943122
vt 0.755483 0.955521
vt 0.750943 0.943141
vt 0.751055 0.943192
vt 0.755036 0.956180
vt 0.774801 0.887253
vt 0.768837 0.887463
vt 0.775218 0.887227
vt 0.750800 0.943572
vt 0.763484 0.888000
vt 0.759117 0.888774
vt 0.753469 0.902182
vt 0.751710 0.913269
vt 0.753464 0.902182
vt 0.750704 0.927450
vt 0.750722 0.927448
vt 0.750089 0.961487
vt 0.764564 0.961487
vt 0.765020 0.961486
vt 0.750045 0.961487
vt 0.764974 0.961486
vt 0.771716 0.961486
vt 0.756321 0.894704
vt 0.753588 0.902182
vt 0.753757 0.902182
vt 0.756445 0.894704
vt 0.760129 0.890321
vt 0.759968 0.890321
vt 0.759967 0.890321
vt 0.764657 0.888220
vt 0.764575 0.888199
vt 0.760129 0.890321
vt 0.764840 0.888226
vt 0.769978 0.887484
vt 0.769908 0.887463
vt 0.765024 0.888231
vt 0.760510 0.890321
vt 0.768998 0.887742
vt 0.770066 0.887518
vt 0.756732 0.894704
vt 0.756590 0.894704
vt 0.753848 0.902182
vt 0.760510 0.890321
vt 0.756214 0.894613
vt 0.756170 0.894704
vt 0.753528 0.901816
vt 0.759913 0.890321
vt 0.759744 0.890321
vt 0.750722 0.927448
vt 0.750346 0.943888
vt 0.750825 0.943759
vt 0.750704 0.927450
vt 0.750692 0.961487
vt 0.755268 0.961486
vt 0.756132 0.894382
vt 0.759960 0.890321
vt 0.767537 0.887484
vt 0.769897 0.887484
vt 0.764359 0.888193
vt 0.759870 0.890321
vt 0.769208 0.887226
vt 0.753909 0.897798
vt 0.756248 0.894613
vt 0.753587 0.902182
vt 0.756829 0.893318
vt 0.753952 0.900366
vt 0.760192 0.887106
vt 0.764312 0.887237
vt 0.760412 0.889323
vt 0.767716 0.886489
vt 0.768998 0.887743
vt 0.760192 0.887106
vt 0.763390 0.880290
vt 0.760071 0.882859
vt 0.766203 0.877092
vt 0.766718 0.883545
vt 0.753962 0.895943
vt 0.756773 0.883376
vt 0.756795 0.890049
vt 0.766268 0.960939
vt 0.766213 0.961141
vt 0.751891 0.959696
vt 0.771684 0.960994
vt 0.765028 0.960648
vt 0.751302 0.959939
vt 0.751302 0.959939
vt 0.750892 0.943325
vt 0.750902 0.943150
vt 0.750933 0.927218
vt 0.750927 0.927271
vt 0.750906 0.927336
vt 0.751718 0.912849
vt 0.751772 0.912836
vt 0.751783 0.912821
vt 0.753917 0.897798
vt 0.750940 0.927196
vt 0.750952 0.927193
vt 0.751788 0.913146
vt 0.751808 0.913237
vt 0.751926 0.959972
vt 0.751302 0.959939
vt 0.750904 0.943089
vt 0.750908 0.943083
vt 0.775311 0.895650
vt 0.774743 0.902704
vt 0.775598 0.891423
vt 0.772741 0.894417
vt 0.771957 0.901980
vt 0.775644 0.887826
vt 0.771394 0.887983
vt 0.771683 0.960995
vt 0.765132 0.960665
vt 0.765652 0.960788
vt 0.766172 0.961105
vt 0.751907 0.960003
vt 0.751283 0.959230
vt 0.750904 0.943174
vt 0.750932 0.927558
vt 0.751840 0.913328
vt 0.751848 0.913575
vt 0.751873 0.913194
vt 0.753757 0.902182
vt 0.750850 0.943187
vt 0.750814 0.943068
vt 0.750367 0.941086
vt 0.750598 0.942889
vt 0.750859 0.922357
vt 0.750921 0.925427
vt 0.750879 0.921520
vt 0.751999 0.906887
vt 0.751997 0.911274
vt 0.753952 0.900366
vt 0.751967 0.897255
vt 0.750802 0.914533
vt 0.751736 0.881284
vt 0.750256 0.936281
vt 0.750213 0.923098
vt 0.750688 0.899654
vt 0.775551 0.887259
vt 0.775661 0.887330
vt 0.770066 0.887518
vt 0.774444 0.887253
vt 0.774370 0.887226
vt 0.766298 0.887484
vt 0.775196 0.887253
vt 0.775591 0.887259
vt 0.750168 0.894496
vt 0.750450 0.875333
vt 0.750472 0.833425
vt 0.750148 0.803850
vt 0.749996 0.772125
vt 0.750409 0.818580
vt 0.750928 0.826419
vt 0.750563 0.778249
vt 0.750070 0.847178
vt 0.754961 0.828231
vt 0.759974 0.857729
vt 0.759922 0.828231
vt 0.764961 0.857729
vt 0.764883 0.828231
vt 0.759870 0.798734
vt 0.759818 0.769236
vt 0.764804 0.798733
vt 0.764726 0.769236
vt 0.754935 0.798734
vt 0.754909 0.769236
vt 0.770717 0.957197
vt 0.770985 0.960914
vt 0.763196 0.961507
vt 0.765413 0.961523
vt 0.771484 0.961498
vt 0.754020 0.961726
vt 0.754647 0.961600
vt 0.755668 0.961657
vt 0.758826 0.961595
vt 0.758172 0.961559
vt 0.753625 0.961543
vt 0.751883 0.961567
vt 0.770544 0.810486
vt 0.763063 0.830030
vt 0.768945 0.793354
vt 0.767041 0.766753
vt 0.761829 0.825255
vt 0.753887 0.884578
vt 0.755255 0.886764
vt 0.756686 0.884150
vt 0.753825 0.923255
vt 0.752658 0.922254
vt 0.753874 0.961788
vt 0.751422 0.919613
vt 0.756537 0.850875
vt 0.770757 0.892980
vt 0.769303 0.889663
vt 0.767967 0.897377
vt 0.769303 0.889663
vt 0.767049 0.890459
vt 0.767967 0.897377
vt 0.768494 0.882764
vt 0.768099 0.870977
vt 0.768139 0.876459
vt 0.768764 0.883381
vt 0.769977 0.886648
vt 0.768099 0.870977
vt 0.766259 0.860754
vt 0.766590 0.878544
vt 0.767826 0.853667
vt 0.769028 0.849128
vt 0.765937 0.837975
vt 0.765578 0.811623
vt 0.767180 0.805460
vt 0.768321 0.801907
vt 0.769017 0.799199
vt 0.768529 0.847233
vt 0.775234 0.651702
vt 0.775237 0.656828
vt 0.775312 0.673340
vt 0.769601 0.782556
vt 0.771479 0.738786
vt 0.755357 0.919437
vt 0.758035 0.927061
vt 0.758862 0.872900
vt 0.756686 0.884150
vt 0.758920 0.851111
vt 0.761318 0.859625
vt 0.763781 0.847638
vt 0.761519 0.830893
vt 0.761318 0.859624
vt 0.763536 0.820450
vt 0.765578 0.811623
vt 0.761275 0.885514
vt 0.761447 0.905615
vt 0.766545 0.943728
vt 0.765464 0.926332
vt 0.760004 0.941839
vt 0.763178 0.923681
vt 0.765897 0.908687
vt 0.764845 0.901891
vt 0.770562 0.913069
vt 0.765464 0.926332
vt 0.771957 0.901980
vt 0.769634 0.900679
vt 0.771657 0.943603
vt 0.772819 0.927801
vt 0.773879 0.913691
vt 0.772819 0.927801
vt 0.774743 0.902704
vt 0.756079 0.894505
vt 0.756191 0.894521
vt 0.756040 0.894511
vt 0.753464 0.902182
vt 0.753469 0.902182
vt 0.766186 0.961178
vt 0.766451 0.960793
vt 0.755036 0.956179
vt 0.763565 0.888193
vt 0.756105 0.894609
vt 0.753956 0.897626
vt 0.751712 0.913256
vt 0.750660 0.927810
vt 0.750224 0.943231
vt 0.750253 0.943653
vt 0.750222 0.955532
vt 0.759200 0.923325
vt 0.761758 0.911980
vt 0.763418 0.905539
vt 0.766311 0.887484
vt 0.763100 0.905947
vt 0.758835 0.924357
vt 0.750466 0.961234
vt 0.750007 0.960745
vt 0.750006 0.960869
vt 0.750184 0.960713
vt 0.751470 0.955298
vt 0.754478 0.960842
vt 0.750695 0.927451
vt 0.750211 0.943888
vt 0.750694 0.927451
vt 0.750211 0.943888
vt 0.768154 0.888129
vt 0.763468 0.888032
vt 0.768481 0.887484
vt 0.764743 0.893673
vt 0.763390 0.888161
vt 0.763001 0.888806
vt 0.759088 0.888774
vt 0.756070 0.894505
vt 0.760513 0.888516
vt 0.759266 0.888741
vt 0.750802 0.927424
vt 0.751750 0.913170
vt 0.751731 0.913266
vt 0.750859 0.927389
vt 0.764590 0.888193
vt 0.764273 0.888199
vt 0.777075 0.887871
vt 0.774266 0.887259
vt 0.773938 0.888032
vt 0.773324 0.893441
vt 0.751708 0.913269
vt 0.750695 0.927451
vt 0.765734 0.961486
vt 0.766151 0.960713
vt 0.766468 0.955298
vt 0.770331 0.923325
vt 0.772089 0.905808
vt 0.773674 0.889423
vt 0.753461 0.902182
vt 0.759558 0.890170
vt 0.756167 0.894521
vt 0.756110 0.894666
vt 0.764874 0.893157
vt 0.763179 0.888774
vt 0.764743 0.893673
vt 0.763103 0.888833
vt 0.754844 0.960841
vt 0.750222 0.955532
vt 0.750756 0.955264
vt 0.755208 0.961487
vt 0.750564 0.960739
vt 0.765118 0.961216
vt 0.765364 0.960847
vt 0.765625 0.960713
vt 0.758821 0.924356
vt 0.762903 0.906468
vt 0.762866 0.906597
vt 0.770034 0.924356
vt 0.772070 0.906570
vt 0.780967 0.906565
vt 0.781250 0.924356
vt 0.767922 0.942148
vt 0.781250 0.942148
vt 0.781250 0.955298
vt 0.754411 0.942921
vt 0.754410 0.942921
vt 0.754409 0.942921
vt 0.781250 0.942921
vt 0.766276 0.961486
vt 0.768368 0.942664
vt 0.758816 0.941890
vt 0.754956 0.942664
vt 0.774384 0.887226
vt 0.763430 0.888000
vt 0.763363 0.888000
vt 0.765625 0.961486
vt 0.750212 0.943888
vt 0.750212 0.943888
vt 0.750212 0.943888
vt 0.756040 0.894511
vt 0.756041 0.894511
vt 0.753461 0.902182
vt 0.765625 0.961486
vt 0.763844 0.888183
vt 0.764273 0.888199
vt 0.768837 0.887463
vt 0.763461 0.888000
vt 0.759706 0.890170
vt 0.759744 0.890321
vt 0.756160 0.894666
vt 0.756191 0.894521
vt 0.753477 0.902182
vt 0.759706 0.890170
vt 0.755036 0.956179
vt 0.766429 0.960846
vt 0.766451 0.960793
vt 0.755474 0.956016
vt 0.766317 0.961486
vt 0.753485 0.902182
vt 0.750755 0.927442
vt 0.750802 0.927424
vt 0.751028 0.943246
vt 0.755474 0.956016
vt 0.751055 0.943192
vt 0.750755 0.927442
vt 0.750722 0.927448
vt 0.774801 0.887253
vt 0.768837 0.887463
vt 0.750800 0.943572
vt 0.750722 0.927448
vt 0.759968 0.890321
vt 0.755364 0.955547
vt 0.769190 0.887226
vt 0.769635 0.769236
vt 0.769303 0.889663
vt 0.769191 0.865372
vt 0.769635 0.769236
vt 0.781251 0.678603
vt 0.761803 0.800909
vt 0.765192 0.783443
vt 0.767879 0.887226
vt 0.750000 0.961487
vt 0.766084 0.889007
vt 0.750694 0.927451
vt 0.781250 0.942148
vt 0.780967 0.887226
vt 0.759744 0.890321
vt 0.750802 0.927424
vt 0.750722 0.927448
vt 0.753962 0.895943
vt 0.750928 0.826419
vt 0.773324 0.893442
s 1
f 2374/2803/2367 3045/2804/2368 2804/2805/2369
f 2775/2806/2370 2800/2807/2371 3045/2804/2368
f 3045/2804/2368 2368/2808/2372 2752/2809/2373
f 2804/2805/2369 2752/2809/2373 2364/2810/2374
f 2373/2811/2375 3046/2812/2376 2799/2813/2377
f 2785/2814/2378 2793/2815/2379 3046/2812/2376
f 3046/2812/2376 2363/2816/2380 2762/2817/2381
f 2799/2813/2377 2762/2817/2381 2367/2818/2382
f 2370/2819/2383 3047/2820/2384 2794/2821/2385
f 2782/2822/2386 2796/2823/2387 3047/2820/2384
f 3047/2820/2384 2504/2824/2388 2756/2825/2389
f 2794/2821/2385 2756/2825/2389 2361/2826/2390
f 2569/2827/2391 2540/2828/2392 2272/2829/2393
f 2569/2827/2391 2602/2830/2394 3048/2831/2395
f 3048/2831/2395 2325/2832/2396 2605/2833/2397
f 3048/2831/2395 2295/2834/2398 2540/2828/2392
f 2309/2835/2399 3049/2836/2400 2602/2837/2394
f 2568/2838/2401 2561/2839/2402 3049/2836/2400
f 3049/2836/2400 2305/2840/2403 2603/2841/2404
f 2602/2837/2394 2603/2841/2404 2325/2842/2396
f 2325/2842/2396 3050/2843/2405 2604/2844/2406
f 2603/2841/2404 2560/2845/2407 3050/2843/2405
f 3050/2843/2405 2281/2846/2408 2570/2847/2409
f 2604/2844/2406 2570/2847/2409 2310/2848/2410
f 2295/2834/2398 3051/2849/2411 2539/2850/2412
f 2605/2833/2397 2604/2851/2406 3051/2849/2411
f 3051/2849/2411 2310/2852/2410 2571/2853/2413
f 2539/2850/2412 2571/2853/2413 2274/2854/2414
f 2372/2855/2415 3052/2856/2416 2797/2857/2417
f 2778/2858/2418 2798/2859/2419 3052/2856/2416
f 3052/2856/2416 2308/2860/2420 2567/2861/2421
f 2797/2857/2417 2567/2861/2421 2270/2862/2422
f 2379/2863/2423 3053/2864/2424 2793/2865/2379
f 2786/2866/2425 2794/2867/2385 3053/2864/2424
f 3053/2864/2424 2361/2868/2390 2759/2869/2426
f 2793/2865/2379 2759/2869/2426 2363/2870/2380
f 2270/2871/2422 3054/2872/2427 2534/2873/2428
f 2567/2874/2421 2606/2875/2429 3054/2872/2427
f 3054/2872/2427 2326/2876/2430 2609/2877/2431
f 2534/2873/2428 2609/2877/2431 2292/2878/2432
f 2308/2860/2420 3055/2879/2433 2606/2875/2429
f 2566/2880/2434 2563/2881/2435 3055/2879/2433
f 3055/2879/2433 2306/2882/2436 2607/2883/2437
f 2606/2875/2429 2607/2883/2437 2326/2876/2430
f 2326/2876/2430 3056/2884/2438 2608/2885/2439
f 2607/2886/2437 2562/2887/2440 3056/2884/2438
f 3056/2884/2438 2280/2888/2441 2568/2838/2401
f 2608/2885/2439 2568/2838/2401 2309/2835/2399
f 2292/2889/2432 3057/2890/2442 2533/2891/2443
f 2609/2892/2431 2608/2885/2439 3057/2890/2442
f 3057/2890/2442 2309/2835/2399 2569/2893/2391
f 3057/2890/2442 2272/2894/2393 2533/2891/2443
f 2274/2854/2414 3058/2895/2444 2547/2896/2445
f 2571/2853/2413 2610/2897/2446 3058/2895/2444
f 3058/2895/2444 2327/2898/2447 2613/2899/2448
f 2547/2896/2445 2613/2899/2448 2299/2900/2449
f 2310/2848/2410 3059/2901/2450 2610/2897/2446
f 2570/2847/2409 2559/2902/2451 3059/2901/2450
f 2559/2902/2451 2611/2903/2452 3059/2901/2450
f 2610/2897/2446 2611/2903/2452 2327/2904/2447
f 2327/2904/2447 3060/2905/2453 2612/2906/2454
f 2304/2907/2455 3060/2905/2453 2611/2903/2452
f 3060/2905/2453 2282/2908/2456 2565/2909/2457
f 2612/2906/2454 2565/2909/2457 2307/2910/2458
f 2299/2911/2449 3061/2912/2459 2548/2913/2460
f 2613/2914/2448 2612/2906/2454 3061/2912/2459
f 3061/2912/2459 2307/2910/2458 2564/2915/2461
f 2548/2913/2460 2564/2915/2461 2276/2916/2462
f 2460/2917/2463 3062/2918/2464 2688/2919/2465
f 2679/2920/2466 2535/2921/2467 3062/2918/2464
f 2535/2921/2467 2614/2922/2468 3062/2918/2464
f 3062/2918/2464 2442/2923/2469 2688/2919/2465
f 2614/2922/2468 2689/2924/2470 2442/2923/2469
f 2293/2925/2471 3063/2926/2472 2614/2922/2468
f 2536/2927/2473 2680/2928/2474 3063/2926/2472
f 3063/2926/2472 2461/2929/2475 2689/2924/2470
f 2269/2930/2476 3064/2931/2477 2535/2921/2467
f 2529/2932/2478 2615/2933/2479 3064/2931/2477
f 3064/2931/2477 2328/2934/2480 2618/2935/2481
f 2535/2921/2467 2618/2935/2481 2293/2925/2471
f 2290/2936/2482 3065/2937/2483 2615/2933/2479
f 2530/2938/2484 2534/2939/2428 3065/2937/2483
f 3065/2937/2483 2292/2889/2432 2616/2940/2485
f 2615/2933/2479 2616/2940/2485 2328/2934/2480
f 2616/2940/2485 2617/2941/2486 2328/2934/2480
f 2292/2889/2432 3066/2942/2487 2616/2940/2485
f 2533/2891/2443 2532/2943/2488 3066/2942/2487
f 3066/2942/2487 2291/2944/2489 2617/2941/2486
f 2618/2935/2481 2536/2927/2473 2293/2925/2471
f 2328/2934/2480 3067/2945/2490 2618/2935/2481
f 2617/2941/2486 2531/2946/2491 3067/2945/2490
f 3067/2945/2490 2271/2947/2492 2536/2927/2473
f 2474/2948/2493 3068/2949/2494 2690/2950/2495
f 2687/2951/2496 2585/2952/2497 3068/2949/2494
f 3068/2949/2494 2317/2953/2498 2619/2954/2499
f 2690/2950/2495 2619/2954/2499 2444/2955/2500
f 2444/2955/2501 3069/2956/2502 2691/2957/2503
f 2619/2954/2504 2586/2958/2505 3069/2956/2502
f 3069/2956/2502 2281/2846/2408 2683/2959/2506
f 2691/2957/2503 2683/2959/2506 2464/2960/2507
f 2680/2928/2474 2692/2961/2508 2461/2929/2475
f 2271/2947/2492 3070/2962/2509 2680/2928/2474
f 2541/2963/2510 2620/2964/2511 3070/2962/2509
f 3070/2962/2509 2445/2923/2512 2692/2961/2508
f 2620/2965/2511 2693/2917/2513 2445/2917/2512
f 2296/2966/2514 3071/2967/2515 2620/2965/2511
f 2542/2968/2516 2681/2969/2517 3071/2967/2515
f 3071/2967/2515 2462/2917/2518 2693/2917/2513
f 2531/2946/2491 2541/2963/2510 2271/2947/2492
f 2291/2944/2489 3072/2970/2519 2531/2946/2491
f 2621/2971/2520 2624/2972/2521 3072/2970/2519
f 3072/2970/2519 2296/2966/2514 2541/2963/2510
f 2532/2943/2488 2621/2971/2520 2291/2944/2489
f 2272/2894/2393 3073/2973/2522 2532/2943/2488
f 2540/2974/2392 2622/2975/2523 3073/2973/2522
f 3073/2973/2522 2329/2976/2524 2621/2971/2520
f 2622/2975/2523 2623/2977/2525 2329/2976/2524
f 2295/2978/2398 3074/2979/2526 2622/2975/2523
f 2539/2980/2412 2538/2981/2527 3074/2979/2526
f 3074/2979/2526 2294/2982/2528 2623/2977/2525
f 2624/2983/2521 2542/2968/2516 2296/2966/2514
f 2329/2984/2524 3075/2985/2529 2624/2983/2521
f 2623/2986/2525 2537/2987/2530 3075/2985/2529
f 3075/2985/2529 2284/2988/2531 2542/2968/2516
f 2537/2987/2530 2545/2989/2532 2284/2988/2531
f 2294/2990/2528 3076/2991/2533 2537/2987/2530
f 3076/2991/2533 2330/2992/2534 2628/2993/2535
f 2545/2989/2532 2628/2993/2535 2298/2994/2536
f 2538/2995/2527 2625/2996/2537 2294/2990/2528
f 2538/2995/2527 2547/2997/2445 3077/2998/2538
f 3077/2998/2538 2299/2911/2449 2626/2999/2539
f 2625/2996/2537 2626/2999/2539 2330/2992/2534
f 2330/2992/2534 3078/3000/2540 2627/3001/2541
f 2626/2999/2539 2548/2913/2460 3078/3000/2540
f 3078/3000/2540 2276/2916/2462 2544/3002/2542
f 2627/3001/2541 2544/3002/2542 2297/3003/2543
f 2298/2994/2536 3079/3004/2544 2546/3005/2545
f 2628/2993/2535 2627/3001/2541 3079/3004/2544
f 3079/3004/2544 2297/3003/2543 2543/3006/2546
f 2546/3005/2545 2543/3006/2546 2285/3007/2547
f 2666/3008/2548 2694/3009/2549 2475/3010/2550
f 2464/2960/2507 3080/3011/2551 2666/3008/2548
f 2683/2959/2506 2560/3012/2407 3080/3011/2551
f 3080/3011/2551 2305/3013/2403 2694/3009/2549
f 2667/3014/2552 2684/3015/2553 2465/3016/2554
f 2475/3010/2550 3081/3017/2555 2667/3014/2552
f 2694/3009/2549 2561/3018/2402 3081/3017/2555
f 3081/3017/2555 2280/2888/2441 2684/3015/2553
f 2528/3019/2556 3082/3020/2557 2803/3021/2558
f 2788/3022/2559 2804/3023/2369 3082/3020/2557
f 3082/3020/2557 2364/3024/2374 2749/3025/2560
f 2803/3021/2558 2749/3025/2560 2509/3026/2561
f 2695/3027/2562 2629/3028/2563 2448/3029/2564
f 2465/3016/2554 3083/3030/2565 2695/3027/2562
f 2684/3031/2553 2562/3032/2440 3083/3030/2565
f 3083/3030/2565 2306/2882/2436 2629/3028/2563
f 2696/3029/2566 2685/3033/2567 2466/3029/2568
f 2448/3029/2564 3084/3034/2569 2696/3029/2566
f 2629/3028/2563 2563/2881/2435 3084/3034/2569
f 3084/3034/2569 2279/3035/2570 2685/3033/2567
f 2285/3007/2547 3085/3036/2571 2556/3037/2572
f 2543/3006/2546 2630/3038/2573 3085/3036/2571
f 3085/3036/2571 2331/3039/2574 2633/3040/2575
f 2556/3037/2572 2633/3040/2575 2303/3041/2576
f 2297/3003/2543 3086/3042/2577 2630/3038/2573
f 2544/3002/2542 2554/3043/2578 3086/3042/2577
f 3086/3042/2577 2302/3044/2579 2631/3045/2580
f 2630/3038/2573 2631/3045/2580 2331/3039/2574
f 2331/3039/2574 3087/3046/2581 2632/3047/2582
f 2631/3045/2580 2555/3048/2583 3087/3046/2581
f 3087/3046/2581 2283/3049/2584 2552/3050/2585
f 2632/3047/2582 2552/3050/2585 2301/3051/2586
f 2303/3052/2576 3088/3053/2587 2557/3054/2588
f 2633/3055/2575 2632/3056/2582 3088/3053/2587
f 3088/3053/2587 2301/3051/2586 2553/3057/2589
f 2557/3054/2588 2553/3057/2589 2286/3058/2590
f 2276/3059/2462 3089/3060/2591 2554/3061/2578
f 2564/3062/2461 2634/3063/2592 3089/3060/2591
f 2634/3063/2592 2637/3064/2593 3089/3060/2591
f 2554/3061/2578 2637/3064/2593 2302/3065/2579
f 2565/3066/2457 2634/3063/2592 2307/3067/2458
f 2282/3068/2456 3090/3069/2594 2565/3066/2457
f 2573/3070/2595 2635/3071/2596 3090/3069/2594
f 3090/3069/2594 2332/3072/2597 2634/3063/2592
f 2635/3071/2596 2636/3073/2598 2332/3072/2597
f 2311/3074/2599 3091/3075/2600 2635/3071/2596
f 2572/3076/2601 2549/3077/2602 3091/3075/2600
f 3091/3075/2600 2300/3078/2603 2636/3073/2598
f 2637/3064/2593 2555/3079/2583 2302/3065/2579
f 2332/3072/2597 3092/3080/2604 2637/3064/2593
f 2636/3073/2598 2550/3081/2605 3092/3080/2604
f 3092/3080/2604 2283/3049/2584 2555/3079/2583
f 2686/3082/2606 2580/3083/2607 2273/3084/2608
f 2473/3085/2609 3093/3086/2610 2686/3082/2606
f 2698/3087/2611 2638/3088/2612 3093/3086/2610
f 3093/3086/2610 2314/3089/2613 2580/3083/2607
f 2638/3090/2612 2579/3091/2614 2314/3092/2613
f 2452/3093/2615 3094/3094/2616 2638/3090/2612
f 2699/3095/2617 2681/3096/2517 3094/3094/2616
f 3094/3094/2616 2284/3097/2531 2579/3091/2614
f 2275/3098/2618 3095/3099/2619 2582/3100/2620
f 2575/3101/2621 2639/3102/2622 3095/3099/2619
f 3095/3099/2619 2334/3103/2623 2642/3104/2624
f 2582/3100/2620 2642/3104/2624 2315/3105/2625
f 2312/3106/2626 3096/3107/2627 2639/3102/2622
f 2273/3108/2608 3096/3107/2627 2574/3109/2628
f 2580/3110/2607 2640/3111/2629 3096/3107/2627
f 2639/3102/2622 2640/3111/2629 2334/3103/2623
f 2640/3111/2629 2641/3112/2630 2334/3103/2623
f 2314/3092/2613 3097/3113/2631 2640/3111/2629
f 2579/3091/2614 2545/3114/2532 3097/3113/2631
f 3097/3113/2631 2298/3115/2536 2641/3112/2630
f 2315/3105/2625 3098/3116/2632 2581/3117/2633
f 2642/3104/2624 2641/3112/2630 3098/3116/2632
f 3098/3116/2632 2298/3115/2536 2546/3118/2545
f 2581/3117/2633 2546/3118/2545 2285/3119/2547
f 2576/3120/2634 2700/3121/2635 2425/3122/2636
f 2277/3123/2637 3099/3124/2638 2576/3120/2634
f 2583/3125/2639 2701/3126/2640 3099/3124/2638
f 3099/3124/2638 2478/3127/2641 2700/3121/2635
f 2701/3126/2640 2668/3128/2642 2478/3127/2641
f 2316/3129/2643 3100/3130/2644 2701/3126/2640
f 2584/3131/2645 2682/3132/2646 3100/3130/2644
f 3100/3130/2644 2463/3133/2647 2668/3128/2642
f 2277/3123/2637 3101/3134/2648 2583/3125/2639
f 2578/3135/2649 2643/3136/2650 3101/3134/2648
f 3101/3134/2648 2335/3137/2651 2646/3138/2652
f 3101/3134/2648 2316/3129/2643 2583/3125/2639
f 2313/3139/2653 3102/3140/2654 2643/3136/2650
f 2577/3141/2655 2582/3142/2620 3102/3140/2654
f 3102/3140/2654 2315/3143/2625 2644/3144/2656
f 2643/3136/2650 2644/3144/2656 2335/3137/2651
f 2335/3137/2651 3103/3145/2657 2645/3146/2658
f 2644/3144/2656 2581/3147/2633 3103/3145/2657
f 3103/3145/2657 2285/3148/2547 2556/3149/2572
f 2645/3146/2658 2556/3149/2572 2303/3052/2576
f 2646/3138/2652 2584/3131/2645 2316/3129/2643
f 2646/3138/2652 2645/3146/2658 3104/3150/2659
f 3104/3150/2659 2303/3052/2576 2557/3151/2588
f 3104/3150/2659 2286/3058/2590 2584/3131/2645
f 2287/3152/2660 3105/3153/2661 2585/2952/2497
f 2324/3154/2662 3105/3153/2661 2601/3155/2663
f 3105/3153/2661 2336/3156/2664 2650/3157/2665
f 2585/2952/2497 2650/3157/2665 2317/2953/2498
f 2600/3158/2666 2647/3159/2667 2324/3160/2662
f 2288/3161/2668 3106/3162/2669 2600/3158/2666
f 2587/3163/2670 2648/3164/2671 3106/3162/2669
f 3106/3162/2669 2336/3165/2664 2647/3159/2667
f 2336/3156/2672 3107/3166/2673 2649/3167/2674
f 2318/3168/2675 3107/3166/2673 2648/3169/2676
f 2588/3170/2677 2558/3171/2678 3107/3166/2673
f 2649/3167/2674 2558/3171/2678 2304/2907/2455
f 2317/3172/2679 3108/3173/2680 2586/3174/2505
f 2650/3175/2681 2649/3167/2674 3108/3173/2680
f 3108/3173/2680 2304/2907/2455 2559/3176/2451
f 2586/3174/2505 2559/3176/2451 2281/3177/2408
f 2599/3178/2682 2587/3179/2670 2288/3180/2668
f 2323/3181/2683 3109/3182/2684 2599/3178/2682
f 2651/3183/2685 2654/3184/2686 3109/3182/2684
f 3109/3182/2684 2318/3168/2687 2587/3179/2670
f 2598/3185/2688 2651/3183/2685 2323/3181/2683
f 2289/3186/2689 3110/3187/2690 2598/3185/2688
f 2589/3188/2691 2652/3189/2692 3110/3187/2690
f 3110/3187/2690 2337/3190/2693 2651/3183/2685
f 2652/3189/2694 2653/3191/2695 2337/3190/2696
f 2319/3192/2697 3111/3193/2698 2652/3189/2694
f 2590/3194/2699 2572/3195/2601 3111/3193/2698
f 2653/3191/2695 2572/3195/2601 2311/3196/2599
f 2654/3197/2700 2588/3170/2677 2318/3168/2675
f 2337/3198/2696 3112/3199/2701 2654/3197/2700
f 2653/3200/2695 2573/3201/2595 3112/3199/2701
f 3112/3199/2701 2282/2908/2456 2588/3170/2677
f 2597/3202/2702 2589/3203/2691 2289/3203/2689
f 2436/3204/2703 3113/3205/2704 2597/3202/2702
f 2702/3206/2705 2704/3207/2706 3113/3205/2704
f 3113/3205/2704 2319/3208/2707 2589/3203/2691
f 2704/3207/2708 2590/3209/2699 2319/3208/2697
f 2482/3210/2709 3114/3211/2710 2704/3207/2708
f 2703/3212/2711 2551/3213/2712 3114/3211/2710
f 3114/3211/2710 2278/3214/2713 2590/3209/2699
f 2576/3215/2714 2595/3216/2715 2277/3217/2716
f 2425/3218/2717 3115/3219/2718 2576/3215/2714
f 2705/3220/2719 2707/3221/2720 3115/3219/2718
f 3115/3219/2718 2322/3222/2721 2595/3216/2715
f 2707/3221/2720 2596/3223/2722 2322/3222/2721
f 2483/3224/2723 3116/3225/2724 2707/3221/2720
f 2706/3226/2725 2597/3202/2702 3116/3225/2724
f 3116/3225/2724 2289/3203/2689 2596/3223/2722
f 2275/3227/2726 3117/3228/2727 2593/3229/2728
f 2577/3230/2729 2655/3231/2730 3117/3228/2727
f 2655/3231/2730 2658/3232/2731 3117/3228/2727
f 3117/3228/2727 2321/3233/2732 2593/3229/2728
f 2313/3139/2733 3118/3234/2734 2655/3231/2730
f 2277/3123/2716 3118/3234/2734 2578/3235/2735
f 2595/3236/2715 2656/3237/2736 3118/3234/2734
f 3118/3234/2734 2338/3238/2737 2655/3231/2730
f 2656/3237/2736 2657/3239/2738 2338/3240/2737
f 2322/3241/2721 3119/3242/2739 2656/3237/2736
f 2596/3243/2722 2598/3244/2688 3119/3242/2739
f 3119/3242/2739 2323/3245/2683 2657/3239/2738
f 2658/3246/2731 2594/3247/2740 2321/3248/2732
f 2338/3240/2737 3120/3249/2741 2658/3246/2731
f 2657/3239/2738 2599/3250/2682 3120/3249/2741
f 3120/3249/2741 2288/3161/2668 2594/3247/2740
f 2273/3084/2742 3121/3251/2743 2591/3252/2744
f 2574/3253/2745 2659/3254/2746 3121/3251/2743
f 2659/3254/2746 2662/3255/2747 3121/3251/2743
f 3121/3251/2743 2320/3256/2748 2591/3252/2744
f 2312/3257/2749 3122/3258/2750 2659/3254/2746
f 2575/3259/2751 2593/3229/2728 3122/3258/2750
f 2593/3229/2728 2660/3260/2752 3122/3258/2750
f 3122/3258/2750 2339/3261/2753 2659/3254/2746
f 2660/3262/2752 2661/3263/2754 2339/3264/2753
f 2321/3248/2732 3123/3265/2755 2660/3262/2752
f 2594/3247/2740 2600/3158/2666 3123/3265/2755
f 3123/3265/2755 2324/3160/2662 2661/3263/2754
f 2662/3266/2747 2592/3267/2756 2320/3268/2748
f 2339/3264/2753 3124/3269/2757 2662/3266/2747
f 2661/3263/2754 2601/3155/2663 3124/3269/2757
f 3124/3269/2757 2287/3152/2660 2592/3267/2756
f 2473/3270/2758 3125/3271/2759 2708/3272/2760
f 2686/3082/2761 2591/3252/2744 3125/3271/2759
f 3125/3271/2759 2320/3256/2748 2663/3273/2762
f 2708/3272/2760 2663/3273/2762 2459/3274/2763
f 2459/3274/2763 3126/3275/2764 2709/3276/2765
f 2663/3277/2762 2592/3267/2756 3126/3275/2764
f 3126/3275/2764 2287/3152/2660 2687/3278/2496
f 2709/3276/2765 2687/3278/2496 2474/2948/2493
f 2377/3279/2766 3127/3280/2767 2800/3281/2371
f 2777/3282/2768 2799/2813/2377 3127/3280/2767
f 3127/3280/2767 2367/2818/2382 2764/3283/2769
f 2800/3281/2371 2764/3283/2769 2368/3284/2372
f 2801/3029/2770 2790/3285/2771 2527/3019/2772
f 2466/3029/2568 3128/3286/2773 2801/3029/2770
f 2685/3287/2567 2802/3288/2774 3128/3286/2773
f 3128/3286/2773 2375/3289/2775 2790/3285/2771
f 2524/3290/2776 3129/3291/2777 2795/3292/2778
f 2780/3293/2779 2791/3294/2780 3129/3291/2777
f 3129/3291/2777 2269/2930/2476 2679/2920/2466
f 2795/3292/2778 2679/2920/2466 2460/2917/2463
f 2350/3295/2781 3130/3296/2782 2665/3297/2783
f 2727/3298/2784 2718/3299/2785 3130/3296/2782
f 3130/3296/2782 2341/3300/2786 2712/3301/2787
f 2665/3297/2783 2712/3301/2787 2342/3302/2788
f 2351/3303/2789 3131/3304/2790 2718/3299/2785
f 2352/3305/2791 3131/3304/2790 2726/3306/2792
f 2719/3307/2793 2711/3308/2794 3131/3304/2790
f 3131/3304/2790 2341/3300/2786 2718/3299/2785
f 2725/3309/2795 2719/3307/2793 2352/3305/2791
f 2349/3310/2796 3132/3311/2797 2725/3309/2795
f 2664/3312/2798 2710/3313/2799 3132/3311/2797
f 3132/3311/2797 2343/3314/2800 2719/3307/2793
f 2724/3315/2801 2664/3312/2798 2349/3310/2796
f 2353/3316/2802 3133/3317/2803 2724/3315/2801
f 2720/3318/2804 2713/3319/2805 3133/3317/2803
f 3133/3317/2803 2340/3320/2806 2664/3312/2798
f 2745/3321/2807 2721/3322/2808 2358/3323/2809
f 2354/3324/2810 3134/3325/2811 2745/3321/2807
f 3134/3325/2811 2350/3326/2812 2665/3327/2813
f 2721/3322/2808 2665/3327/2813 2342/3302/2814
f 2353/3328/2802 3135/3329/2815 2732/3330/2816
f 2676/3331/2817 2722/3332/2818 3135/3329/2815
f 3135/3329/2815 2356/3333/2819 2728/3334/2820
f 2732/3330/2816 2728/3334/2820 2355/3335/2821
f 2362/3310/2822 3136/3336/2823 2767/3337/2824
f 2757/3338/2825 2765/3339/2826 3136/3336/2823
f 3136/3336/2823 2344/3340/2827 2675/3341/2828
f 2767/3337/2824 2675/3341/2828 2347/3310/2829
f 2751/3342/2830 2770/3343/2831 2365/3344/2832
f 2369/3345/2833 3137/3346/2834 2751/3342/2830
f 2771/3347/2835 2669/3348/2836 3137/3346/2834
f 3137/3346/2834 2345/3349/2837 2770/3343/2831
f 2369/3345/2833 3138/3350/2838 2771/3347/2835
f 2763/3351/2839 2768/3352/2840 3138/3350/2838
f 3138/3350/2838 2346/3353/2841 2672/3306/2842
f 3138/3350/2838 2348/3354/2843 2771/3347/2835
f 2378/3355/2844 3139/3356/2845 2792/3357/2846
f 2783/3358/2847 2797/2857/2417 3139/3356/2845
f 3139/3356/2845 2270/2862/2422 2530/2938/2484
f 2792/3357/2846 2530/2938/2484 2290/2936/2482
f 2376/3359/2848 3140/3360/2849 2798/2859/2419
f 2773/3361/2850 2802/3362/2774 3140/3360/2849
f 3140/3360/2849 2279/3363/2570 2566/3364/2434
f 2798/2859/2419 2566/3364/2434 2308/2860/2420
f 2747/3365/2851 2769/3366/2852 2510/3367/2853
f 2365/3344/2832 3141/3368/2854 2747/3365/2851
f 2770/3343/2831 2674/3369/2855 3141/3368/2854
f 3141/3368/2854 2477/3370/2856 2769/3366/2852
f 2366/3371/2857 3142/3372/2858 2768/3352/2840
f 2760/3373/2859 2767/3337/2824 3142/3372/2858
f 3142/3372/2858 2347/3310/2829 2671/3374/2860
f 2768/3352/2840 2671/3374/2860 2346/3353/2841
f 2678/3375/2861 2722/3332/2818 2344/3376/2827
f 2485/3290/2862 3143/3377/2863 2678/3375/2861
f 2715/3378/2864 2729/3379/2865 3143/3377/2863
f 3143/3377/2863 2356/3333/2819 2722/3332/2818
f 2744/3380/2866 2739/3381/2867 2498/3382/2868
f 2358/3323/2809 3144/3383/2869 2744/3380/2866
f 2721/3384/2808 2697/3385/2870 3144/3383/2869
f 3144/3383/2869 2467/3386/2871 2739/3381/2867
f 2347/3310/2829 3145/3387/2872 2716/3337/2873
f 2675/3341/2828 2676/3388/2817 3145/3387/2872
f 2676/3388/2817 2724/3389/2801 3145/3387/2872
f 3145/3387/2872 2349/3310/2796 2716/3337/2873
f 2346/3390/2841 3146/3391/2874 2673/3392/2875
f 2671/3393/2860 2716/3337/2873 3146/3391/2874
f 2716/3337/2873 2725/3394/2795 3146/3391/2874
f 3146/3391/2874 2352/3395/2791 2673/3392/2875
f 2672/3396/2842 2670/3397/2876 2348/3303/2843
f 2672/3396/2842 2673/3392/2875 3147/3398/2877
f 3147/3398/2877 2352/3395/2791 2726/3306/2792
f 3147/3398/2877 2351/3399/2789 2670/3397/2876
f 2669/3348/2836 2717/3400/2878 2345/3349/2837
f 2348/3354/2843 3148/3401/2879 2669/3348/2836
f 2670/3402/2876 2727/3403/2784 3148/3401/2879
f 3148/3401/2879 2350/3326/2781 2717/3400/2878
f 2720/3404/2804 2733/3405/2880 2333/3406/2881
f 2720/3404/2804 2732/3330/2816 3149/3407/2882
f 2732/3330/2816 2731/3408/2883 3149/3407/2882
f 3149/3407/2882 2357/3409/2884 2733/3405/2880
f 2469/3410/2885 3150/3411/2886 2734/3412/2887
f 2714/3413/2888 2733/3405/2880 3150/3411/2886
f 3150/3411/2886 2357/3409/2884 2730/3414/2889
f 2734/3412/2887 2730/3414/2889 2492/3415/2890
f 2743/3416/2891 2677/3417/2892 2354/3324/2810
f 2359/3418/2893 3151/3419/2894 2743/3416/2891
f 2735/3420/2895 2717/3400/2896 3151/3419/2894
f 3151/3419/2894 2350/3326/2812 2677/3417/2892
f 2742/3421/2897 2735/3422/2895 2359/3418/2893
f 2742/3421/2897 2736/3423/2898 3152/3424/2899
f 3152/3424/2899 2477/3016/2900 2674/3425/2901
f 3152/3424/2899 2345/3426/2902 2735/3422/2895
f 2729/3427/2903 2740/3428/2904 2356/3429/2905
f 2495/3430/2906 3153/3431/2907 2729/3427/2903
f 3153/3431/2907 2500/3432/2908 2742/3433/2897
f 3153/3431/2907 2359/3434/2893 2740/3428/2904
f 2728/3435/2909 2737/3436/2910 2355/3437/2911
f 2356/3429/2905 3154/3438/2912 2728/3435/2909
f 2740/3428/2904 2743/3439/2891 3154/3438/2912
f 3154/3438/2912 2354/3440/2810 2737/3436/2910
f 2730/3414/2913 2723/3441/2914 2492/3415/2915
f 2357/3409/2916 3155/3442/2917 2730/3414/2913
f 2738/3443/2918 2744/3380/2866 3155/3442/2917
f 3155/3442/2917 2498/3382/2868 2723/3441/2914
f 2731/3408/2919 2738/3443/2918 2357/3409/2916
f 2355/3335/2911 3156/3444/2920 2731/3408/2919
f 2737/3436/2910 2745/3321/2807 3156/3444/2920
f 3156/3444/2920 2358/3323/2809 2738/3443/2918
f 2747/3445/2851 2746/3446/2921 2365/3344/2832
f 2510/3367/2853 3157/3447/2922 2747/3445/2851
f 3157/3447/2922 2509/3026/2561 2749/3448/2560
f 2746/3446/2921 2749/3448/2560 2364/3024/2374
f 2369/3345/2833 3158/3449/2923 2750/3450/2924
f 2751/3451/2830 2746/3452/2921 3158/3449/2923
f 3158/3449/2923 2364/2810/2374 2752/3453/2373
f 2750/3450/2924 2752/3453/2373 2368/3284/2372
f 2503/3454/2925 3159/3455/2926 2753/3456/2927
f 2754/3457/2928 2755/3458/2929 3159/3455/2926
f 3159/3455/2926 2361/3459/2390 2756/3460/2389
f 2753/3456/2927 2756/3460/2389 2504/2824/2388
f 2360/3461/2930 3160/3462/2931 2755/3458/2929
f 2757/3338/2825 2758/3463/2932 3160/3462/2931
f 3160/3462/2931 2363/3464/2380 2759/3465/2426
f 2755/3458/2929 2759/3465/2426 2361/3459/2390
f 2362/3466/2822 3161/3467/2933 2758/3463/2932
f 2760/3373/2859 2761/3468/2934 3161/3467/2933
f 3161/3467/2933 2367/2818/2382 2762/3469/2381
f 2758/3463/2932 2762/3469/2381 2363/3464/2380
f 2366/3470/2857 3162/3351/2935 2761/3470/2934
f 2763/3471/2839 2750/3284/2924 3162/3351/2935
f 3162/3351/2935 2368/2808/2372 2764/3472/2769
f 2761/3470/2934 2764/3472/2769 2367/3473/2382
f 2360/3474/2930 3163/3475/2936 2765/3007/2826
f 2754/3476/2928 2766/3290/2937 3163/3475/2936
f 3163/3475/2936 2485/3290/2862 2678/3375/2861
f 2765/3007/2826 2678/3375/2861 2344/3376/2827
f 2375/3477/2775 3164/3478/2938 2772/3479/2939
f 2773/3480/2850 2774/3481/2940 3164/3478/2938
f 3164/3478/2938 2377/3279/2766 2775/3482/2370
f 2772/3479/2939 2775/3482/2370 2374/3483/2367
f 2373/2811/2375 3165/3484/2941 2776/3485/2942
f 2777/3486/2768 2774/3487/2940 3165/3484/2941
f 3165/3484/2941 2376/3359/2848 2778/2858/2418
f 2776/3485/2942 2778/2858/2418 2372/2855/2415
f 2371/3488/2943 3166/3489/2944 2779/3490/2945
f 2780/3491/2779 2781/3492/2946 3166/3489/2944
f 3166/3489/2944 2523/3493/2947 2782/2822/2386
f 2779/3490/2945 2782/2822/2386 2370/2819/2383
f 2372/3494/2415 3167/3495/2948 2776/3485/2942
f 2783/3496/2847 2784/3497/2949 3167/3495/2948
f 3167/3495/2948 2379/2863/2423 2785/3498/2378
f 2776/3485/2942 2785/3498/2378 2373/3499/2375
f 2370/3500/2383 3168/3501/2950 2779/3502/2945
f 2786/3503/2425 2784/3497/2949 3168/3501/2950
f 3168/3501/2950 2378/3355/2844 2787/3504/2951
f 2779/3502/2945 2787/3504/2951 2371/3505/2943
f 2374/3483/2367 3169/3506/2952 2772/3507/2939
f 2788/3022/2559 2789/3019/2953 3169/3506/2952
f 3169/3506/2952 2527/3019/2772 2790/3508/2771
f 2772/3507/2939 2790/3508/2771 2375/3477/2775
f 2371/3505/2943 3170/3509/2954 2791/3294/2780
f 2787/3504/2951 2792/3357/2846 3170/3509/2954
f 3170/3509/2954 2290/2936/2482 2529/2932/2478
f 2791/3294/2780 2529/2932/2478 2269/2930/2476
f 2519/2803/2955 3171/3510/2956 3021/2806/2957
f 3044/2805/2958 3001/2809/2959 3171/3510/2956
f 3171/3510/2956 2513/2808/2960 3042/2807/2961
f 3021/2806/2957 3042/2807/2961 2522/3511/2962
f 2518/3512/2963 3172/3513/2964 3030/3498/2965
f 3041/3514/2966 3010/3394/2967 3172/3513/2964
f 3172/3513/2964 2506/3466/2968 3037/3515/2969
f 3030/3498/2965 3037/3515/2969 2526/3516/2970
f 2515/3517/2971 3173/3518/2972 3027/3519/2973
f 3038/3520/2974 3004/3521/2975 3173/3518/2972
f 3173/3518/2972 2504/2824/2388 2796/3522/2387
f 3027/3519/2973 2796/3522/2387 2523/3493/2947
f 2816/2828/2976 2845/3523/2977 2383/3524/2978
f 2406/3525/2979 3174/3526/2980 2816/2828/2976
f 3174/3526/2980 2439/2842/2981 2878/3527/2982
f 2845/3523/2977 2878/3527/2982 2421/3528/2983
f 2421/3529/2983 3175/3530/2984 2844/3531/2985
f 2878/3532/2982 2879/3533/2986 3175/3530/2984
f 3175/3530/2984 2417/3534/2987 2837/3535/2988
f 2844/3531/2985 2837/3535/2988 2391/2888/2989
f 2439/2842/2981 3176/3536/2990 2879/3533/2986
f 2880/3537/2991 2846/2847/2992 3176/3536/2990
f 3176/3536/2990 2392/3538/2993 2836/3539/2994
f 2879/3533/2986 2836/3539/2994 2417/3534/2987
f 2406/3525/2979 3177/3540/2995 2881/3541/2996
f 2815/3542/2997 2847/2853/2998 3177/3540/2995
f 3177/3540/2995 2422/2852/2999 2880/3543/2991
f 2881/3541/2996 2880/3543/2991 2439/2842/2981
f 2517/2855/3000 3178/3544/3001 3024/3545/3002
f 3039/3546/3003 2843/2861/3004 3178/3544/3001
f 3178/3544/3001 2420/2860/3005 3040/3547/3006
f 3024/3545/3002 3040/3547/3006 2521/3548/3007
f 2526/3549/2970 3179/3550/3008 3031/3551/3009
f 3037/3552/2969 3007/3315/3010 3179/3550/3008
f 3179/3550/3008 2502/3119/3011 3038/3553/2974
f 3031/3551/3009 3038/3553/2974 2515/3554/2971
f 2381/2871/3012 3180/3555/3013 2843/2874/3004
f 2810/2873/3014 2885/2877/3015 3180/3555/3013
f 3180/3555/3013 2440/2876/3016 2882/3556/3017
f 2843/2874/3004 2882/3556/3017 2420/2860/3005
f 2420/2860/3005 3181/2879/3018 2842/2880/3019
f 2882/3556/3017 2883/2883/3020 3181/2879/3018
f 3181/2879/3018 2418/3557/3021 2839/3558/3022
f 2842/2880/3019 2839/3558/3022 2390/3035/3023
f 2440/2876/3016 3182/3559/3024 2883/2886/3020
f 2884/3560/3025 2844/3531/2985 3182/3559/3024
f 3182/3559/3024 2391/2888/2989 2838/2887/3026
f 2883/2886/3020 2838/2887/3026 2418/3561/3021
f 2403/3562/3027 3183/3563/3028 2885/2892/3015
f 2383/3564/2978 3183/3563/3028 2809/2891/3029
f 3183/3563/3028 2421/3529/2983 2884/3560/3025
f 2885/2892/3015 2884/3560/3025 2440/2876/3016
f 2385/2854/3030 3184/3565/3031 2847/2853/2998
f 2823/3566/3032 2889/2899/3033 3184/3565/3031
f 3184/3565/3031 2441/3567/3034 2886/2897/3035
f 2847/2853/2998 2886/2897/3035 2422/2852/2999
f 2422/2848/2999 3185/3568/3036 2846/2847/2992
f 2886/3569/3035 2887/2903/3037 3185/3568/3036
f 2887/2903/3037 2835/3570/3038 3185/3568/3036
f 2846/2847/2992 2835/3570/3038 2392/3571/2993
f 2441/3572/3034 3186/3573/3039 2887/2903/3037
f 2888/3574/3040 2841/2909/3041 3186/3573/3039
f 3186/3573/3039 2393/2908/3042 2834/3575/3043
f 3186/3573/3039 2416/3576/3044 2887/2903/3037
f 2410/3577/3045 3187/3578/3046 2889/3579/3033
f 2824/2913/3047 2840/2915/3048 3187/3578/3046
f 3187/3578/3046 2419/2910/3049 2888/3574/3040
f 2889/3579/3033 2888/3574/3040 2441/3572/3034
f 2460/2917/2463 3188/3580/3050 2952/3581/3051
f 2442/2917/2469 3188/3580/3050 2688/2917/2465
f 2890/2965/3052 2811/3582/3053 3188/3580/3050
f 2952/3581/3051 2811/3582/3053 2380/2930/3054
f 2689/3583/2470 2890/2964/3052 2442/2923/2469
f 2461/2929/2475 3189/2962/3055 2689/3583/2470
f 2953/3584/3056 2812/3585/3057 3189/2962/3055
f 3189/2962/3055 2404/3586/3058 2890/2964/3052
f 2380/2930/3054 3190/3587/3059 2805/2932/3060
f 2811/3582/3053 2894/3588/3061 3190/3587/3059
f 3190/3587/3059 2443/3589/3062 2891/3590/3063
f 2805/2932/3060 2891/3590/3063 2401/3591/3064
f 2401/3591/3064 3191/3592/3065 2806/3593/3066
f 2891/3590/3063 2892/3594/3067 3191/3592/3065
f 3191/3592/3065 2403/3562/3027 2810/2939/3014
f 2806/3593/3066 2810/2939/3014 2381/3595/3012
f 2893/3596/3068 2892/3594/3067 2443/3589/3062
f 2402/3597/3069 3192/3598/3070 2893/3596/3068
f 2808/3599/3071 2809/2891/3029 3192/3598/3070
f 3192/3598/3070 2403/3562/3027 2892/3594/3067
f 2812/3585/3057 2894/3588/3061 2404/3600/3058
f 2382/3601/3072 3193/3602/3073 2812/3585/3057
f 2807/3603/3074 2893/3596/3068 3193/3602/3073
f 3193/3602/3073 2443/3589/3062 2894/3588/3061
f 2474/2948/2493 3194/3604/3075 2960/3605/3076
f 2690/2950/2495 2895/3606/3077 3194/3604/3075
f 3194/3604/3075 2430/2953/3078 2861/3607/3079
f 2960/3605/3076 2861/3607/3079 2398/3608/3080
f 2444/2955/2501 3195/2956/3081 2895/3606/3082
f 2691/2957/2503 2956/3609/3083 3195/2956/3081
f 3195/2956/3081 2392/3538/2993 2862/3610/3084
f 2895/3606/3082 2862/3610/3084 2430/2953/3085
f 2692/3611/2508 2953/3584/3056 2461/2929/2475
f 2445/2923/2512 3196/3612/3086 2692/3611/2508
f 2896/3613/3087 2817/3585/3088 3196/3612/3086
f 3196/3612/3086 2382/3601/3072 2953/3584/3056
f 2693/2919/2513 2896/3613/3087 2445/2923/2512
f 2462/2917/2518 3197/3614/3089 2693/2919/2513
f 2954/2969/3090 2818/3615/3091 3197/3614/3089
f 3197/3614/3089 2407/3616/3092 2896/3613/3087
f 2817/3585/3088 2807/3603/3074 2382/3601/3072
f 2407/3586/3092 3198/3617/3093 2817/3585/3088
f 2900/2972/3094 2897/3618/3095 3198/3617/3093
f 3198/3617/3093 2402/3597/3069 2807/3603/3074
f 2897/3618/3095 2808/3599/3071 2402/3597/3069
f 2446/2976/3096 3199/3619/3097 2897/3618/3095
f 2898/3620/3098 2816/2974/2976 3199/3619/3097
f 3199/3619/3097 2383/3564/2978 2808/3599/3071
f 2899/2977/3099 2898/3620/3098 2446/2976/3096
f 2405/2982/3100 3200/3621/3101 2899/2977/3099
f 2814/2981/3102 2815/2980/2997 3200/3621/3101
f 3200/3621/3101 2406/3622/2979 2898/3620/3098
f 2818/3615/3091 2900/2983/3094 2407/3616/3092
f 2395/2988/3103 3201/3623/3104 2818/3615/3091
f 2813/3624/3105 2899/2986/3099 3201/3623/3104
f 3201/3623/3104 2446/2984/3096 2900/2983/3094
f 2821/2989/3106 2813/3624/3105 2395/2988/3103
f 2821/2989/3106 2904/3625/3107 3202/3626/3108
f 3202/3626/3108 2447/3627/3109 2901/3628/3110
f 3202/3626/3108 2405/3629/3100 2813/3624/3105
f 2901/3628/3110 2814/2995/3102 2405/3629/3100
f 2901/3628/3110 2902/3630/3111 3203/3631/3112
f 3203/3631/3112 2410/3577/3045 2823/3632/3032
f 2814/2995/3102 2823/3632/3032 2385/2854/3030
f 2447/3627/3109 3204/3633/3113 2902/3630/3111
f 2903/3634/3114 2820/3635/3115 3204/3633/3113
f 3204/3633/3113 2387/2916/3116 2824/2913/3047
f 2902/3630/3111 2824/2913/3047 2410/3577/3045
f 2409/2994/3117 3205/3636/3118 2904/3625/3107
f 2822/3005/3119 2819/3637/3120 3205/3636/3118
f 3205/3636/3118 2408/3638/3121 2903/3634/3114
f 2904/3625/3107 2903/3634/3114 2447/3627/3109
f 2961/3639/3122 2666/3008/2548 2475/3010/2550
f 2417/2840/2987 3206/3640/3123 2961/3639/3122
f 2836/3641/2994 2956/2959/3083 3206/3640/3123
f 3206/3640/3123 2464/2960/2507 2666/3008/2548
f 2957/3015/3124 2667/3014/2552 2465/3016/2554
f 2391/2888/2989 3207/3017/3125 2957/3015/3124
f 2837/3535/2988 2961/3639/3122 3207/3017/3125
f 3207/3017/3125 2475/3010/2550 2667/3014/2552
f 2528/3019/2556 3208/3020/3126 3033/3642/3127
f 2803/3021/2558 2998/3643/3128 3208/3020/3126
f 3208/3020/3126 2507/3024/3129 3044/3023/2958
f 3033/3642/3127 3044/3023/2958 2519/3644/2955
f 2905/3645/3130 2695/3027/2562 2448/3029/2564
f 2418/3557/3021 3209/3030/3131 2905/3645/3130
f 2838/3032/3026 2957/3031/3124 3209/3030/3131
f 3209/3030/3131 2465/3016/2554 2695/3027/2562
f 2958/3033/3132 2696/3029/2566 2466/3029/2568
f 2390/3035/3023 3210/3646/3133 2958/3033/3132
f 2839/2881/3022 2905/3645/3130 3210/3646/3133
f 3210/3646/3133 2448/3029/2564 2696/3029/2566
f 2396/3007/3134 3211/3647/3135 2819/3637/3120
f 2832/3037/3136 2909/3040/3137 3211/3647/3135
f 3211/3647/3135 2449/3039/3138 2906/3648/3139
f 2819/3637/3120 2906/3648/3139 2408/3638/3121
f 2408/3638/3121 3212/3042/3140 2820/3635/3115
f 2906/3648/3139 2907/3649/3141 3212/3042/3140
f 3212/3042/3140 2414/3044/3142 2830/3043/3143
f 2820/3635/3115 2830/3043/3143 2387/2916/3116
f 2449/3039/3138 3213/3650/3144 2907/3649/3141
f 2908/3047/3145 2828/3651/3146 3213/3650/3144
f 3213/3650/3144 2394/3049/3147 2831/3048/3148
f 2907/3649/3141 2831/3048/3148 2414/3044/3142
f 2415/3052/3149 3214/3652/3150 2909/3055/3137
f 2833/3653/3151 2829/3654/3152 3214/3652/3150
f 3214/3652/3150 2413/3051/3153 2908/3056/3145
f 2909/3055/3137 2908/3056/3145 2449/3655/3138
f 2387/3059/3116 3215/3060/3154 2840/3062/3048
f 2830/3061/3143 2913/3656/3155 3215/3060/3154
f 2913/3656/3155 2910/3657/3156 3215/3060/3154
f 2840/3062/3048 2910/3657/3156 2419/3067/3049
f 2910/3657/3156 2841/3066/3041 2419/3067/3049
f 2450/3658/3157 3216/3659/3158 2910/3657/3156
f 2911/3660/3159 2849/3070/3160 3216/3659/3158
f 3216/3659/3158 2393/3068/3042 2841/3066/3041
f 2912/3661/3161 2911/3660/3159 2450/3658/3157
f 2411/3662/3162 3217/3663/3163 2912/3661/3161
f 2825/3664/3164 2848/3076/3165 3217/3663/3163
f 3217/3663/3163 2423/3074/3166 2911/3660/3159
f 2831/3079/3148 2913/3656/3155 2414/3065/3142
f 2394/3049/3147 3218/3665/3167 2831/3079/3148
f 2826/3666/3168 2912/3661/3161 3218/3665/3167
f 3218/3665/3167 2450/3658/3157 2913/3656/3155
f 2856/3083/3169 2959/3667/3170 2384/3084/3171
f 2427/3089/3172 3219/3668/3173 2856/3083/3169
f 2914/3088/3174 2698/3087/2611 3219/3668/3173
f 3219/3668/3173 2473/3085/2609 2959/3667/3170
f 2855/3669/3175 2914/3090/3174 2427/3670/3172
f 2395/3097/3103 3220/3671/3176 2855/3669/3175
f 2954/3096/3090 2699/3095/2617 3220/3671/3176
f 3220/3671/3176 2452/3093/2615 2914/3090/3174
f 2386/3098/3177 3221/3672/3178 2851/3101/3179
f 2858/3100/3180 2918/3104/3181 3221/3672/3178
f 3221/3672/3178 2453/3673/3182 2915/3674/3183
f 2851/3101/3179 2915/3674/3183 2424/3106/3184
f 2424/3106/3184 3222/3675/3185 2850/3109/3186
f 2915/3674/3183 2916/3676/3187 3222/3675/3185
f 2916/3676/3187 2856/3110/3169 3222/3675/3185
f 3222/3675/3185 2384/3108/3171 2850/3109/3186
f 2917/3677/3188 2916/3676/3187 2453/3673/3182
f 2409/3115/3117 3223/3113/3189 2917/3677/3188
f 2821/3114/3106 2855/3669/3175 3223/3113/3189
f 3223/3113/3189 2427/3670/3172 2916/3676/3187
f 2428/3105/3190 3224/3678/3191 2918/3104/3181
f 2857/3117/3192 2822/3118/3119 3224/3678/3191
f 3224/3678/3191 2409/3115/3117 2917/3677/3188
f 2918/3104/3181 2917/3677/3188 2453/3673/3182
f 2700/3121/2635 2852/3120/3193 2425/3122/2636
f 2478/3127/2641 3225/3124/3194 2700/3121/2635
f 2963/3679/3195 2859/3680/3196 3225/3124/3194
f 3225/3124/3194 2388/3123/3197 2852/3120/3193
f 2668/3128/2642 2963/3679/3195 2478/3127/2641
f 2463/3133/2647 3226/3681/3198 2668/3128/2642
f 2955/3682/3199 2860/3131/3200 3226/3681/3198
f 3226/3681/3198 2429/3683/3201 2963/3679/3195
f 2388/3123/3197 3227/3134/3202 2854/3135/3203
f 2429/3683/3201 3227/3134/3202 2859/3680/3196
f 3227/3134/3202 2454/3684/3204 2919/3685/3205
f 2854/3135/3203 2919/3685/3205 2426/3686/3206
f 2426/3686/3206 3228/3687/3207 2853/3230/3208
f 2919/3685/3205 2920/3688/3209 3228/3687/3207
f 3228/3687/3207 2428/3143/3190 2858/3142/3180
f 2853/3230/3208 2858/3142/3180 2386/3689/3177
f 2454/3684/3204 3229/3690/3210 2920/3688/3209
f 2921/3146/3211 2832/3149/3136 3229/3690/3210
f 3229/3690/3210 2396/3148/3134 2857/3147/3192
f 2920/3688/3209 2857/3147/3192 2428/3143/3190
f 2860/3131/3200 2922/3691/3212 2429/3683/3201
f 2397/3058/3213 3230/3150/3214 2860/3131/3200
f 3230/3150/3214 2415/3052/3149 2921/3146/3211
f 2922/3691/3212 2921/3146/3211 2454/3684/3204
f 2398/3608/3080 3231/3692/3215 2877/3155/3216
f 2861/3607/3079 2926/3157/3217 3231/3692/3215
f 3231/3692/3215 2455/3156/3218 2923/3693/3219
f 3231/3692/3215 2438/3694/3220 2877/3155/3216
f 2923/3695/3219 2876/3696/3221 2438/3697/3220
f 2455/3165/3218 3232/3698/3222 2923/3695/3219
f 2924/3164/3223 2863/3699/3224 3232/3698/3222
f 3232/3698/3222 2399/3161/3225 2876/3696/3221
f 2455/3156/3226 3233/3700/3227 2924/3169/3228
f 2925/3701/3229 2834/3171/3043 3233/3700/3227
f 2834/3171/3043 2864/3170/3230 3233/3700/3227
f 3233/3700/3227 2431/3168/3231 2924/3169/3228
f 2430/3172/3085 3234/3702/3232 2926/3175/3233
f 2862/3174/3084 2835/3176/3038 3234/3702/3232
f 3234/3702/3232 2416/2907/3044 2925/3701/3229
f 2926/3175/3233 2925/3701/3229 2455/3156/3226
f 2863/3703/3224 2875/3704/3234 2399/3705/3225
f 2431/3168/3235 3235/3706/3236 2863/3703/3224
f 2930/3707/3237 2927/3183/3238 3235/3706/3236
f 3235/3706/3236 2437/3708/3239 2875/3704/3234
f 2927/3183/3238 2874/3709/3240 2437/3708/3239
f 2456/3190/3241 3236/3710/3242 2927/3183/3238
f 2928/3711/3243 2865/3188/3244 3236/3710/3242
f 3236/3710/3242 2400/3186/3245 2874/3709/3240
f 2929/3191/3246 2928/3711/3247 2456/3190/3248
f 2929/3191/3246 2848/3195/3165 3237/3712/3249
f 2848/3195/3165 2866/3194/3250 3237/3712/3249
f 3237/3712/3249 2432/3192/3251 2928/3711/3247
f 2864/3170/3230 2930/3197/3252 2431/3168/3231
f 2393/2908/3042 3238/3713/3253 2864/3170/3230
f 2849/3201/3160 2929/3200/3246 3238/3713/3253
f 3238/3713/3253 2456/3198/3248 2930/3197/3252
f 2865/3203/3244 2873/3202/3254 2400/3203/3245
f 2432/3208/3255 3239/3714/3256 2865/3203/3244
f 2964/3207/3257 2702/3206/2705 3239/3714/3256
f 3239/3714/3256 2436/3204/2703 2873/3202/3254
f 2866/3209/3250 2964/3207/3258 2432/3208/3251
f 2389/3214/3259 3240/3715/3260 2866/3209/3250
f 2827/3716/3261 2703/3212/2711 3240/3715/3260
f 3240/3715/3260 2482/3210/2709 2964/3207/3258
f 2871/3216/3262 2852/3215/3263 2388/3217/3264
f 2435/3222/3265 3241/3717/3266 2871/3216/3262
f 2965/3718/3267 2705/3220/2719 3241/3717/3266
f 3241/3717/3266 2425/3218/2717 2852/3215/3263
f 2872/3223/3268 2965/3718/3267 2435/3222/3265
f 2400/3203/3245 3242/3225/3269 2872/3223/3268
f 2873/3202/3254 2706/3226/2725 3242/3225/3269
f 3242/3225/3269 2483/3224/2723 2965/3718/3267
f 2386/3689/3270 3243/3228/3271 2853/3719/3272
f 2434/3233/3273 3243/3228/3271 2869/3720/3274
f 2934/3232/3275 2931/3721/3276 3243/3228/3271
f 2853/3719/3272 2931/3721/3276 2426/3722/3277
f 2426/3722/3277 3244/3234/3278 2854/3723/3279
f 2457/3724/3280 3244/3234/3278 2931/3721/3276
f 2932/3237/3281 2871/3236/3262 3244/3234/3278
f 3244/3234/3278 2388/3123/3264 2854/3723/3279
f 2933/3725/3282 2932/3726/3281 2457/3727/3280
f 2437/3245/3239 3245/3728/3283 2933/3725/3282
f 2874/3729/3240 2872/3243/3268 3245/3728/3283
f 3245/3728/3283 2435/3241/3265 2932/3726/3281
f 2870/3247/3284 2934/3730/3275 2434/3731/3273
f 2399/3161/3225 3246/3249/3285 2870/3247/3284
f 2875/3704/3234 2933/3725/3282 3246/3249/3285
f 3246/3249/3285 2457/3727/3280 2934/3730/3275
f 2384/3084/3286 3247/3251/3287 2850/3253/3288
f 2433/3256/3289 3247/3251/3287 2867/3732/3290
f 2938/3733/3291 2935/3734/3292 3247/3251/3287
f 2850/3253/3288 2935/3734/3292 2424/3257/3293
f 2424/3257/3293 3248/3258/3294 2851/3259/3295
f 2458/3735/3296 3248/3258/3294 2935/3734/3292
f 2936/3260/3297 2869/3720/3274 3248/3258/3294
f 2851/3259/3295 2869/3720/3274 2386/3689/3270
f 2937/3736/3298 2936/3262/3297 2458/3264/3296
f 2438/3697/3220 3249/3737/3299 2937/3736/3298
f 2876/3696/3221 2870/3247/3284 3249/3737/3299
f 3249/3737/3299 2434/3731/3273 2936/3262/3297
f 2868/3738/3300 2938/3739/3291 2433/3268/3289
f 2398/3740/3080 3250/3269/3301 2868/3738/3300
f 2877/3741/3216 2937/3736/3298 3250/3269/3301
f 3250/3269/3301 2458/3264/3296 2938/3739/3291
f 2473/3270/2758 3251/3742/3302 2959/3667/3303
f 2708/3272/2760 2939/3743/3304 3251/3742/3302
f 3251/3742/3302 2433/3256/3289 2867/3732/3290
f 2959/3667/3303 2867/3732/3290 2384/3084/3286
f 2459/3274/2763 3252/3744/3305 2939/3745/3304
f 2709/3276/2765 2960/3746/3076 3252/3744/3305
f 3252/3744/3305 2398/3740/3080 2868/3738/3300
f 2939/3745/3304 2868/3738/3300 2433/3268/3289
f 2522/3279/2962 3253/3747/3306 3023/3748/3307
f 3042/3281/2961 3012/3749/3308 3253/3747/3306
f 3253/3747/3306 2512/3305/3309 3041/3750/2966
f 3023/3748/3307 3041/3750/2966 2518/3751/2963
f 3034/3285/3310 2801/3029/2770 2527/3019/2772
f 2520/3289/3311 3254/3286/3312 3034/3285/3310
f 3043/3288/3313 2958/3287/3132 3254/3286/3312
f 3254/3286/3312 2466/3029/2568 2801/3029/2770
f 2524/3290/2776 3255/3752/3314 3026/3753/3315
f 2795/3292/2778 2952/3581/3051 3255/3752/3314
f 3255/3752/3314 2380/2930/3054 3035/3294/3316
f 3026/3753/3315 3035/3294/3316 2516/3754/3317
f 2487/3295/3318 3256/3755/3319 2981/3298/3320
f 2941/3297/3321 2968/3301/3322 3256/3755/3319
f 3256/3755/3319 2470/3300/3323 2973/3299/3324
f 2981/3298/3320 2973/3299/3324 2488/3303/3325
f 2488/3303/3325 3257/3756/3326 2980/3306/3327
f 2470/3300/3323 3257/3756/3326 2973/3299/3324
f 2967/3308/3328 2974/3307/3329 3257/3756/3326
f 3257/3756/3326 2489/3305/3330 2980/3306/3327
f 2974/3307/3329 2979/3309/3331 2489/3305/3330
f 2472/3757/3332 3258/3758/3333 2974/3307/3329
f 2966/3313/3334 2940/3759/3335 3258/3758/3333
f 3258/3758/3333 2486/3310/3336 2979/3309/3331
f 2940/3759/3335 2978/3389/3337 2486/3310/3336
f 2468/3320/3338 3259/3760/3339 2940/3759/3335
f 2969/3761/3340 2975/3762/3341 3259/3760/3339
f 3259/3760/3339 2490/3328/3342 2978/3389/3337
f 2976/3322/3343 2995/3763/3344 2497/3764/3345
f 2976/3322/3343 2941/3327/3346 3260/3765/3347
f 3260/3765/3347 2487/3766/3348 2950/3767/3349
f 3260/3765/3347 2491/3768/3350 2995/3763/3344
f 2490/3328/3342 3261/3769/3351 2949/3770/3352
f 2986/3771/3353 2982/3772/3354 3261/3769/3351
f 3261/3769/3351 2494/3773/3355 2977/3774/3356
f 2949/3770/3352 2977/3774/3356 2476/3340/3357
f 2505/3775/3358 3262/3776/3359 3005/3315/3360
f 3014/3777/3361 2948/3778/3362 3262/3776/3359
f 3262/3776/3359 2476/3376/3357 3013/3007/3363
f 3005/3315/3360 3013/3007/3363 2501/3474/3364
f 3016/3779/3365 3000/3780/3366 2508/3781/3367
f 2479/3782/3368 3263/3783/3369 3016/3779/3365
f 2942/3784/3370 3017/3785/3371 3263/3783/3369
f 3263/3783/3369 2514/3284/3372 3000/3780/3366
f 2514/3284/3372 3264/3786/3373 3011/3749/3374
f 2484/3787/3375 3264/3786/3373 3017/3788/3371
f 3264/3786/3373 2480/3390/3376 3015/3390/3377
f 3011/3749/3374 3015/3390/3377 2511/3305/3378
f 2525/3789/3379 3265/3790/3380 3028/3791/3381
f 3036/3792/3382 2806/3593/3066 3265/3790/3380
f 3265/3790/3380 2381/3595/3012 3039/3546/3003
f 3028/3791/3381 3039/3546/3003 2517/2855/3000
f 2521/3548/3007 3266/3793/3383 3019/3794/3384
f 3040/3547/3006 2842/3364/3019 3266/3793/3383
f 3266/3793/3383 2390/3363/3023 3043/3362/3313
f 3019/3794/3384 3043/3362/3313 2520/3477/3311
f 2769/3795/2852 2997/3796/3385 2510/3367/2853
f 2477/3370/2856 3267/3797/3386 2769/3795/2852
f 2947/3798/3387 3016/3779/3365 3267/3797/3386
f 3267/3797/3386 2508/3781/3367 2997/3796/3385
f 2511/3395/3378 3268/3799/3388 3008/3394/3389
f 3015/3353/3377 2944/3394/3390 3268/3799/3388
f 3268/3799/3388 2481/3337/3391 3014/3800/3361
f 3008/3394/3389 3014/3800/3361 2505/3466/3358
f 2977/3774/3356 2951/3801/3392 2476/3340/3357
f 2494/3773/3355 3269/3802/3393 2977/3774/3356
f 2983/3803/3394 2715/3378/2864 3269/3802/3393
f 3269/3802/3393 2485/3290/2862 2951/3801/3392
f 2739/3381/2867 2994/3804/3395 2498/3382/2868
f 2467/3386/2871 3270/3805/3396 2739/3381/2867
f 2962/3806/3397 2976/3384/3343 3270/3805/3396
f 3270/3805/3396 2497/3764/3345 2994/3804/3395
f 2481/3800/3391 3271/3778/3398 2948/3778/3362
f 2486/3310/3336 3271/3778/3398 2971/3777/3399
f 2978/3315/3337 2949/3376/3352 3271/3778/3398
f 2948/3778/3362 2949/3376/3352 2476/3376/3357
f 2480/3807/3376 3272/3799/3400 2944/3394/3390
f 2489/3395/3330 3272/3799/3400 2946/3395/3401
f 2979/3394/3331 2971/3310/3399 3272/3799/3400
f 2944/3394/3390 2971/3310/3399 2481/3337/3391
f 2943/3808/3402 2945/3809/3403 2484/3787/3375
f 2488/3303/3325 3273/3810/3404 2943/3808/3402
f 3273/3810/3404 2489/3305/3330 2946/3390/3401
f 2945/3809/3403 2946/3390/3401 2480/3390/3376
f 2972/3811/3405 2942/3812/3370 2479/3813/3368
f 2487/3766/3318 3274/3814/3406 2972/3811/3405
f 2981/3403/3320 2943/3808/3402 3274/3814/3406
f 3274/3814/3406 2484/3787/3375 2942/3812/3370
f 2987/3815/3407 2975/3816/3341 2451/3817/3408
f 2496/3818/3409 3275/3819/3410 2987/3815/3407
f 2985/3339/3411 2986/3771/3353 3275/3819/3410
f 2975/3816/3341 2986/3771/3353 2490/3328/3342
f 2469/3410/2885 3276/3820/3412 2970/3821/3413
f 2734/3412/2887 2984/3822/3414 3276/3820/3412
f 3276/3820/3412 2496/3818/3409 2987/3815/3407
f 2970/3821/3413 2987/3815/3407 2451/3817/3408
f 2950/3767/3349 2993/3823/3415 2491/3768/3350
f 2487/3766/3348 3277/3824/3416 2950/3767/3349
f 2972/3811/3417 2988/3825/3418 3277/3824/3416
f 3277/3824/3416 2499/3418/3419 2993/3823/3415
f 2988/3825/3418 2992/3826/3420 2499/3418/3419
f 2479/3782/3421 3278/3827/3422 2988/3825/3418
f 3278/3827/3422 2477/3370/2900 2736/3828/2898
f 2992/3826/3420 2736/3828/2898 2500/3829/2908
f 2991/3428/3423 2983/3803/3424 2494/3773/3425
f 2499/3418/3419 3279/3830/3426 2991/3428/3423
f 3279/3830/3426 2500/3829/2908 2741/3831/3427
f 3279/3830/3426 2495/3832/2906 2983/3803/3424
f 2989/3833/3428 2982/3376/3429 2493/3376/3430
f 2491/3768/3350 3280/3834/3431 2989/3833/3428
f 2993/3823/3415 2991/3835/3423 3280/3834/3431
f 3280/3834/3431 2494/3007/3425 2982/3376/3429
f 2723/3836/2914 2984/3837/3432 2492/3454/2915
f 2498/3382/2868 3281/3838/3433 2723/3836/2914
f 2994/3804/3395 2990/3839/3434 3281/3838/3433
f 3281/3838/3433 2496/3818/3435 2984/3837/3432
f 2990/3839/3434 2985/3339/3436 2496/3818/3435
f 2497/3764/3345 3282/3840/3437 2990/3839/3434
f 2995/3763/3344 2989/3833/3428 3282/3840/3437
f 3282/3840/3437 2493/3376/3430 2985/3339/3436
f 2996/3446/3438 2997/3425/3385 2508/3426/3367
f 2996/3446/3438 2998/3025/3128 3283/3841/3439
f 3283/3841/3439 2509/3026/2561 2748/3026/3440
f 3283/3841/3439 2510/3016/2853 2997/3425/3385
f 2514/3284/3372 3284/3842/3441 3000/3843/3366
f 2999/3785/3442 3001/3453/2959 3284/3842/3441
f 3284/3842/3441 2507/2810/3129 2996/3452/3438
f 3000/3843/3366 2996/3452/3438 2508/3426/3367
f 2503/3454/2925 3285/3844/3443 3002/3476/3444
f 2753/3290/2927 3004/3476/2975 3285/3844/3443
f 3285/3844/3443 2502/3119/3011 3003/3318/3445
f 3002/3476/3444 3003/3318/3445 2501/3474/3364
f 2501/3474/3364 3286/3845/3446 3005/3846/3360
f 3003/3318/3445 3007/3847/3010 3286/3845/3446
f 3286/3845/3446 2506/3775/2968 3006/3466/3447
f 3005/3846/3360 3006/3466/3447 2505/3775/3358
f 2505/3466/3358 3287/3391/3448 3008/3393/3389
f 3006/3310/3447 3010/3309/2967 3287/3391/3448
f 3287/3391/3448 2512/3395/3309 3009/3395/3449
f 3008/3393/3389 3009/3395/3449 2511/3395/3378
f 2511/3305/3378 3288/3848/3450 3011/3849/3374
f 3009/3850/3449 3012/3849/3308 3288/3848/3450
f 3288/3848/3450 2513/2808/2960 2999/3284/3442
f 3011/3849/3374 2999/3284/3442 2514/3284/3372
f 2501/3474/3364 3289/3851/3451 3002/3476/3444
f 3013/3007/3363 2951/3801/3392 3289/3851/3451
f 3289/3851/3451 2485/3290/2862 2766/3290/2937
f 3002/3476/3444 2766/3290/2937 2503/3454/2925
f 2520/3477/3311 3290/3852/3452 3019/3853/3384
f 3018/3854/3453 3021/3855/2957 3290/3852/3452
f 3290/3852/3452 2522/3279/2962 3020/3856/3454
f 3019/3853/3384 3020/3856/3454 2521/3857/3007
f 2518/2811/2963 3291/3858/3455 3023/3859/3307
f 3022/3860/3456 3024/3545/3002 3291/3858/3455
f 3291/3858/3455 2521/3548/3007 3020/3861/3454
f 3023/3859/3307 3020/3861/3454 2522/3279/2962
f 2516/3862/3317 3292/3863/3457 3026/3864/3315
f 3025/3865/3458 3027/3866/2973 3292/3863/3457
f 3292/3863/3457 2523/3454/2947 2781/3290/2946
f 3026/3864/3315 2781/3290/2946 2524/3290/2776
f 2517/3867/3000 3293/3495/3459 3028/3358/3381
f 3022/3485/3456 3030/3498/2965 3293/3495/3459
f 3293/3495/3459 2526/3516/2970 3029/3868/3460
f 3028/3358/3381 3029/3868/3460 2525/3869/3379
f 2515/3554/2971 3294/3870/3461 3031/3551/3009
f 3025/3871/3458 3032/3872/3462 3294/3870/3461
f 3294/3870/3461 2525/3789/3379 3029/3873/3460
f 3031/3551/3009 3029/3873/3460 2526/3874/2970
f 2519/3644/2955 3295/3875/3463 3033/3022/3127
f 3018/3876/3453 3034/3508/3310 3295/3875/3463
f 3295/3875/3463 2527/3019/2772 2789/3019/2953
f 3033/3022/3127 2789/3019/2953 2528/3019/2556
f 2516/3754/3317 3296/3877/3464 3032/3872/3462
f 3035/3294/3316 2805/2932/3060 3296/3877/3464
f 3296/3877/3464 2401/3591/3064 3036/3792/3382
f 3032/3872/3462 3036/3792/3382 2525/3789/3379
f 2374/2803/2367 2775/2806/2370 3045/2804/2368
f 2775/2806/2370 2377/3511/2766 2800/2807/2371
f 3045/2804/2368 2800/2807/2371 2368/2808/2372
f 2804/2805/2369 3045/2804/2368 2752/2809/2373
f 2373/2811/2375 2785/2814/2378 3046/2812/2376
f 2785/2814/2378 2379/3878/2423 2793/2815/2379
f 3046/2812/2376 2793/2815/2379 2363/2816/2380
f 2799/2813/2377 3046/2812/2376 2762/2817/2381
f 2370/2819/2383 2782/2822/2386 3047/2820/2384
f 2782/2822/2386 2523/3493/2947 2796/2823/2387
f 3047/2820/2384 2796/2823/2387 2504/2824/2388
f 2794/2821/2385 3047/2820/2384 2756/2825/2389
f 2569/2827/2391 3048/2831/2395 2540/2828/2392
f 2569/2827/2391 2309/3879/2399 2602/2830/2394
f 3048/2831/2395 2602/2830/2394 2325/2832/2396
f 3048/2831/2395 2605/2833/2397 2295/2834/2398
f 2309/2835/2399 2568/2838/2401 3049/2836/2400
f 2568/2838/2401 2280/2888/2441 2561/2839/2402
f 3049/2836/2400 2561/2839/2402 2305/2840/2403
f 2602/2837/2394 3049/2836/2400 2603/2841/2404
f 2325/2842/2396 2603/2841/2404 3050/2843/2405
f 2603/2841/2404 2305/2840/2403 2560/2845/2407
f 3050/2843/2405 2560/2845/2407 2281/2846/2408
f 2604/2844/2406 3050/2843/2405 2570/2847/2409
f 2295/2834/2398 2605/2833/2397 3051/2849/2411
f 2605/2833/2397 2325/2832/2396 2604/2851/2406
f 3051/2849/2411 2604/2851/2406 2310/2852/2410
f 2539/2850/2412 3051/2849/2411 2571/2853/2413
f 2372/2855/2415 2778/2858/2418 3052/2856/2416
f 2778/2858/2418 2376/3359/2848 2798/2859/2419
f 3052/2856/2416 2798/2859/2419 2308/2860/2420
f 2797/2857/2417 3052/2856/2416 2567/2861/2421
f 2379/2863/2423 2786/2866/2425 3053/2864/2424
f 2786/2866/2425 2370/3880/2383 2794/2867/2385
f 3053/2864/2424 2794/2867/2385 2361/2868/2390
f 2793/2865/2379 3053/2864/2424 2759/2869/2426
f 2270/2871/2422 2567/2874/2421 3054/2872/2427
f 2567/2874/2421 2308/2860/2420 2606/2875/2429
f 3054/2872/2427 2606/2875/2429 2326/2876/2430
f 2534/2873/2428 3054/2872/2427 2609/2877/2431
f 2308/2860/2420 2566/2880/2434 3055/2879/2433
f 2566/2880/2434 2279/3035/2570 2563/2881/2435
f 3055/2879/2433 2563/2881/2435 2306/2882/2436
f 2606/2875/2429 3055/2879/2433 2607/2883/2437
f 2326/2876/2430 2607/2886/2437 3056/2884/2438
f 2607/2886/2437 2306/3561/2436 2562/2887/2440
f 3056/2884/2438 2562/2887/2440 2280/2888/2441
f 2608/2885/2439 3056/2884/2438 2568/2838/2401
f 2292/2889/2432 2609/2892/2431 3057/2890/2442
f 2609/2892/2431 2326/2876/2430 2608/2885/2439
f 3057/2890/2442 2608/2885/2439 2309/2835/2399
f 3057/2890/2442 2569/2893/2391 2272/2894/2393
f 2274/2854/2414 2571/2853/2413 3058/2895/2444
f 2571/2853/2413 2310/2852/2410 2610/2897/2446
f 3058/2895/2444 2610/2897/2446 2327/2898/2447
f 2547/2896/2445 3058/2895/2444 2613/2899/2448
f 2310/2848/2410 2570/2847/2409 3059/2901/2450
f 2570/2847/2409 2281/3571/2408 2559/2902/2451
f 2559/2902/2451 2304/2907/2455 2611/2903/2452
f 2610/2897/2446 3059/2901/2450 2611/2903/2452
f 2327/2904/2447 2611/2903/2452 3060/2905/2453
f 2304/2907/2455 2558/3575/2678 3060/2905/2453
f 3060/2905/2453 2558/3575/2678 2282/2908/2456
f 2612/2906/2454 3060/2905/2453 2565/2909/2457
f 2299/2911/2449 2613/2914/2448 3061/2912/2459
f 2613/2914/2448 2327/2904/2447 2612/2906/2454
f 3061/2912/2459 2612/2906/2454 2307/2910/2458
f 2548/2913/2460 3061/2912/2459 2564/2915/2461
f 2460/2917/2463 2679/2920/2466 3062/2918/2464
f 2679/2920/2466 2269/2930/2476 2535/2921/2467
f 2535/2921/2467 2293/2925/2471 2614/2922/2468
f 3062/2918/2464 2614/2922/2468 2442/2923/2469
f 2614/2922/2468 3063/2926/2472 2689/2924/2470
f 2293/2925/2471 2536/2927/2473 3063/2926/2472
f 2536/2927/2473 2271/2947/2492 2680/2928/2474
f 3063/2926/2472 2680/2928/2474 2461/2929/2475
f 2269/2930/2476 2529/2932/2478 3064/2931/2477
f 2529/2932/2478 2290/2936/2482 2615/2933/2479
f 3064/2931/2477 2615/2933/2479 2328/2934/2480
f 2535/2921/2467 3064/2931/2477 2618/2935/2481
f 2290/2936/2482 2530/2938/2484 3065/2937/2483
f 2530/2938/2484 2270/2862/2422 2534/2939/2428
f 3065/2937/2483 2534/2939/2428 2292/2889/2432
f 2615/2933/2479 3065/2937/2483 2616/2940/2485
f 2616/2940/2485 3066/2942/2487 2617/2941/2486
f 2292/2889/2432 2533/2891/2443 3066/2942/2487
f 2533/2891/2443 2272/2894/2393 2532/2943/2488
f 3066/2942/2487 2532/2943/2488 2291/2944/2489
f 2618/2935/2481 3067/2945/2490 2536/2927/2473
f 2328/2934/2480 2617/2941/2486 3067/2945/2490
f 2617/2941/2486 2291/2944/2489 2531/2946/2491
f 3067/2945/2490 2531/2946/2491 2271/2947/2492
f 2474/2948/2493 2687/2951/2496 3068/2949/2494
f 2687/2951/2496 2287/3152/2660 2585/2952/2497
f 3068/2949/2494 2585/2952/2497 2317/2953/2498
f 2690/2950/2495 3068/2949/2494 2619/2954/2499
f 2444/2955/2501 2619/2954/2504 3069/2956/2502
f 2619/2954/2504 2317/2953/2679 2586/2958/2505
f 3069/2956/2502 2586/2958/2505 2281/2846/2408
f 2691/2957/2503 3069/2956/2502 2683/2959/2506
f 2680/2928/2474 3070/2962/2509 2692/2961/2508
f 2271/2947/2492 2541/2963/2510 3070/2962/2509
f 2541/2963/2510 2296/2966/2514 2620/2964/2511
f 3070/2962/2509 2620/2964/2511 2445/2923/2512
f 2620/2965/2511 3071/2967/2515 2693/2917/2513
f 2296/2966/2514 2542/2968/2516 3071/2967/2515
f 2542/2968/2516 2284/2988/2531 2681/2969/2517
f 3071/2967/2515 2681/2969/2517 2462/2917/2518
f 2531/2946/2491 3072/2970/2519 2541/2963/2510
f 2291/2944/2489 2621/2971/2520 3072/2970/2519
f 2621/2971/2520 2329/2976/2524 2624/2972/2521
f 3072/2970/2519 2624/2972/2521 2296/2966/2514
f 2532/2943/2488 3073/2973/2522 2621/2971/2520
f 2272/2894/2393 2540/2974/2392 3073/2973/2522
f 2540/2974/2392 2295/2978/2398 2622/2975/2523
f 3073/2973/2522 2622/2975/2523 2329/2976/2524
f 2622/2975/2523 3074/2979/2526 2623/2977/2525
f 2295/2978/2398 2539/2980/2412 3074/2979/2526
f 2539/2980/2412 2274/2854/2414 2538/2981/2527
f 3074/2979/2526 2538/2981/2527 2294/2982/2528
f 2624/2983/2521 3075/2985/2529 2542/2968/2516
f 2329/2984/2524 2623/2986/2525 3075/2985/2529
f 2623/2986/2525 2294/2990/2528 2537/2987/2530
f 3075/2985/2529 2537/2987/2530 2284/2988/2531
f 2537/2987/2530 3076/2991/2533 2545/2989/2532
f 2294/2990/2528 2625/2996/2537 3076/2991/2533
f 3076/2991/2533 2625/2996/2537 2330/2992/2534
f 2545/2989/2532 3076/2991/2533 2628/2993/2535
f 2538/2995/2527 3077/2998/2538 2625/2996/2537
f 2538/2995/2527 2274/2854/2414 2547/2997/2445
f 3077/2998/2538 2547/2997/2445 2299/2911/2449
f 2625/2996/2537 3077/2998/2538 2626/2999/2539
f 2330/2992/2534 2626/2999/2539 3078/3000/2540
f 2626/2999/2539 2299/2911/2449 2548/2913/2460
f 3078/3000/2540 2548/2913/2460 2276/2916/2462
f 2627/3001/2541 3078/3000/2540 2544/3002/2542
f 2298/2994/2536 2628/2993/2535 3079/3004/2544
f 2628/2993/2535 2330/2992/2534 2627/3001/2541
f 3079/3004/2544 2627/3001/2541 2297/3003/2543
f 2546/3005/2545 3079/3004/2544 2543/3006/2546
f 2666/3008/2548 3080/3011/2551 2694/3009/2549
f 2464/2960/2507 2683/2959/2506 3080/3011/2551
f 2683/2959/2506 2281/2846/2408 2560/3012/2407
f 3080/3011/2551 2560/3012/2407 2305/3013/2403
f 2667/3014/2552 3081/3017/2555 2684/3015/2553
f 2475/3010/2550 2694/3009/2549 3081/3017/2555
f 2694/3009/2549 2305/3013/2403 2561/3018/2402
f 3081/3017/2555 2561/3018/2402 2280/2888/2441
f 2528/3019/2556 2788/3022/2559 3082/3020/2557
f 2788/3022/2559 2374/3483/2367 2804/3023/2369
f 3082/3020/2557 2804/3023/2369 2364/3024/2374
f 2803/3021/2558 3082/3020/2557 2749/3025/2560
f 2695/3027/2562 3083/3030/2565 2629/3028/2563
f 2465/3016/2554 2684/3031/2553 3083/3030/2565
f 2684/3031/2553 2280/3881/2441 2562/3032/2440
f 3083/3030/2565 2562/3032/2440 2306/2882/2436
f 2696/3029/2566 3084/3034/2569 2685/3033/2567
f 2448/3029/2564 2629/3028/2563 3084/3034/2569
f 2629/3028/2563 2306/2882/2436 2563/2881/2435
f 3084/3034/2569 2563/2881/2435 2279/3035/2570
f 2285/3007/2547 2543/3006/2546 3085/3036/2571
f 2543/3006/2546 2297/3003/2543 2630/3038/2573
f 3085/3036/2571 2630/3038/2573 2331/3039/2574
f 2556/3037/2572 3085/3036/2571 2633/3040/2575
f 2297/3003/2543 2544/3002/2542 3086/3042/2577
f 2544/3002/2542 2276/2916/2462 2554/3043/2578
f 3086/3042/2577 2554/3043/2578 2302/3044/2579
f 2630/3038/2573 3086/3042/2577 2631/3045/2580
f 2331/3039/2574 2631/3045/2580 3087/3046/2581
f 2631/3045/2580 2302/3044/2579 2555/3048/2583
f 3087/3046/2581 2555/3048/2583 2283/3049/2584
f 2632/3047/2582 3087/3046/2581 2552/3050/2585
f 2303/3052/2576 2633/3055/2575 3088/3053/2587
f 2633/3055/2575 2331/3655/2574 2632/3056/2582
f 3088/3053/2587 2632/3056/2582 2301/3051/2586
f 2557/3054/2588 3088/3053/2587 2553/3057/2589
f 2276/3059/2462 2564/3062/2461 3089/3060/2591
f 2564/3062/2461 2307/3067/2458 2634/3063/2592
f 2634/3063/2592 2332/3072/2597 2637/3064/2593
f 2554/3061/2578 3089/3060/2591 2637/3064/2593
f 2565/3066/2457 3090/3069/2594 2634/3063/2592
f 2282/3068/2456 2573/3070/2595 3090/3069/2594
f 2573/3070/2595 2311/3074/2599 2635/3071/2596
f 3090/3069/2594 2635/3071/2596 2332/3072/2597
f 2635/3071/2596 3091/3075/2600 2636/3073/2598
f 2311/3074/2599 2572/3076/2601 3091/3075/2600
f 2572/3076/2601 2278/3882/2713 2549/3077/2602
f 3091/3075/2600 2549/3077/2602 2300/3078/2603
f 2637/3064/2593 3092/3080/2604 2555/3079/2583
f 2332/3072/2597 2636/3073/2598 3092/3080/2604
f 2636/3073/2598 2300/3078/2603 2550/3081/2605
f 3092/3080/2604 2550/3081/2605 2283/3049/2584
f 2686/3082/2606 3093/3086/2610 2580/3083/2607
f 2473/3085/2609 2698/3087/2611 3093/3086/2610
f 2698/3087/2611 2452/3093/2615 2638/3088/2612
f 3093/3086/2610 2638/3088/2612 2314/3089/2613
f 2638/3090/2612 3094/3094/2616 2579/3091/2614
f 2452/3093/2615 2699/3095/2617 3094/3094/2616
f 2699/3095/2617 2462/2917/2518 2681/3096/2517
f 3094/3094/2616 2681/3096/2517 2284/3097/2531
f 2275/3098/2618 2575/3101/2621 3095/3099/2619
f 2575/3101/2621 2312/3106/2626 2639/3102/2622
f 3095/3099/2619 2639/3102/2622 2334/3103/2623
f 2582/3100/2620 3095/3099/2619 2642/3104/2624
f 2312/3106/2626 2574/3109/2628 3096/3107/2627
f 2273/3108/2608 2580/3110/2607 3096/3107/2627
f 2580/3110/2607 2314/3092/2613 2640/3111/2629
f 2639/3102/2622 3096/3107/2627 2640/3111/2629
f 2640/3111/2629 3097/3113/2631 2641/3112/2630
f 2314/3092/2613 2579/3091/2614 3097/3113/2631
f 2579/3091/2614 2284/3097/2531 2545/3114/2532
f 3097/3113/2631 2545/3114/2532 2298/3115/2536
f 2315/3105/2625 2642/3104/2624 3098/3116/2632
f 2642/3104/2624 2334/3103/2623 2641/3112/2630
f 3098/3116/2632 2641/3112/2630 2298/3115/2536
f 2581/3117/2633 3098/3116/2632 2546/3118/2545
f 2576/3120/2634 3099/3124/2638 2700/3121/2635
f 2277/3123/2637 2583/3125/2639 3099/3124/2638
f 2583/3125/2639 2316/3129/2643 2701/3126/2640
f 3099/3124/2638 2701/3126/2640 2478/3127/2641
f 2701/3126/2640 3100/3130/2644 2668/3128/2642
f 2316/3129/2643 2584/3131/2645 3100/3130/2644
f 2584/3131/2645 2286/3058/2590 2682/3132/2646
f 3100/3130/2644 2682/3132/2646 2463/3133/2647
f 2277/3123/2637 2578/3135/2649 3101/3134/2648
f 2578/3135/2649 2313/3139/2653 2643/3136/2650
f 3101/3134/2648 2643/3136/2650 2335/3137/2651
f 3101/3134/2648 2646/3138/2652 2316/3129/2643
f 2313/3139/2653 2577/3141/2655 3102/3140/2654
f 2577/3141/2655 2275/3227/2618 2582/3142/2620
f 3102/3140/2654 2582/3142/2620 2315/3143/2625
f 2643/3136/2650 3102/3140/2654 2644/3144/2656
f 2335/3137/2651 2644/3144/2656 3103/3145/2657
f 2644/3144/2656 2315/3143/2625 2581/3147/2633
f 3103/3145/2657 2581/3147/2633 2285/3148/2547
f 2645/3146/2658 3103/3145/2657 2556/3149/2572
f 2646/3138/2652 3104/3150/2659 2584/3131/2645
f 2646/3138/2652 2335/3137/2651 2645/3146/2658
f 3104/3150/2659 2645/3146/2658 2303/3052/2576
f 3104/3150/2659 2557/3151/2588 2286/3058/2590
f 2287/3152/2660 2601/3155/2663 3105/3153/2661
f 2324/3154/2662 2647/3883/2667 3105/3153/2661
f 3105/3153/2661 2647/3883/2667 2336/3156/2664
f 2585/2952/2497 3105/3153/2661 2650/3157/2665
f 2600/3158/2666 3106/3162/2669 2647/3159/2667
f 2288/3161/2668 2587/3163/2670 3106/3162/2669
f 2587/3163/2670 2318/3884/2687 2648/3164/2671
f 3106/3162/2669 2648/3164/2671 2336/3165/2664
f 2336/3156/2672 2648/3169/2676 3107/3166/2673
f 2318/3168/2675 2588/3170/2677 3107/3166/2673
f 2588/3170/2677 2282/2908/2456 2558/3171/2678
f 2649/3167/2674 3107/3166/2673 2558/3171/2678
f 2317/3172/2679 2650/3175/2681 3108/3173/2680
f 2650/3175/2681 2336/3156/2672 2649/3167/2674
f 3108/3173/2680 2649/3167/2674 2304/2907/2455
f 2586/3174/2505 3108/3173/2680 2559/3176/2451
f 2599/3178/2682 3109/3182/2684 2587/3179/2670
f 2323/3181/2683 2651/3183/2685 3109/3182/2684
f 2651/3183/2685 2337/3190/2693 2654/3184/2686
f 3109/3182/2684 2654/3184/2686 2318/3168/2687
f 2598/3185/2688 3110/3187/2690 2651/3183/2685
f 2289/3186/2689 2589/3188/2691 3110/3187/2690
f 2589/3188/2691 2319/3192/2707 2652/3189/2692
f 3110/3187/2690 2652/3189/2692 2337/3190/2693
f 2652/3189/2694 3111/3193/2698 2653/3191/2695
f 2319/3192/2697 2590/3194/2699 3111/3193/2698
f 2590/3194/2699 2278/3885/2713 2572/3195/2601
f 2653/3191/2695 3111/3193/2698 2572/3195/2601
f 2654/3197/2700 3112/3199/2701 2588/3170/2677
f 2337/3198/2696 2653/3200/2695 3112/3199/2701
f 2653/3200/2695 2311/3196/2599 2573/3201/2595
f 3112/3199/2701 2573/3201/2595 2282/2908/2456
f 2597/3202/2702 3113/3205/2704 2589/3203/2691
f 2436/3204/2703 2702/3206/2705 3113/3205/2704
f 2702/3206/2705 2482/3210/3465 2704/3207/2706
f 3113/3205/2704 2704/3207/2706 2319/3208/2707
f 2704/3207/2708 3114/3211/2710 2590/3209/2699
f 2482/3210/2709 2703/3212/2711 3114/3211/2710
f 2703/3212/2711 2412/3886/3466 2551/3213/2712
f 3114/3211/2710 2551/3213/2712 2278/3214/2713
f 2576/3215/2714 3115/3219/2718 2595/3216/2715
f 2425/3218/2717 2705/3220/2719 3115/3219/2718
f 2705/3220/2719 2483/3224/2723 2707/3221/2720
f 3115/3219/2718 2707/3221/2720 2322/3222/2721
f 2707/3221/2720 3116/3225/2724 2596/3223/2722
f 2483/3224/2723 2706/3226/2725 3116/3225/2724
f 2706/3226/2725 2436/3204/2703 2597/3202/2702
f 3116/3225/2724 2597/3202/2702 2289/3203/2689
f 2275/3227/2726 2577/3230/2729 3117/3228/2727
f 2577/3230/2729 2313/3139/2733 2655/3231/2730
f 2655/3231/2730 2338/3238/2737 2658/3232/2731
f 3117/3228/2727 2658/3232/2731 2321/3233/2732
f 2313/3139/2733 2578/3235/2735 3118/3234/2734
f 2277/3123/2716 2595/3236/2715 3118/3234/2734
f 2595/3236/2715 2322/3887/2721 2656/3237/2736
f 3118/3234/2734 2656/3237/2736 2338/3238/2737
f 2656/3237/2736 3119/3242/2739 2657/3239/2738
f 2322/3241/2721 2596/3243/2722 3119/3242/2739
f 2596/3243/2722 2289/3888/2689 2598/3244/2688
f 3119/3242/2739 2598/3244/2688 2323/3245/2683
f 2658/3246/2731 3120/3249/2741 2594/3247/2740
f 2338/3240/2737 2657/3239/2738 3120/3249/2741
f 2657/3239/2738 2323/3245/2683 2599/3250/2682
f 3120/3249/2741 2599/3250/2682 2288/3161/2668
f 2273/3084/2742 2574/3253/2745 3121/3251/2743
f 2574/3253/2745 2312/3257/2749 2659/3254/2746
f 2659/3254/2746 2339/3261/2753 2662/3255/2747
f 3121/3251/2743 2662/3255/2747 2320/3256/2748
f 2312/3257/2749 2575/3259/2751 3122/3258/2750
f 2575/3259/2751 2275/3227/2726 2593/3229/2728
f 2593/3229/2728 2321/3233/2732 2660/3260/2752
f 3122/3258/2750 2660/3260/2752 2339/3261/2753
f 2660/3262/2752 3123/3265/2755 2661/3263/2754
f 2321/3248/2732 2594/3247/2740 3123/3265/2755
f 2594/3247/2740 2288/3161/2668 2600/3158/2666
f 3123/3265/2755 2600/3158/2666 2324/3160/2662
f 2662/3266/2747 3124/3269/2757 2592/3267/2756
f 2339/3264/2753 2661/3263/2754 3124/3269/2757
f 2661/3263/2754 2324/3160/2662 2601/3155/2663
f 3124/3269/2757 2601/3155/2663 2287/3152/2660
f 2473/3270/2758 2686/3082/2761 3125/3271/2759
f 2686/3082/2761 2273/3084/2742 2591/3252/2744
f 3125/3271/2759 2591/3252/2744 2320/3256/2748
f 2708/3272/2760 3125/3271/2759 2663/3273/2762
f 2459/3274/2763 2663/3277/2762 3126/3275/2764
f 2663/3277/2762 2320/3268/2748 2592/3267/2756
f 3126/3275/2764 2592/3267/2756 2287/3152/2660
f 2709/3276/2765 3126/3275/2764 2687/3278/2496
f 2377/3279/2766 2777/3282/2768 3127/3280/2767
f 2777/3282/2768 2373/2811/2375 2799/2813/2377
f 3127/3280/2767 2799/2813/2377 2367/2818/2382
f 2800/3281/2371 3127/3280/2767 2764/3283/2769
f 2801/3029/2770 3128/3286/2773 2790/3285/2771
f 2466/3029/2568 2685/3287/2567 3128/3286/2773
f 2685/3287/2567 2279/3889/2570 2802/3288/2774
f 3128/3286/2773 2802/3288/2774 2375/3289/2775
f 2524/3290/2776 2780/3293/2779 3129/3291/2777
f 2780/3293/2779 2371/3505/2943 2791/3294/2780
f 3129/3291/2777 2791/3294/2780 2269/2930/2476
f 2795/3292/2778 3129/3291/2777 2679/2920/2466
f 2350/3295/2781 2727/3298/2784 3130/3296/2782
f 2727/3298/2784 2351/3303/2789 2718/3299/2785
f 3130/3296/2782 2718/3299/2785 2341/3300/2786
f 2665/3297/2783 3130/3296/2782 2712/3301/2787
f 2351/3303/2789 2726/3306/2792 3131/3304/2790
f 2352/3305/2791 2719/3307/2793 3131/3304/2790
f 2719/3307/2793 2343/3314/2800 2711/3308/2794
f 3131/3304/2790 2711/3308/2794 2341/3300/2786
f 2725/3309/2795 3132/3311/2797 2719/3307/2793
f 2349/3310/2796 2664/3312/2798 3132/3311/2797
f 2664/3312/2798 2340/3320/2806 2710/3313/2799
f 3132/3311/2797 2710/3313/2799 2343/3314/2800
f 2724/3315/2801 3133/3317/2803 2664/3312/2798
f 2353/3316/2802 2720/3318/2804 3133/3317/2803
f 2720/3318/2804 2333/3890/2881 2713/3319/2805
f 3133/3317/2803 2713/3319/2805 2340/3320/2806
f 2745/3321/2807 3134/3325/2811 2721/3322/2808
f 2354/3324/2810 2677/3417/2892 3134/3325/2811
f 3134/3325/2811 2677/3417/2892 2350/3326/2812
f 2721/3322/2808 3134/3325/2811 2665/3327/2813
f 2353/3328/2802 2676/3331/2817 3135/3329/2815
f 2676/3331/2817 2344/3340/2827 2722/3332/2818
f 3135/3329/2815 2722/3332/2818 2356/3333/2819
f 2732/3330/2816 3135/3329/2815 2728/3334/2820
f 2362/3310/2822 2757/3338/2825 3136/3336/2823
f 2757/3338/2825 2360/3461/2930 2765/3339/2826
f 3136/3336/2823 2765/3339/2826 2344/3340/2827
f 2767/3337/2824 3136/3336/2823 2675/3341/2828
f 2751/3342/2830 3137/3346/2834 2770/3343/2831
f 2369/3345/2833 2771/3347/2835 3137/3346/2834
f 2771/3347/2835 2348/3354/2843 2669/3348/2836
f 3137/3346/2834 2669/3348/2836 2345/3349/2837
f 2369/3345/2833 2763/3351/2839 3138/3350/2838
f 2763/3351/2839 2366/3371/2857 2768/3352/2840
f 3138/3350/2838 2768/3352/2840 2346/3353/2841
f 3138/3350/2838 2672/3306/2842 2348/3354/2843
f 2378/3355/2844 2783/3358/2847 3139/3356/2845
f 2783/3358/2847 2372/2855/2415 2797/2857/2417
f 3139/3356/2845 2797/2857/2417 2270/2862/2422
f 2792/3357/2846 3139/3356/2845 2530/2938/2484
f 2376/3359/2848 2773/3361/2850 3140/3360/2849
f 2773/3361/2850 2375/3477/2775 2802/3362/2774
f 3140/3360/2849 2802/3362/2774 2279/3363/2570
f 2798/2859/2419 3140/3360/2849 2566/3364/2434
f 2747/3365/2851 3141/3368/2854 2769/3366/2852
f 2365/3344/2832 2770/3343/2831 3141/3368/2854
f 2770/3343/2831 2345/3349/2837 2674/3369/2855
f 3141/3368/2854 2674/3369/2855 2477/3370/2856
f 2366/3371/2857 2760/3373/2859 3142/3372/2858
f 2760/3373/2859 2362/3310/2822 2767/3337/2824
f 3142/3372/2858 2767/3337/2824 2347/3310/2829
f 2768/3352/2840 3142/3372/2858 2671/3374/2860
f 2678/3375/2861 3143/3377/2863 2722/3332/2818
f 2485/3290/2862 2715/3378/2864 3143/3377/2863
f 2715/3378/2864 2495/3832/3467 2729/3379/2865
f 3143/3377/2863 2729/3379/2865 2356/3333/2819
f 2744/3380/2866 3144/3383/2869 2739/3381/2867
f 2358/3323/2809 2721/3384/2808 3144/3383/2869
f 2721/3384/2808 2342/3891/2814 2697/3385/2870
f 3144/3383/2869 2697/3385/2870 2467/3386/2871
f 2347/3310/2829 2675/3341/2828 3145/3387/2872
f 2675/3341/2828 2344/3340/2827 2676/3388/2817
f 2676/3388/2817 2353/3328/2802 2724/3389/2801
f 3145/3387/2872 2724/3389/2801 2349/3310/2796
f 2346/3390/2841 2671/3393/2860 3146/3391/2874
f 2671/3393/2860 2347/3892/2829 2716/3337/2873
f 2716/3337/2873 2349/3337/2796 2725/3394/2795
f 3146/3391/2874 2725/3394/2795 2352/3395/2791
f 2672/3396/2842 3147/3398/2877 2670/3397/2876
f 2672/3396/2842 2346/3390/2841 2673/3392/2875
f 3147/3398/2877 2673/3392/2875 2352/3395/2791
f 3147/3398/2877 2726/3306/2792 2351/3399/2789
f 2669/3348/2836 3148/3401/2879 2717/3400/2878
f 2348/3354/2843 2670/3402/2876 3148/3401/2879
f 2670/3402/2876 2351/3303/2789 2727/3403/2784
f 3148/3401/2879 2727/3403/2784 2350/3326/2781
f 2720/3404/2804 3149/3407/2882 2733/3405/2880
f 2720/3404/2804 2353/3328/2802 2732/3330/2816
f 2732/3330/2816 2355/3335/2821 2731/3408/2883
f 3149/3407/2882 2731/3408/2883 2357/3409/2884
f 2469/3410/2885 2714/3413/2888 3150/3411/2886
f 2714/3413/2888 2333/3406/2881 2733/3405/2880
f 3150/3411/2886 2733/3405/2880 2357/3409/2884
f 2734/3412/2887 3150/3411/2886 2730/3414/2889
f 2743/3416/2891 3151/3419/2894 2677/3417/2892
f 2359/3418/2893 2735/3420/2895 3151/3419/2894
f 2735/3420/2895 2345/3349/2902 2717/3400/2896
f 3151/3419/2894 2717/3400/2896 2350/3326/2812
f 2742/3421/2897 3152/3424/2899 2735/3422/2895
f 2742/3421/2897 2500/3829/2908 2736/3423/2898
f 3152/3424/2899 2736/3423/2898 2477/3016/2900
f 3152/3424/2899 2674/3425/2901 2345/3426/2902
f 2729/3427/2903 3153/3431/2907 2740/3428/2904
f 2495/3430/2906 2741/3893/3427 3153/3431/2907
f 3153/3431/2907 2741/3893/3427 2500/3432/2908
f 3153/3431/2907 2742/3433/2897 2359/3434/2893
f 2728/3435/2909 3154/3438/2912 2737/3436/2910
f 2356/3429/2905 2740/3428/2904 3154/3438/2912
f 2740/3428/2904 2359/3434/2893 2743/3439/2891
f 3154/3438/2912 2743/3439/2891 2354/3440/2810
f 2730/3414/2913 3155/3442/2917 2723/3441/2914
f 2357/3409/2916 2738/3443/2918 3155/3442/2917
f 2738/3443/2918 2358/3323/2809 2744/3380/2866
f 3155/3442/2917 2744/3380/2866 2498/3382/2868
f 2731/3408/2919 3156/3444/2920 2738/3443/2918
f 2355/3335/2911 2737/3436/2910 3156/3444/2920
f 2737/3436/2910 2354/3324/2810 2745/3321/2807
f 3156/3444/2920 2745/3321/2807 2358/3323/2809
f 2747/3445/2851 3157/3447/2922 2746/3446/2921
f 2510/3367/2853 2748/3894/3440 3157/3447/2922
f 3157/3447/2922 2748/3894/3440 2509/3026/2561
f 2746/3446/2921 3157/3447/2922 2749/3448/2560
f 2369/3345/2833 2751/3451/2830 3158/3449/2923
f 2751/3451/2830 2365/3344/2832 2746/3452/2921
f 3158/3449/2923 2746/3452/2921 2364/2810/2374
f 2750/3450/2924 3158/3449/2923 2752/3453/2373
f 2503/3454/2925 2754/3457/2928 3159/3455/2926
f 2754/3457/2928 2360/3461/2930 2755/3458/2929
f 3159/3455/2926 2755/3458/2929 2361/3459/2390
f 2753/3456/2927 3159/3455/2926 2756/3460/2389
f 2360/3461/2930 2757/3338/2825 3160/3462/2931
f 2757/3338/2825 2362/3466/2822 2758/3463/2932
f 3160/3462/2931 2758/3463/2932 2363/3464/2380
f 2755/3458/2929 3160/3462/2931 2759/3465/2426
f 2362/3466/2822 2760/3373/2859 3161/3467/2933
f 2760/3373/2859 2366/3371/2857 2761/3468/2934
f 3161/3467/2933 2761/3468/2934 2367/2818/2382
f 2758/3463/2932 3161/3467/2933 2762/3469/2381
f 2366/3470/2857 2763/3471/2839 3162/3351/2935
f 2763/3471/2839 2369/3284/2833 2750/3284/2924
f 3162/3351/2935 2750/3284/2924 2368/2808/2372
f 2761/3470/2934 3162/3351/2935 2764/3472/2769
f 2360/3474/2930 2754/3476/2928 3163/3475/2936
f 2754/3476/2928 2503/3454/2925 2766/3290/2937
f 3163/3475/2936 2766/3290/2937 2485/3290/2862
f 2765/3007/2826 3163/3475/2936 2678/3375/2861
f 2375/3477/2775 2773/3480/2850 3164/3478/2938
f 2773/3480/2850 2376/3895/2848 2774/3481/2940
f 3164/3478/2938 2774/3481/2940 2377/3279/2766
f 2772/3479/2939 3164/3478/2938 2775/3482/2370
f 2373/2811/2375 2777/3486/2768 3165/3484/2941
f 2777/3486/2768 2377/3279/2766 2774/3487/2940
f 3165/3484/2941 2774/3487/2940 2376/3359/2848
f 2776/3485/2942 3165/3484/2941 2778/2858/2418
f 2371/3488/2943 2780/3491/2779 3166/3489/2944
f 2780/3491/2779 2524/3290/2776 2781/3492/2946
f 3166/3489/2944 2781/3492/2946 2523/3493/2947
f 2779/3490/2945 3166/3489/2944 2782/2822/2386
f 2372/3494/2415 2783/3496/2847 3167/3495/2948
f 2783/3496/2847 2378/3896/2844 2784/3497/2949
f 3167/3495/2948 2784/3497/2949 2379/2863/2423
f 2776/3485/2942 3167/3495/2948 2785/3498/2378
f 2370/3500/2383 2786/3503/2425 3168/3501/2950
f 2786/3503/2425 2379/3897/2423 2784/3497/2949
f 3168/3501/2950 2784/3497/2949 2378/3355/2844
f 2779/3502/2945 3168/3501/2950 2787/3504/2951
f 2374/3483/2367 2788/3022/2559 3169/3506/2952
f 2788/3022/2559 2528/3019/2556 2789/3019/2953
f 3169/3506/2952 2789/3019/2953 2527/3019/2772
f 2772/3507/2939 3169/3506/2952 2790/3508/2771
f 2371/3505/2943 2787/3504/2951 3170/3509/2954
f 2787/3504/2951 2378/3355/2844 2792/3357/2846
f 3170/3509/2954 2792/3357/2846 2290/2936/2482
f 2791/3294/2780 3170/3509/2954 2529/2932/2478
f 2519/2803/2955 3044/2805/2958 3171/3510/2956
f 3044/2805/2958 2507/2810/3129 3001/2809/2959
f 3171/3510/2956 3001/2809/2959 2513/2808/2960
f 3021/2806/2957 3171/3510/2956 3042/2807/2961
f 2518/3512/2963 3041/3514/2966 3172/3513/2964
f 3041/3514/2966 2512/3395/3309 3010/3394/2967
f 3172/3513/2964 3010/3394/2967 2506/3466/2968
f 3030/3498/2965 3172/3513/2964 3037/3515/2969
f 2515/3517/2971 3038/3520/2974 3173/3518/2972
f 3038/3520/2974 2502/3316/3011 3004/3521/2975
f 3173/3518/2972 3004/3521/2975 2504/2824/2388
f 3027/3519/2973 3173/3518/2972 2796/3522/2387
f 2816/2828/2976 3174/3526/2980 2845/3523/2977
f 2406/3525/2979 2881/3541/2996 3174/3526/2980
f 3174/3526/2980 2881/3541/2996 2439/2842/2981
f 2845/3523/2977 3174/3526/2980 2878/3527/2982
f 2421/3529/2983 2878/3532/2982 3175/3530/2984
f 2878/3532/2982 2439/2842/2981 2879/3533/2986
f 3175/3530/2984 2879/3533/2986 2417/3534/2987
f 2844/3531/2985 3175/3530/2984 2837/3535/2988
f 2439/2842/2981 2880/3537/2991 3176/3536/2990
f 2880/3537/2991 2422/2848/2999 2846/2847/2992
f 3176/3536/2990 2846/2847/2992 2392/3538/2993
f 2879/3533/2986 3176/3536/2990 2836/3539/2994
f 2406/3525/2979 2815/3542/2997 3177/3540/2995
f 2815/3542/2997 2385/2854/3030 2847/2853/2998
f 3177/3540/2995 2847/2853/2998 2422/2852/2999
f 2881/3541/2996 3177/3540/2995 2880/3543/2991
f 2517/2855/3000 3039/3546/3003 3178/3544/3001
f 3039/3546/3003 2381/3595/3012 2843/2861/3004
f 3178/3544/3001 2843/2861/3004 2420/2860/3005
f 3024/3545/3002 3178/3544/3001 3040/3547/3006
f 2526/3549/2970 3037/3552/2969 3179/3550/3008
f 3037/3552/2969 2506/3775/2968 3007/3315/3010
f 3179/3550/3008 3007/3315/3010 2502/3119/3011
f 3031/3551/3009 3179/3550/3008 3038/3553/2974
f 2381/2871/3012 2810/2873/3014 3180/3555/3013
f 2810/2873/3014 2403/2878/3027 2885/2877/3015
f 3180/3555/3013 2885/2877/3015 2440/2876/3016
f 2843/2874/3004 3180/3555/3013 2882/3556/3017
f 2420/2860/3005 2882/3556/3017 3181/2879/3018
f 2882/3556/3017 2440/2876/3016 2883/2883/3020
f 3181/2879/3018 2883/2883/3020 2418/3557/3021
f 2842/2880/3019 3181/2879/3018 2839/3558/3022
f 2440/2876/3016 2884/3560/3025 3182/3559/3024
f 2884/3560/3025 2421/3529/2983 2844/3531/2985
f 3182/3559/3024 2844/3531/2985 2391/2888/2989
f 2883/2886/3020 3182/3559/3024 2838/2887/3026
f 2403/3562/3027 2809/2891/3029 3183/3563/3028
f 2383/3564/2978 2845/2893/2977 3183/3563/3028
f 3183/3563/3028 2845/2893/2977 2421/3529/2983
f 2885/2892/3015 3183/3563/3028 2884/3560/3025
f 2385/2854/3030 2823/3566/3032 3184/3565/3031
f 2823/3566/3032 2410/3898/3045 2889/2899/3033
f 3184/3565/3031 2889/2899/3033 2441/3567/3034
f 2847/2853/2998 3184/3565/3031 2886/2897/3035
f 2422/2848/2999 2886/3569/3035 3185/3568/3036
f 2886/3569/3035 2441/3572/3034 2887/2903/3037
f 2887/2903/3037 2416/3576/3044 2835/3570/3038
f 2846/2847/2992 3185/3568/3036 2835/3570/3038
f 2441/3572/3034 2888/3574/3040 3186/3573/3039
f 2888/3574/3040 2419/2910/3049 2841/2909/3041
f 3186/3573/3039 2841/2909/3041 2393/2908/3042
f 3186/3573/3039 2834/3575/3043 2416/3576/3044
f 2410/3577/3045 2824/2913/3047 3187/3578/3046
f 2824/2913/3047 2387/2916/3116 2840/2915/3048
f 3187/3578/3046 2840/2915/3048 2419/2910/3049
f 2889/3579/3033 3187/3578/3046 2888/3574/3040
f 2460/2917/2463 2688/2917/2465 3188/3580/3050
f 2442/2917/2469 2890/2965/3052 3188/3580/3050
f 2890/2965/3052 2404/3600/3058 2811/3582/3053
f 2952/3581/3051 3188/3580/3050 2811/3582/3053
f 2689/3583/2470 3189/2962/3055 2890/2964/3052
f 2461/2929/2475 2953/3584/3056 3189/2962/3055
f 2953/3584/3056 2382/3601/3072 2812/3585/3057
f 3189/2962/3055 2812/3585/3057 2404/3586/3058
f 2380/2930/3054 2811/3582/3053 3190/3587/3059
f 2811/3582/3053 2404/3600/3058 2894/3588/3061
f 3190/3587/3059 2894/3588/3061 2443/3589/3062
f 2805/2932/3060 3190/3587/3059 2891/3590/3063
f 2401/3591/3064 2891/3590/3063 3191/3592/3065
f 2891/3590/3063 2443/3589/3062 2892/3594/3067
f 3191/3592/3065 2892/3594/3067 2403/3562/3027
f 2806/3593/3066 3191/3592/3065 2810/2939/3014
f 2893/3596/3068 3192/3598/3070 2892/3594/3067
f 2402/3597/3069 2808/3599/3071 3192/3598/3070
f 2808/3599/3071 2383/3564/2978 2809/2891/3029
f 3192/3598/3070 2809/2891/3029 2403/3562/3027
f 2812/3585/3057 3193/3602/3073 2894/3588/3061
f 2382/3601/3072 2807/3603/3074 3193/3602/3073
f 2807/3603/3074 2402/3597/3069 2893/3596/3068
f 3193/3602/3073 2893/3596/3068 2443/3589/3062
f 2474/2948/2493 2690/2950/2495 3194/3604/3075
f 2690/2950/2495 2444/2955/2500 2895/3606/3077
f 3194/3604/3075 2895/3606/3077 2430/2953/3078
f 2960/3605/3076 3194/3604/3075 2861/3607/3079
f 2444/2955/2501 2691/2957/2503 3195/2956/3081
f 2691/2957/2503 2464/2960/2507 2956/3609/3083
f 3195/2956/3081 2956/3609/3083 2392/3538/2993
f 2895/3606/3082 3195/2956/3081 2862/3610/3084
f 2692/3611/2508 3196/3612/3086 2953/3584/3056
f 2445/2923/2512 2896/3613/3087 3196/3612/3086
f 2896/3613/3087 2407/3616/3092 2817/3585/3088
f 3196/3612/3086 2817/3585/3088 2382/3601/3072
f 2693/2919/2513 3197/3614/3089 2896/3613/3087
f 2462/2917/2518 2954/2969/3090 3197/3614/3089
f 2954/2969/3090 2395/2988/3103 2818/3615/3091
f 3197/3614/3089 2818/3615/3091 2407/3616/3092
f 2817/3585/3088 3198/3617/3093 2807/3603/3074
f 2407/3586/3092 2900/2972/3094 3198/3617/3093
f 2900/2972/3094 2446/2976/3096 2897/3618/3095
f 3198/3617/3093 2897/3618/3095 2402/3597/3069
f 2897/3618/3095 3199/3619/3097 2808/3599/3071
f 2446/2976/3096 2898/3620/3098 3199/3619/3097
f 2898/3620/3098 2406/3622/2979 2816/2974/2976
f 3199/3619/3097 2816/2974/2976 2383/3564/2978
f 2899/2977/3099 3200/3621/3101 2898/3620/3098
f 2405/2982/3100 2814/2981/3102 3200/3621/3101
f 2814/2981/3102 2385/2854/3030 2815/2980/2997
f 3200/3621/3101 2815/2980/2997 2406/3622/2979
f 2818/3615/3091 3201/3623/3104 2900/2983/3094
f 2395/2988/3103 2813/3624/3105 3201/3623/3104
f 2813/3624/3105 2405/3629/3100 2899/2986/3099
f 3201/3623/3104 2899/2986/3099 2446/2984/3096
f 2821/2989/3106 3202/3626/3108 2813/3624/3105
f 2821/2989/3106 2409/2994/3117 2904/3625/3107
f 3202/3626/3108 2904/3625/3107 2447/3627/3109
f 3202/3626/3108 2901/3628/3110 2405/3629/3100
f 2901/3628/3110 3203/3631/3112 2814/2995/3102
f 2901/3628/3110 2447/3627/3109 2902/3630/3111
f 3203/3631/3112 2902/3630/3111 2410/3577/3045
f 2814/2995/3102 3203/3631/3112 2823/3632/3032
f 2447/3627/3109 2903/3634/3114 3204/3633/3113
f 2903/3634/3114 2408/3638/3121 2820/3635/3115
f 3204/3633/3113 2820/3635/3115 2387/2916/3116
f 2902/3630/3111 3204/3633/3113 2824/2913/3047
f 2409/2994/3117 2822/3005/3119 3205/3636/3118
f 2822/3005/3119 2396/3007/3134 2819/3637/3120
f 3205/3636/3118 2819/3637/3120 2408/3638/3121
f 2904/3625/3107 3205/3636/3118 2903/3634/3114
f 2961/3639/3122 3206/3640/3123 2666/3008/2548
f 2417/2840/2987 2836/3641/2994 3206/3640/3123
f 2836/3641/2994 2392/3538/2993 2956/2959/3083
f 3206/3640/3123 2956/2959/3083 2464/2960/2507
f 2957/3015/3124 3207/3017/3125 2667/3014/2552
f 2391/2888/2989 2837/3535/2988 3207/3017/3125
f 2837/3535/2988 2417/2840/2987 2961/3639/3122
f 3207/3017/3125 2961/3639/3122 2475/3010/2550
f 2528/3019/2556 2803/3021/2558 3208/3020/3126
f 2803/3021/2558 2509/3026/2561 2998/3643/3128
f 3208/3020/3126 2998/3643/3128 2507/3024/3129
f 3033/3642/3127 3208/3020/3126 3044/3023/2958
f 2905/3645/3130 3209/3030/3131 2695/3027/2562
f 2418/3557/3021 2838/3032/3026 3209/3030/3131
f 2838/3032/3026 2391/3881/2989 2957/3031/3124
f 3209/3030/3131 2957/3031/3124 2465/3016/2554
f 2958/3033/3132 3210/3646/3133 2696/3029/2566
f 2390/3035/3023 2839/2881/3022 3210/3646/3133
f 2839/2881/3022 2418/3557/3021 2905/3645/3130
f 3210/3646/3133 2905/3645/3130 2448/3029/2564
f 2396/3007/3134 2832/3037/3136 3211/3647/3135
f 2832/3037/3136 2415/3041/3149 2909/3040/3137
f 3211/3647/3135 2909/3040/3137 2449/3039/3138
f 2819/3637/3120 3211/3647/3135 2906/3648/3139
f 2408/3638/3121 2906/3648/3139 3212/3042/3140
f 2906/3648/3139 2449/3039/3138 2907/3649/3141
f 3212/3042/3140 2907/3649/3141 2414/3044/3142
f 2820/3635/3115 3212/3042/3140 2830/3043/3143
f 2449/3039/3138 2908/3047/3145 3213/3650/3144
f 2908/3047/3145 2413/3051/3153 2828/3651/3146
f 3213/3650/3144 2828/3651/3146 2394/3049/3147
f 2907/3649/3141 3213/3650/3144 2831/3048/3148
f 2415/3052/3149 2833/3653/3151 3214/3652/3150
f 2833/3653/3151 2397/3058/3213 2829/3654/3152
f 3214/3652/3150 2829/3654/3152 2413/3051/3153
f 2909/3055/3137 3214/3652/3150 2908/3056/3145
f 2387/3059/3116 2830/3061/3143 3215/3060/3154
f 2830/3061/3143 2414/3065/3142 2913/3656/3155
f 2913/3656/3155 2450/3658/3157 2910/3657/3156
f 2840/3062/3048 3215/3060/3154 2910/3657/3156
f 2910/3657/3156 3216/3659/3158 2841/3066/3041
f 2450/3658/3157 2911/3660/3159 3216/3659/3158
f 2911/3660/3159 2423/3074/3166 2849/3070/3160
f 3216/3659/3158 2849/3070/3160 2393/3068/3042
f 2912/3661/3161 3217/3663/3163 2911/3660/3159
f 2411/3662/3162 2825/3664/3164 3217/3663/3163
f 2825/3664/3164 2389/3882/3259 2848/3076/3165
f 3217/3663/3163 2848/3076/3165 2423/3074/3166
f 2831/3079/3148 3218/3665/3167 2913/3656/3155
f 2394/3049/3147 2826/3666/3168 3218/3665/3167
f 2826/3666/3168 2411/3662/3162 2912/3661/3161
f 3218/3665/3167 2912/3661/3161 2450/3658/3157
f 2856/3083/3169 3219/3668/3173 2959/3667/3170
f 2427/3089/3172 2914/3088/3174 3219/3668/3173
f 2914/3088/3174 2452/3093/2615 2698/3087/2611
f 3219/3668/3173 2698/3087/2611 2473/3085/2609
f 2855/3669/3175 3220/3671/3176 2914/3090/3174
f 2395/3097/3103 2954/3096/3090 3220/3671/3176
f 2954/3096/3090 2462/2917/2518 2699/3095/2617
f 3220/3671/3176 2699/3095/2617 2452/3093/2615
f 2386/3098/3177 2858/3100/3180 3221/3672/3178
f 2858/3100/3180 2428/3105/3190 2918/3104/3181
f 3221/3672/3178 2918/3104/3181 2453/3673/3182
f 2851/3101/3179 3221/3672/3178 2915/3674/3183
f 2424/3106/3184 2915/3674/3183 3222/3675/3185
f 2915/3674/3183 2453/3673/3182 2916/3676/3187
f 2916/3676/3187 2427/3670/3172 2856/3110/3169
f 3222/3675/3185 2856/3110/3169 2384/3108/3171
f 2917/3677/3188 3223/3113/3189 2916/3676/3187
f 2409/3115/3117 2821/3114/3106 3223/3113/3189
f 2821/3114/3106 2395/3097/3103 2855/3669/3175
f 3223/3113/3189 2855/3669/3175 2427/3670/3172
f 2428/3105/3190 2857/3117/3192 3224/3678/3191
f 2857/3117/3192 2396/3119/3134 2822/3118/3119
f 3224/3678/3191 2822/3118/3119 2409/3115/3117
f 2918/3104/3181 3224/3678/3191 2917/3677/3188
f 2700/3121/2635 3225/3124/3194 2852/3120/3193
f 2478/3127/2641 2963/3679/3195 3225/3124/3194
f 2963/3679/3195 2429/3683/3201 2859/3680/3196
f 3225/3124/3194 2859/3680/3196 2388/3123/3197
f 2668/3128/2642 3226/3681/3198 2963/3679/3195
f 2463/3133/2647 2955/3682/3199 3226/3681/3198
f 2955/3682/3199 2397/3058/3213 2860/3131/3200
f 3226/3681/3198 2860/3131/3200 2429/3683/3201
f 2388/3123/3197 2859/3680/3196 3227/3134/3202
f 2429/3683/3201 2922/3691/3212 3227/3134/3202
f 3227/3134/3202 2922/3691/3212 2454/3684/3204
f 2854/3135/3203 3227/3134/3202 2919/3685/3205
f 2426/3686/3206 2919/3685/3205 3228/3687/3207
f 2919/3685/3205 2454/3684/3204 2920/3688/3209
f 3228/3687/3207 2920/3688/3209 2428/3143/3190
f 2853/3230/3208 3228/3687/3207 2858/3142/3180
f 2454/3684/3204 2921/3146/3211 3229/3690/3210
f 2921/3146/3211 2415/3052/3149 2832/3149/3136
f 3229/3690/3210 2832/3149/3136 2396/3148/3134
f 2920/3688/3209 3229/3690/3210 2857/3147/3192
f 2860/3131/3200 3230/3150/3214 2922/3691/3212
f 2397/3058/3213 2833/3899/3151 3230/3150/3214
f 3230/3150/3214 2833/3899/3151 2415/3052/3149
f 2922/3691/3212 3230/3150/3214 2921/3146/3211
f 2398/3608/3080 2861/3607/3079 3231/3692/3215
f 2861/3607/3079 2430/2953/3078 2926/3157/3217
f 3231/3692/3215 2926/3157/3217 2455/3156/3218
f 3231/3692/3215 2923/3693/3219 2438/3694/3220
f 2923/3695/3219 3232/3698/3222 2876/3696/3221
f 2455/3165/3218 2924/3164/3223 3232/3698/3222
f 2924/3164/3223 2431/3884/3235 2863/3699/3224
f 3232/3698/3222 2863/3699/3224 2399/3161/3225
f 2455/3156/3226 2925/3701/3229 3233/3700/3227
f 2925/3701/3229 2416/2907/3044 2834/3171/3043
f 2834/3171/3043 2393/2908/3042 2864/3170/3230
f 3233/3700/3227 2864/3170/3230 2431/3168/3231
f 2430/3172/3085 2862/3174/3084 3234/3702/3232
f 2862/3174/3084 2392/3177/2993 2835/3176/3038
f 3234/3702/3232 2835/3176/3038 2416/2907/3044
f 2926/3175/3233 3234/3702/3232 2925/3701/3229
f 2863/3703/3224 3235/3706/3236 2875/3704/3234
f 2431/3168/3235 2930/3707/3237 3235/3706/3236
f 2930/3707/3237 2456/3190/3241 2927/3183/3238
f 3235/3706/3236 2927/3183/3238 2437/3708/3239
f 2927/3183/3238 3236/3710/3242 2874/3709/3240
f 2456/3190/3241 2928/3711/3243 3236/3710/3242
f 2928/3711/3243 2432/3192/3255 2865/3188/3244
f 3236/3710/3242 2865/3188/3244 2400/3186/3245
f 2929/3191/3246 3237/3712/3249 2928/3711/3247
f 2929/3191/3246 2423/3196/3166 2848/3195/3165
f 2848/3195/3165 2389/3885/3259 2866/3194/3250
f 3237/3712/3249 2866/3194/3250 2432/3192/3251
f 2864/3170/3230 3238/3713/3253 2930/3197/3252
f 2393/2908/3042 2849/3201/3160 3238/3713/3253
f 2849/3201/3160 2423/3196/3166 2929/3200/3246
f 3238/3713/3253 2929/3200/3246 2456/3198/3248
f 2865/3203/3244 3239/3714/3256 2873/3202/3254
f 2432/3208/3255 2964/3207/3257 3239/3714/3256
f 2964/3207/3257 2482/3210/3465 2702/3206/2705
f 3239/3714/3256 2702/3206/2705 2436/3204/2703
f 2866/3209/3250 3240/3715/3260 2964/3207/3258
f 2389/3214/3259 2827/3716/3261 3240/3715/3260
f 2827/3716/3261 2412/3886/3466 2703/3212/2711
f 3240/3715/3260 2703/3212/2711 2482/3210/2709
f 2871/3216/3262 3241/3717/3266 2852/3215/3263
f 2435/3222/3265 2965/3718/3267 3241/3717/3266
f 2965/3718/3267 2483/3224/2723 2705/3220/2719
f 3241/3717/3266 2705/3220/2719 2425/3218/2717
f 2872/3223/3268 3242/3225/3269 2965/3718/3267
f 2400/3203/3245 2873/3202/3254 3242/3225/3269
f 2873/3202/3254 2436/3204/2703 2706/3226/2725
f 3242/3225/3269 2706/3226/2725 2483/3224/2723
f 2386/3689/3270 2869/3720/3274 3243/3228/3271
f 2434/3233/3273 2934/3232/3275 3243/3228/3271
f 2934/3232/3275 2457/3724/3280 2931/3721/3276
f 2853/3719/3272 3243/3228/3271 2931/3721/3276
f 2426/3722/3277 2931/3721/3276 3244/3234/3278
f 2457/3724/3280 2932/3237/3281 3244/3234/3278
f 2932/3237/3281 2435/3887/3265 2871/3236/3262
f 3244/3234/3278 2871/3236/3262 2388/3123/3264
f 2933/3725/3282 3245/3728/3283 2932/3726/3281
f 2437/3245/3239 2874/3729/3240 3245/3728/3283
f 2874/3729/3240 2400/3888/3245 2872/3243/3268
f 3245/3728/3283 2872/3243/3268 2435/3241/3265
f 2870/3247/3284 3246/3249/3285 2934/3730/3275
f 2399/3161/3225 2875/3704/3234 3246/3249/3285
f 2875/3704/3234 2437/3245/3239 2933/3725/3282
f 3246/3249/3285 2933/3725/3282 2457/3727/3280
f 2384/3084/3286 2867/3732/3290 3247/3251/3287
f 2433/3256/3289 2938/3733/3291 3247/3251/3287
f 2938/3733/3291 2458/3735/3296 2935/3734/3292
f 2850/3253/3288 3247/3251/3287 2935/3734/3292
f 2424/3257/3293 2935/3734/3292 3248/3258/3294
f 2458/3735/3296 2936/3260/3297 3248/3258/3294
f 2936/3260/3297 2434/3233/3273 2869/3720/3274
f 2851/3259/3295 3248/3258/3294 2869/3720/3274
f 2937/3736/3298 3249/3737/3299 2936/3262/3297
f 2438/3697/3220 2876/3696/3221 3249/3737/3299
f 2876/3696/3221 2399/3161/3225 2870/3247/3284
f 3249/3737/3299 2870/3247/3284 2434/3731/3273
f 2868/3738/3300 3250/3269/3301 2938/3739/3291
f 2398/3740/3080 2877/3741/3216 3250/3269/3301
f 2877/3741/3216 2438/3697/3220 2937/3736/3298
f 3250/3269/3301 2937/3736/3298 2458/3264/3296
f 2473/3270/2758 2708/3272/2760 3251/3742/3302
f 2708/3272/2760 2459/3274/2763 2939/3743/3304
f 3251/3742/3302 2939/3743/3304 2433/3256/3289
f 2959/3667/3303 3251/3742/3302 2867/3732/3290
f 2459/3274/2763 2709/3276/2765 3252/3744/3305
f 2709/3276/2765 2474/2948/2493 2960/3746/3076
f 3252/3744/3305 2960/3746/3076 2398/3740/3080
f 2939/3745/3304 3252/3744/3305 2868/3738/3300
f 2522/3279/2962 3042/3281/2961 3253/3747/3306
f 3042/3281/2961 2513/3284/2960 3012/3749/3308
f 3253/3747/3306 3012/3749/3308 2512/3305/3309
f 3023/3748/3307 3253/3747/3306 3041/3750/2966
f 3034/3285/3310 3254/3286/3312 2801/3029/2770
f 2520/3289/3311 3043/3288/3313 3254/3286/3312
f 3043/3288/3313 2390/3889/3023 2958/3287/3132
f 3254/3286/3312 2958/3287/3132 2466/3029/2568
f 2524/3290/2776 2795/3292/2778 3255/3752/3314
f 2795/3292/2778 2460/2917/2463 2952/3581/3051
f 3255/3752/3314 2952/3581/3051 2380/2930/3054
f 3026/3753/3315 3255/3752/3314 3035/3294/3316
f 2487/3295/3318 2941/3297/3321 3256/3755/3319
f 2941/3297/3321 2471/3302/3468 2968/3301/3322
f 3256/3755/3319 2968/3301/3322 2470/3300/3323
f 2981/3298/3320 3256/3755/3319 2973/3299/3324
f 2488/3303/3325 2973/3299/3324 3257/3756/3326
f 2470/3300/3323 2967/3308/3328 3257/3756/3326
f 2967/3308/3328 2472/3757/3332 2974/3307/3329
f 3257/3756/3326 2974/3307/3329 2489/3305/3330
f 2974/3307/3329 3258/3758/3333 2979/3309/3331
f 2472/3757/3332 2966/3313/3334 3258/3758/3333
f 2966/3313/3334 2468/3320/3338 2940/3759/3335
f 3258/3758/3333 2940/3759/3335 2486/3310/3336
f 2940/3759/3335 3259/3760/3339 2978/3389/3337
f 2468/3320/3338 2969/3761/3340 3259/3760/3339
f 2969/3761/3340 2451/3817/3408 2975/3762/3341
f 3259/3760/3339 2975/3762/3341 2490/3328/3342
f 2976/3322/3343 3260/3765/3347 2995/3763/3344
f 2976/3322/3343 2471/3302/3469 2941/3327/3346
f 3260/3765/3347 2941/3327/3346 2487/3766/3348
f 3260/3765/3347 2950/3767/3349 2491/3768/3350
f 2490/3328/3342 2986/3771/3353 3261/3769/3351
f 2986/3771/3353 2493/3376/3470 2982/3772/3354
f 3261/3769/3351 2982/3772/3354 2494/3773/3355
f 2949/3770/3352 3261/3769/3351 2977/3774/3356
f 2505/3775/3358 3014/3777/3361 3262/3776/3359
f 3014/3777/3361 2481/3800/3391 2948/3778/3362
f 3262/3776/3359 2948/3778/3362 2476/3376/3357
f 3005/3315/3360 3262/3776/3359 3013/3007/3363
f 3016/3779/3365 3263/3783/3369 3000/3780/3366
f 2479/3782/3368 2942/3784/3370 3263/3783/3369
f 2942/3784/3370 2484/3284/3375 3017/3785/3371
f 3263/3783/3369 3017/3785/3371 2514/3284/3372
f 2514/3284/3372 3017/3788/3371 3264/3786/3373
f 2484/3787/3375 2945/3809/3403 3264/3786/3373
f 3264/3786/3373 2945/3809/3403 2480/3390/3376
f 3011/3749/3374 3264/3786/3373 3015/3390/3377
f 2525/3789/3379 3036/3792/3382 3265/3790/3380
f 3036/3792/3382 2401/3591/3064 2806/3593/3066
f 3265/3790/3380 2806/3593/3066 2381/3595/3012
f 3028/3791/3381 3265/3790/3380 3039/3546/3003
f 2521/3548/3007 3040/3547/3006 3266/3793/3383
f 3040/3547/3006 2420/2860/3005 2842/3364/3019
f 3266/3793/3383 2842/3364/3019 2390/3363/3023
f 3019/3794/3384 3266/3793/3383 3043/3362/3313
f 2769/3795/2852 3267/3797/3386 2997/3796/3385
f 2477/3370/2856 2947/3798/3387 3267/3797/3386
f 2947/3798/3387 2479/3782/3368 3016/3779/3365
f 3267/3797/3386 3016/3779/3365 2508/3781/3367
f 2511/3395/3378 3015/3353/3377 3268/3799/3388
f 3015/3353/3377 2480/3807/3376 2944/3394/3390
f 3268/3799/3388 2944/3394/3390 2481/3337/3391
f 3008/3394/3389 3268/3799/3388 3014/3800/3361
f 2977/3774/3356 3269/3802/3393 2951/3801/3392
f 2494/3773/3355 2983/3803/3394 3269/3802/3393
f 2983/3803/3394 2495/3832/3467 2715/3378/2864
f 3269/3802/3393 2715/3378/2864 2485/3290/2862
f 2739/3381/2867 3270/3805/3396 2994/3804/3395
f 2467/3386/2871 2962/3806/3397 3270/3805/3396
f 2962/3806/3397 2471/3891/3469 2976/3384/3343
f 3270/3805/3396 2976/3384/3343 2497/3764/3345
f 2481/3800/3391 2971/3777/3399 3271/3778/3398
f 2486/3310/3336 2978/3315/3337 3271/3778/3398
f 2978/3315/3337 2490/3316/3342 2949/3376/3352
f 2948/3778/3362 3271/3778/3398 2949/3376/3352
f 2480/3807/3376 2946/3395/3401 3272/3799/3400
f 2489/3395/3330 2979/3394/3331 3272/3799/3400
f 2979/3394/3331 2486/3337/3336 2971/3310/3399
f 2944/3394/3390 3272/3799/3400 2971/3310/3399
f 2943/3808/3402 3273/3810/3404 2945/3809/3403
f 2488/3303/3325 2980/3306/3327 3273/3810/3404
f 3273/3810/3404 2980/3306/3327 2489/3305/3330
f 2945/3809/3403 3273/3810/3404 2946/3390/3401
f 2972/3811/3405 3274/3814/3406 2942/3812/3370
f 2487/3766/3318 2981/3403/3320 3274/3814/3406
f 2981/3403/3320 2488/3303/3325 2943/3808/3402
f 3274/3814/3406 2943/3808/3402 2484/3787/3375
f 2987/3815/3407 3275/3819/3410 2975/3816/3341
f 2496/3818/3409 2985/3339/3411 3275/3819/3410
f 2985/3339/3411 2493/3376/3470 2986/3771/3353
f 2975/3816/3341 3275/3819/3410 2986/3771/3353
f 2469/3410/2885 2734/3412/2887 3276/3820/3412
f 2734/3412/2887 2492/3415/2890 2984/3822/3414
f 3276/3820/3412 2984/3822/3414 2496/3818/3409
f 2970/3821/3413 3276/3820/3412 2987/3815/3407
f 2950/3767/3349 3277/3824/3416 2993/3823/3415
f 2487/3766/3348 2972/3811/3417 3277/3824/3416
f 2972/3811/3417 2479/3813/3421 2988/3825/3418
f 3277/3824/3416 2988/3825/3418 2499/3418/3419
f 2988/3825/3418 3278/3827/3422 2992/3826/3420
f 2479/3782/3421 2947/3900/3471 3278/3827/3422
f 3278/3827/3422 2947/3900/3471 2477/3370/2900
f 2992/3826/3420 3278/3827/3422 2736/3828/2898
f 2991/3428/3423 3279/3830/3426 2983/3803/3424
f 2499/3418/3419 2992/3826/3420 3279/3830/3426
f 3279/3830/3426 2992/3826/3420 2500/3829/2908
f 3279/3830/3426 2741/3831/3427 2495/3832/2906
f 2989/3833/3428 3280/3834/3431 2982/3376/3429
f 2491/3768/3350 2993/3823/3415 3280/3834/3431
f 2993/3823/3415 2499/3418/3419 2991/3835/3423
f 3280/3834/3431 2991/3835/3423 2494/3007/3425
f 2723/3836/2914 3281/3838/3433 2984/3837/3432
f 2498/3382/2868 2994/3804/3395 3281/3838/3433
f 2994/3804/3395 2497/3764/3345 2990/3839/3434
f 3281/3838/3433 2990/3839/3434 2496/3818/3435
f 2990/3839/3434 3282/3840/3437 2985/3339/3436
f 2497/3764/3345 2995/3763/3344 3282/3840/3437
f 2995/3763/3344 2491/3768/3350 2989/3833/3428
f 3282/3840/3437 2989/3833/3428 2493/3376/3430
f 2996/3446/3438 3283/3841/3439 2997/3425/3385
f 2996/3446/3438 2507/3024/3129 2998/3025/3128
f 3283/3841/3439 2998/3025/3128 2509/3026/2561
f 3283/3841/3439 2748/3026/3440 2510/3016/2853
f 2514/3284/3372 2999/3785/3442 3284/3842/3441
f 2999/3785/3442 2513/3284/2960 3001/3453/2959
f 3284/3842/3441 3001/3453/2959 2507/2810/3129
f 3000/3843/3366 3284/3842/3441 2996/3452/3438
f 2503/3454/2925 2753/3290/2927 3285/3844/3443
f 2753/3290/2927 2504/3454/2388 3004/3476/2975
f 3285/3844/3443 3004/3476/2975 2502/3119/3011
f 3002/3476/3444 3285/3844/3443 3003/3318/3445
f 2501/3474/3364 3003/3318/3445 3286/3845/3446
f 3003/3318/3445 2502/3316/3011 3007/3847/3010
f 3286/3845/3446 3007/3847/3010 2506/3775/2968
f 3005/3846/3360 3286/3845/3446 3006/3466/3447
f 2505/3466/3358 3006/3310/3447 3287/3391/3448
f 3006/3310/3447 2506/3466/2968 3010/3309/2967
f 3287/3391/3448 3010/3309/2967 2512/3395/3309
f 3008/3393/3389 3287/3391/3448 3009/3395/3449
f 2511/3305/3378 3009/3850/3449 3288/3848/3450
f 3009/3850/3449 2512/3305/3309 3012/3849/3308
f 3288/3848/3450 3012/3849/3308 2513/2808/2960
f 3011/3849/3374 3288/3848/3450 2999/3284/3442
f 2501/3474/3364 3013/3007/3363 3289/3851/3451
f 3013/3007/3363 2476/3340/3357 2951/3801/3392
f 3289/3851/3451 2951/3801/3392 2485/3290/2862
f 3002/3476/3444 3289/3851/3451 2766/3290/2937
f 2520/3477/3311 3018/3854/3453 3290/3852/3452
f 3018/3854/3453 2519/3644/2955 3021/3855/2957
f 3290/3852/3452 3021/3855/2957 2522/3279/2962
f 3019/3853/3384 3290/3852/3452 3020/3856/3454
f 2518/2811/2963 3022/3860/3456 3291/3858/3455
f 3022/3860/3456 2517/2855/3000 3024/3545/3002
f 3291/3858/3455 3024/3545/3002 2521/3548/3007
f 3023/3859/3307 3291/3858/3455 3020/3861/3454
f 2516/3862/3317 3025/3865/3458 3292/3863/3457
f 3025/3865/3458 2515/3554/2971 3027/3866/2973
f 3292/3863/3457 3027/3866/2973 2523/3454/2947
f 3026/3864/3315 3292/3863/3457 2781/3290/2946
f 2517/3867/3000 3022/3485/3456 3293/3495/3459
f 3022/3485/3456 2518/3512/2963 3030/3498/2965
f 3293/3495/3459 3030/3498/2965 2526/3516/2970
f 3028/3358/3381 3293/3495/3459 3029/3868/3460
f 2515/3554/2971 3025/3871/3458 3294/3870/3461
f 3025/3871/3458 2516/3754/3317 3032/3872/3462
f 3294/3870/3461 3032/3872/3462 2525/3789/3379
f 3031/3551/3009 3294/3870/3461 3029/3873/3460
f 2519/3644/2955 3018/3876/3453 3295/3875/3463
f 3018/3876/3453 2520/3477/3311 3034/3508/3310
f 3295/3875/3463 3034/3508/3310 2527/3019/2772
f 3033/3022/3127 3295/3875/3463 2789/3019/2953
f 2516/3754/3317 3035/3294/3316 3296/3877/3464
f 3035/3294/3316 2380/2930/3054 2805/2932/3060
f 3296/3877/3464 2805/2932/3060 2401/3591/3064
f 3032/3872/3462 3296/3877/3464 3036/3792/3382
